# .PCD v0.7 - Point Cloud Data file format
VERSION 0.7
FIELDS x y z
SIZE 4 4 4
TYPE F F F
COUNT 1 1 1
WIDTH 3155
HEIGHT 1
VIEWPOINT 0 0 0 1 0 0 0
POINTS 3155
DATA ascii
-52.485298 -90.05233 -3.8851242
-52.426411 -88.695816 -3.8404064
-52.375572 -87.381325 -3.7973344
-52.311371 -86.072144 -3.7543192
-52.233536 -84.767746 -3.7113338
-52.212357 -83.580711 -3.6733201
-52.136059 -81.223061 -3.5975525
-52.09684 -80.076813 -3.5608745
-52.031708 -78.913162 -3.5232596
-52.083424 -77.946632 -3.4943094
-51.9981 -76.794678 -3.4569063
-51.962502 -75.736923 -3.4222424
-52.031281 -74.848503 -3.3964608
-52.027679 -73.872025 -3.3665733
-51.987843 -72.861664 -3.3350031
-51.940727 -71.858963 -3.3036332
-51.928871 -70.92189 -3.2751396
-52.764668 -64.235542 -1.0206411
-51.94313 -70.035728 -3.2488744
-52.814983 -63.498394 -1.0140587
-51.955624 -69.161583 -3.2230518
-52.731838 -62.612957 -1.0050666
-51.881912 -68.188141 -3.1924634
-52.703156 -61.80521 -0.99727297
-51.898335 -67.348145 -3.1679854
-52.63369 -60.96212 -0.98886156
-51.892776 -66.493057 -3.1426818
-51.896072 -65.662582 -3.1184223
-52.652302 -59.491898 -0.97542119
-52.631489 -58.73819 -0.96834034
-51.819614 -63.937065 -3.0664463
-52.541431 -57.918659 -0.96012658
-51.782833 -63.096252 -3.0413024
-52.543556 -57.211613 -0.95373249
-51.801399 -62.33493 -3.0198708
-52.569366 -56.539406 -0.97664011
-51.773033 -61.547058 -3.0199311
-52.488804 -55.762688 -0.96876854
-51.69442 -60.693687 -2.993566
-52.463924 -55.055439 -0.9620561
-51.819935 -60.090183 -2.9794266
-52.466904 -54.386429 -0.95597321
-51.751122 -59.271107 -2.954504
-52.425503 -53.680397 -0.94919956
-51.694954 -58.478607 -2.9307566
-52.415855 -53.0158 -0.94311726
-51.693535 -57.758923 -2.9105296
-52.378826 -52.332169 -0.93665564
-51.646774 -56.998985 -2.8881502
-52.345757 -51.661224 -0.93037814
-51.702084 -56.361111 -2.8718498
-52.355862 -51.040844 -0.92497385
-51.672318 -55.639427 -2.8511789
-52.292374 -50.356884 -0.91837615
-51.658787 -54.944859 -2.8317764
-52.339172 -49.78661 -0.91381562
-51.639927 -54.253853 -2.8124409
-52.323334 -49.163528 -0.9082551
-51.625263 -53.576286 -2.7936852
-52.307087 -48.547413 -0.90278518
-51.652428 -52.950359 -2.7775211
-52.263 -47.912941 -0.8969332
-51.578079 -52.229122 -2.7562377
-52.269047 -47.331505 -0.8920359
-51.601231 -51.615231 -2.740499
-52.263268 -46.745846 -0.88702548
-51.550724 -50.935772 -2.7211666
-52.263485 -46.171947 -0.85623032
-51.554352 -50.303261 -2.7158349
-52.22784 -45.572945 -0.85104907
-51.575459 -49.70977 -2.7008278
-52.232147 -45.015186 -0.84660238
-51.537113 -49.066395 -2.6830025
-52.201939 -44.433865 -0.84167773
-51.559071 -48.487679 -2.668607
-52.180515 -43.866337 -0.83697665
-51.517326 -47.856155 -2.6511979
-52.214619 -43.350998 -0.83324134
-51.538055 -47.289623 -2.6372821
-52.153145 -42.762104 -0.82805759
-51.541908 -46.71389 -2.6227624
-52.197105 -42.265244 -0.82462245
-51.479214 -46.0849 -2.6051335
-52.099762 -41.659748 -0.81903082
-51.488331 -45.527046 -2.591409
-52.17701 -41.199219 -0.81625575
-51.463928 -44.945827 -2.576252
-52.135231 -40.64938 -0.81168485
-51.405842 -44.342049 -2.5596757
-52.047573 -40.083073 -0.82246643
-51.435909 -43.815613 -2.5391955
-52.085831 -39.605778 -0.81921524
-51.451782 -43.287167 -2.5268195
-52.155445 -39.155987 -0.81651592
-51.416119 -42.72113 -2.5121469
-52.096821 -38.614426 -0.81187344
-51.373016 -42.15517 -2.4973557
-52.027573 -38.070709 -0.80000788
-51.467632 -41.707005 -2.4545412
-52.074486 -37.616611 -0.79716498
-51.364109 -41.103561 -2.43753
-52.025578 -37.097618 -0.79422075
-51.397373 -40.615372 -2.478399
-52.08749 -36.661751 -0.79171681
-51.375839 -40.08873 -2.4654527
-52.477962 -45.238419 -4.3015184
-52.010555 -36.132412 -0.77688432
-51.374004 -39.582565 -2.416791
-52.422894 -44.633194 -4.2823563
-52.028034 -35.673241 -0.77386117
-51.38839 -39.09351 -2.4061377
-52.3125 -43.988407 -4.2512093
-51.969574 -35.166321 -0.78069031
-51.315365 -38.543167 -2.3901126
-52.26342 -43.402508 -4.228209
-51.93644 -34.681217 -0.77698112
-51.343925 -38.074097 -2.3805165
-52.213913 -42.822796 -4.2028666
-51.98027 -34.251213 -0.76364255
-51.329617 -37.577541 -2.3705924
-52.171669 -42.255375 -4.1758389
-51.905338 -33.746899 -0.75948536
-51.291775 -37.068596 -2.3582957
-52.163849 -41.721619 -4.1546445
-51.958412 -33.32962 -0.7572552
-51.267876 -36.574554 -2.3468342
-52.10379 -41.151909 -4.1296716
-51.9655 -32.885868 -0.75440341
-51.233761 -36.077911 -2.3350949
-52.092808 -40.626705 -4.1089659
-51.878937 -32.386997 -0.76569021
-51.239243 -35.613491 -2.3449821
-52.110565 -40.128773 -4.0891619
-51.875374 -31.944098 -0.76273036
-51.243057 -35.151794 -2.3352416
-51.983738 -39.525372 -4.060102
-51.833138 -31.481091 -0.75925487
-51.299297 -34.72942 -2.3280497
-52.045364 -39.070591 -4.0461144
-51.847588 -31.05599 -0.756661
-51.22411 -34.222042 -2.3150642
-51.970387 -38.518005 -4.0218363
-51.806103 -30.600788 -0.75330108
-51.223278 -33.768749 -2.3056185
-51.966377 -38.023247 -4.0033956
-51.763885 -30.148952 -0.74998307
-51.256165 -33.341057 -2.2978473
-51.946907 -37.521797 -3.9840839
-51.75882 -29.722191 -0.7472533
-51.23848 -32.883919 -2.287966
-51.951988 -37.042511 -3.9669666
-51.823372 -29.337896 -0.74557233
-51.147827 -32.384365 -2.275002
-51.87986 -36.513 -3.9442768
-51.749256 -28.87809 -0.74194276
-51.200932 -31.979576 -2.2685933
-51.894852 -36.049442 -3.9285257
-51.769051 -28.473982 -0.73970765
-51.223289 -31.558289 -2.2609618
-51.883099 -35.571301 -3.9110394
-51.725487 -28.038019 -0.73661315
-51.178841 -31.099302 -2.2505343
-51.861477 -35.090637 -3.8931055
-51.68832 -27.608885 -0.73365754
-51.217426 -30.694033 -2.243907
-51.846554 -34.618675 -3.8759661
-51.689579 -27.20323 -0.73129243
-51.198147 -30.257063 -2.2348862
-51.753483 -34.099262 -3.8532937
-51.689636 -26.799551 -0.728953
-51.130966 -29.795572 -2.2239311
-51.721817 -33.625092 -3.8355024
-51.667431 -26.387056 -0.7263428
-51.198902 -29.415823 -2.2189937
-51.766171 -33.203831 -3.8236105
-51.645016 -25.97731 -0.7237733
-51.159176 -28.976931 -2.2095242
-51.738255 -32.739605 -3.8066387
-51.681625 -25.599594 -0.71569204
-51.162014 -28.561424 -2.1710708
-51.708241 -32.278 -3.7904708
-51.659077 -25.194868 -0.71322548
-51.135532 -28.136492 -2.16258
-51.653927 -31.80534 -3.7721133
-51.592026 -24.771463 -0.71018785
-51.119598 -27.720461 -2.1546721
-51.678635 -31.384874 -3.7597833
-52.7141 -35.177437 0.77893633
-51.618225 -24.395441 -0.70847464
-51.101486 -27.306221 -2.146806
-51.647182 -30.933594 -3.7436156
-52.778439 -34.754234 0.77672142
-51.549564 -23.97715 -0.70549959
-51.131035 -26.920008 -2.1410677
-51.656162 -30.509882 -3.7306266
-52.734825 -34.263489 0.77297097
-51.554913 -23.595951 -0.70357811
-51.095791 -26.502308 -2.1327422
-51.620823 -30.063307 -3.7146816
-52.700241 -33.782963 0.76941115
-51.589706 -23.230082 -0.70209438
-51.064274 -26.089598 -2.1247048
-51.585777 -29.620518 -3.6990113
-52.687763 -33.320606 0.76622951
-51.547619 -22.831749 -0.69960183
-51.124165 -25.725861 -2.1205888
-51.561008 -29.187078 -3.6843238
-52.66909 -32.858116 0.76301152
-51.500542 -22.433933 -0.70329505
-51.055965 -25.300142 -2.106132
-51.533203 -28.755251 -3.6689973
-52.614925 -32.377533 0.75933439
-51.494858 -22.05653 -0.70135605
-51.062981 -24.914541 -2.1000757
-51.583088 -28.369438 -3.6600866
-52.6619 -31.962616 0.7571677
-51.564899 -21.713062 -0.69429368
-51.040829 -24.517145 -2.0980549
-51.542496 -27.936571 -3.645633
-52.582661 -31.474659 0.75323743
-51.552002 -21.336178 -0.69234419
-51.040264 -24.132565 -2.0919056
-51.544846 -27.530006 -3.6337826
-52.541687 -31.013826 0.7499103
-51.67873 -21.018152 -0.69230109
-51.068535 -23.763628 -2.0870488
-51.510632 -27.106827 -3.6195765
-52.554855 -30.588333 0.74740535
-51.643299 -20.635359 -0.69011724
-51.011337 -23.357313 -2.0788147
-51.490036 -26.69385 -3.6065519
-52.562168 -30.16235 0.74486327
-51.712601 -20.295979 -0.68936616
-51.015297 -22.981527 -2.0731902
-51.497498 -26.298073 -3.5957043
-52.516712 -29.709412 0.74162179
-51.621223 -19.895454 -0.6865077
-51.05151 -22.622057 -2.0689821
-51.440678 -25.87236 -3.5805852
-52.49704 -29.274538 0.73879337
-51.650715 -19.543671 -0.68706894
-50.95974 -22.211847 -2.0854547
-51.457291 -25.486319 -3.5739243
-52.489834 -28.849728 0.73618692
-51.681416 -19.193605 -0.68589777
-51.023506 -21.868073 -2.0825336
-51.500416 -25.115345 -3.566149
-14.802505 -5.3919535 1.3785366
-52.488091 -28.430834 0.733702
-14.784595 -5.3877535 -0.19577359
-51.033073 -21.502499 -2.0775001
-51.475433 -24.713354 -3.5538516
-14.78874 -5.3882256 -1.7710172
-14.792082 -5.3849368 -3.3821156
-14.794609 -5.3958421 -5.0628586
-14.782001 -5.2819757 1.3735826
-52.458542 -27.999878 0.73087353
-14.775761 -5.2820587 -0.19522375
-50.976181 -21.111158 -2.0698719
-51.506245 -24.340399 -3.5456007
-14.775253 -5.2808442 -1.7654884
-14.772528 -5.275394 -3.3701804
-14.774131 -5.2858896 -5.0446563
-14.771477 -5.1762285 1.3696278
-52.450123 -27.583212 0.72838444
-14.785694 -5.1835141 -0.19493109
-51.029903 -20.767511 -2.0668402
-51.376751 -23.894669 -3.5265274
-14.772787 -5.1779613 -1.7613641
-14.757039 -5.1679893 -3.359349
-14.770741 -5.1826653 -5.0325456
-14.763541 -5.0719566 1.3659806
-52.451416 -27.174362 0.72607327
-14.769862 -5.0764198 -0.19430807
-51.00621 -20.393967 -2.0607731
-51.384289 -23.51577 -3.5170741
-14.765654 -5.0739498 -1.7567686
-14.78944 -5.0776768 -3.3595693
-14.765355 -5.0792398 -5.0199971
-14.754805 -4.9679475 1.3623263
-52.394566 -26.738411 0.72300148
-14.748529 -4.9681125 -0.19362272
-51.001484 -20.029991 -2.055578
-51.423786 -23.15329 -3.5099874
-14.768456 -4.9738059 -1.753438
-14.77184 -4.9705224 -3.3485799
-14.762393 -4.9771333 -5.008513
-14.75367 -4.866981 1.3594385
-52.376392 -26.325321 0.72050816
-14.768735 -4.8742232 -0.19349171
-51.001511 -19.669655 -2.0506761
-51.398998 -22.763855 -3.4986956
-14.771021 -4.8739624 -1.7501587
-14.760685 -4.8661499 -3.3392196
-14.778947 -4.8819313 -5.0038719
-14.770387 -4.7722044 1.3582551
-52.324677 -25.898392 0.71759719
-14.762118 -4.7717957 -0.19010007
-50.923824 -19.281593 -2.0368345
-51.40699 -22.391111 -3.4881215
-14.76176 -4.7706685 -1.7499281
-14.774982 -4.7705536 -3.3357692
-14.760336 -4.7755337 -4.987555
-14.739848 -4.6626496 1.3527904
-52.3741 -25.523968 0.71611363
-14.762574 -4.6720924 -0.18973321
-50.937641 -18.93029 -2.0327029
-51.383476 -22.006763 -3.477298
-14.755789 -4.6689386 -1.7457912
-14.755575 -4.664506 -3.324863
-14.750041 -4.6724205 -4.9742951
-14.812001 -5.3961606 2.579345
-14.757273 -4.5687432 1.3517914
-14.799064 -5.3881822 0.98200351
-52.332642 -25.107569 0.71342683
-14.764868 -4.5733399 -0.19230539
-14.781718 -5.3904343 -0.59025532
-51.4743 -21.672861 -3.476073
-14.785201 -4.5786333 -1.7415563
-14.792159 -5.3862076 -2.1684501
-14.755319 -4.5650311 -3.3184311
-14.783612 -5.380445 -3.7923498
-14.741741 -4.5704527 -4.9619455
-14.762696 -5.3811007 -5.4874053
-14.786132 -5.2841954 2.5691454
-14.766033 -4.4723544 1.3500546
-14.767725 -5.2743735 0.97775805
-52.25766 -24.678291 0.71032691
-14.769685 -4.475698 -0.19200681
-14.77078 -5.283988 -0.58851272
-51.432476 -21.28467 -3.4643638
-14.761612 -4.4722528 -1.7355126
-14.759948 -5.2721314 -2.1589451
-14.780525 -4.4736433 -3.3178642
-14.781314 -5.2771254 -3.7833827
-14.750616 -4.4741826 -4.9555984
-14.770725 -5.2815814 -5.47824
-14.771418 -5.1769471 2.5610213
-14.767649 -4.3741002 1.347723
-14.771217 -5.1736469 0.97586906
-52.253792 -24.285463 0.70823544
-14.759035 -4.3737764 -0.19151586
-14.775978 -5.1838031 -0.58744144
-51.382072 -20.89547 -3.4522676
-14.75456 -4.3714557 -1.7314974
-14.774295 -5.1752586 -2.1563582
-14.776107 -4.373517 -3.3107858
-14.777313 -5.1736894 -3.7741621
-14.774936 -4.3827462 -4.9546413
-14.777869 -5.1820884 -5.4689932
-14.753498 -5.0692377 2.5524735
-14.77669 -4.2783327 1.346127
-14.771878 -5.0723362 0.97383809
-52.278454 -23.907963 0.70656812
-14.748591 -4.2724152 -0.19103658
-14.771982 -5.0808225 -0.58603209
-51.352417 -20.517128 -3.441752
-14.747347 -4.2710638 -1.7275428
-14.772281 -5.0730062 -2.1514804
-14.755774 -4.2692037 -3.3002985
-14.759225 -5.0659103 -3.7615323
-14.761365 -4.280354 -4.9411898
-14.762301 -5.0751314 -5.4516053
-14.798167 -4.9832816 2.5548637
-14.738533 -4.1694417 1.3402952
-14.781947 -4.9746103 0.97247136
-52.279984 -23.521866 0.70462483
-14.745517 -4.1736269 -0.19066143
-14.768435 -4.978476 -0.58466846
-51.324341 -20.141603 -3.4315224
-14.741898 -4.1716161 -1.7238736
-14.746481 -4.963203 -2.1432471
-14.775957 -4.1769619 -3.2990181
-14.766217 -4.9672432 -3.7554758
-14.758788 -4.1816068 -4.9316459
-14.779612 -4.9798899 -5.4466109
-14.788419 -4.8791747 2.5479636
-14.753694 -4.0761261 1.3393741
-14.786233 -4.875257 0.97076702
-52.239056 -23.119101 0.70214808
-14.74141 -4.074934 -0.19028147
-14.763988 -4.8762989 -0.5832969
-51.37545 -19.798746 -3.4267526
-14.78066 -4.0847974 -1.7254429
-14.782206 -4.8744559 -2.1440518
-14.776978 -4.0795026 -3.2935951
-14.778421 -4.8706145 -3.7509081
-14.765738 -4.0858693 -4.925498
-14.767442 -4.8750968 -5.4310002
-14.753139 -4.7669969 2.5232787
-14.760452 -3.9806747 1.3377451
-14.766927 -4.7774487 0.96595228
-52.221542 -22.74522 0.68694079
-14.78078 -3.9883568 -0.18773589
-14.762705 -4.7756162 -0.57861698
-51.293663 -19.406599 -3.4116092
-14.740067 -3.9763911 -1.7139344
-14.750986 -4.7640095 -2.1387675
-14.741501 -3.9725289 -3.2801931
-14.773579 -4.7687278 -3.7421823
-14.762689 -3.9876707 -4.9162259
-14.773976 -4.7769237 -5.4225216
-14.793303 -4.679924 2.5251892
-14.761087 -3.8838449 1.3356177
-14.78164 -4.6822133 0.9650172
-52.20023 -22.35589 0.68484312
-14.753942 -3.8841538 -0.18708877
-14.773964 -4.679317 -0.57792205
-51.321983 -19.058155 -3.4056504
-14.767939 -3.8868597 -1.7143697
-14.768166 -4.6696863 -2.1370637
-14.768371 -3.8827302 -3.2808092
-14.757125 -4.66363 -3.7306955
-14.738801 -3.8843427 -4.9002414
-14.787029 -4.6811237 -5.4166679
-14.77534 -4.5746989 2.5172839
-14.802006 -5.3999915 2.1673508
-14.772632 -3.790118 1.3345327
-14.764021 -4.5771437 0.96201533
-14.778042 -5.3876243 0.58738703
-52.189739 -21.973417 0.68292373
-14.75841 -3.7886519 -0.18869889
-14.767324 -4.5777049 -0.57552069
-14.798154 -5.3921309 -0.98016995
-14.761764 -3.7885375 -1.7109221
-14.767896 -4.5701184 -2.1291461
-14.760616 -5.3818021 -2.5635147
-14.776078 -3.7879798 -3.2772963
-14.776566 -4.5702419 -3.7284505
-14.794433 -5.3940115 -4.2084994
-14.743466 -3.7889788 -4.8939705
-14.753845 -4.571209 -5.394136
-14.786714 -5.3833346 -5.9356928
-14.789589 -4.4798512 2.514981
-14.782813 -5.2904396 2.1597466
-14.765266 -3.6918201 1.3317961
-14.772745 -4.480679 0.96077424
-14.783251 -5.2869864 0.58629364
-52.261169 -21.626944 0.68210906
-14.748678 -3.689847 -0.18828145
-14.761188 -4.4767127 -0.57420027
-14.774998 -5.2812257 -0.97647142
-14.750192 -3.6892543 -1.7069252
-14.765286 -4.4702225 -2.1247752
-14.773061 -5.2838702 -2.5599968
-14.773926 -3.690969 -3.271734
-14.769297 -4.4688878 -3.7196274
-14.76869 -5.2821879 -4.1918778
-14.775771 -3.7007804 -4.8970642
-14.75969 -4.473949 -5.3861351
-14.78159 -5.2789755 -5.9205213
-14.79187 -4.3816352 2.5107498
-14.789001 -5.1905098 2.1559567
-14.769142 -3.5966475 1.33013
-14.765132 -4.3796201 0.95851326
-14.777967 -5.1830449 0.58481181
-52.317169 -21.275074 0.68112332
-14.765116 -3.5978374 -0.18820593
-14.747393 -4.373899 -0.57260883
-14.784457 -5.1825228 -0.9749766
-14.761673 -3.5960293 -1.7056683
-14.750842 -4.3672252 -2.1188004
-14.780286 -5.1843843 -2.5556884
-14.743083 -3.5873005 -3.2599678
-14.757301 -4.3666 -3.7097888
-14.772141 -5.1814094 -4.1837544
-14.757358 -3.6000848 -4.8835483
-14.760498 -4.3754849 -5.3765311
-14.762516 -5.1702509 -5.900064
-14.773165 -4.2776709 2.5030723
-14.789939 -5.0891285 2.1515009
-14.759606 -3.4985325 1.3273129
-14.755487 -4.2784324 0.95616496
-14.779584 -5.0819869 0.58363074
-52.404572 -20.936819 0.68057585
-14.761358 -3.5011113 -0.18788067
-14.761225 -4.2796383 -0.57211554
-14.769985 -5.0759025 -0.97194993
-14.758592 -3.4994886 -1.702799
-14.762924 -4.2724586 -2.1167307
-14.773753 -5.0805058 -2.5491204
-14.785521 -3.5016742 -3.264539
-14.793333 -4.2787209 -3.7121768
-14.760261 -5.075748 -4.1714902
-14.761639 -3.5053043 -4.8777552
-14.770291 -4.2799726 -5.3704309
-14.778511 -5.0742669 -5.8939018
-14.774565 -4.1799922 2.4989166
-14.77503 -4.9828181 2.1448441
-14.782697 -3.4083414 1.3274838
-14.768962 -4.1842718 0.9553563
-14.791229 -4.984715 0.58287179
-52.479572 -20.594282 0.679896
-14.751617 -3.4033315 -0.18748736
-14.76032 -4.1813674 -0.57107532
-14.751058 -4.9684086 -0.96868002
-14.753135 -3.4027183 -1.6997284
-14.755287 -4.1723008 -2.1119251
-14.772622 -4.9789658 -2.543606
-14.747272 -3.3971894 -3.2514303
-14.74427 -4.1666651 -3.6933801
-14.775368 -4.9797735 -4.1670456
-14.760321 -3.4094539 -4.8703156
-14.768888 -4.1815085 -5.3604908
-14.775643 -4.9721432 -5.8804798
-14.793421 -4.0874629 2.497817
-14.7721 -4.8810873 2.1400306
-14.767959 -3.3096447 1.3243115
-14.752821 -4.0820789 0.95267403
-14.744509 -4.8684301 0.57984263
-52.507771 -20.234436 0.67864001
-14.742241 -3.3060296 -0.18710683
-14.756694 -4.0826964 -0.56995505
-14.7751 -4.8757696 -0.96827602
-14.75769 -3.3085332 -1.6978824
-14.750416 -4.0733466 -2.1076107
-14.765283 -4.8758087 -2.5371432
-14.747805 -3.3021519 -3.2470195
-14.763762 -4.0745173 -3.6919303
-14.765011 -4.8756018 -4.1556091
-14.744806 -3.3107035 -4.8584018
-14.757611 -4.0806742 -5.347209
-14.763292 -4.8673491 -5.8635674
-14.761793 -3.9813952 2.4883051
-14.770458 -4.780221 2.1355033
-14.759406 -3.2127459 1.3217518
-14.750549 -3.9841766 0.95093077
-14.763581 -4.7744646 0.57942963
-52.670738 -19.926931 0.6791532
-14.753881 -3.2136877 -0.18700078
-14.767357 -3.9882631 -0.56941098
-14.769357 -4.7735829 -0.96596181
-14.76579 -3.2153227 -1.6965123
-14.750921 -3.9762366 -2.1041572
-14.740388 -4.7674809 -2.5277913
-14.750593 -3.2078588 -3.2432384
-14.769457 -3.9787252 -3.6871803
-14.746045 -4.7691936 -4.1419568
-14.76273 -3.2197077 -4.8577065
-14.752615 -3.9820137 -5.3364449
-14.769837 -4.7692313 -5.854434
-14.77506 -3.8878789 2.4864731
-14.774558 -4.6815939 2.1319027
-14.779634 -3.1222906 1.3218228
-14.767729 -3.8917518 0.950481
-14.778448 -4.679307 0.57887542
-52.757717 -19.590651 0.67871195
-14.751278 -3.1184387 -0.18672174
-14.757847 -3.888696 -0.56811351
-14.761561 -4.6712217 -0.96355921
-14.750996 -3.1174238 -1.692583
-14.747834 -3.8784964 -2.1002824
-14.777403 -4.679491 -2.5291672
-14.782156 -3.1198561 -3.245908
-14.76342 -3.8800969 -3.6796601
-14.774483 -4.6784501 -4.1418033
-14.76621 -3.1256816 -4.8524494
-14.778076 -3.8917623 -5.3369164
-14.775065 -4.6710043 -5.8450356
-14.767621 -3.7891889 2.4812565
-14.771217 -4.5809922 2.1313853
-14.797714 -5.3989177 1.7774836
-14.766191 -3.024924 1.3189358
-14.767598 -3.7949665 0.94895601
-14.75635 -4.5728793 0.57689977
-14.77425 -5.3832374 0.18963772
-14.756454 -3.025063 -0.1865488
-14.757158 -3.7918334 -0.56718063
-14.784111 -4.5787554 -0.96317923
-14.791048 -5.3926854 -1.3774915
-14.741571 -3.02106 -1.6893429
-14.747746 -3.781878 -2.0969257
-14.750856 -4.5716906 -2.5197752
-14.779958 -5.3937206 -2.9729149
-14.777394 -3.02426 -3.2407267
-14.789241 -3.7900238 -3.6802301
-14.754391 -4.5726695 -4.1282277
-14.785767 -5.3972311 -4.6286516
-14.772346 -3.0323985 -4.8482599
-14.769825 -3.7928321 -5.3254318
-14.77564 -4.5716543 -5.8340564
-14.760837 -3.6910641 2.4762647
-14.762669 -4.4792328 2.1261458
-14.807745 -5.2998519 1.7747487
-14.741077 -2.9256506 1.3150643
-14.750208 -3.6941686 0.9463641
-14.764524 -4.4763055 0.57613468
-14.794568 -5.2880378 0.18947846
-14.759423 -2.9314203 -0.18635543
-14.763849 -3.6971323 -0.5665552
-14.768339 -4.4747481 -0.96034473
-14.767312 -5.2816033 -1.372237
-14.763747 -2.9313276 -1.689791
-14.757333 -3.6879823 -2.0950317
-14.760938 -4.4757295 -2.5167587
-14.770003 -5.2876186 -2.9643309
-14.75504 -2.9254744 -3.2318268
-14.771189 -3.6889606 -3.6700358
-14.7662 -4.4772105 -4.1237679
-14.761395 -5.2859187 -4.6107817
-14.74861 -2.9333336 -4.8344717
-14.769414 -3.6962807 -5.3170056
-14.766248 -4.469656 -5.8194089
-14.797153 -5.2926388 -6.3829455
-14.772449 -3.5978034 2.4744678
-14.763764 -4.3808193 2.1183488
-14.738549 -5.1732888 1.7626176
-14.775837 -2.8384275 1.3165866
-14.77927 -3.605221 0.94679159
-14.757552 -4.3755035 0.57480425
-14.768865 -5.1768746 0.18873888
-14.749813 -2.8355508 -0.1860109
-14.778622 -3.6046112 -0.56626272
-14.75792 -4.3729062 -0.9579044
-14.786325 -5.1862926 -1.3710208
-14.735173 -2.8317893 -1.6845001
-14.7739 -3.5959554 -2.0942121
-14.755952 -4.3755345 -2.5112834
-14.74644 -5.1773257 -2.9531703
-14.771883 -2.8347247 -3.2316451
-14.760158 -3.5901356 -3.6617529
-14.768394 -4.3791089 -4.1167989
-14.76525 -5.1853065 -4.6019611
-14.770288 -2.843544 -4.8357673
-14.762653 -3.598479 -5.3065233
-14.764438 -4.3703961 -5.8080177
-14.776873 -5.1833372 -6.3603578
-14.769655 -3.5012639 2.4703548
-14.775161 -4.2857366 2.1161709
-14.760345 -5.0794296 1.7614636
-14.740333 -2.7379332 1.3119015
-14.755428 -3.5036213 0.94386923
-14.755402 -4.276546 0.57368761
-14.787696 -5.0818076 0.18857749
-14.758922 -2.7435045 -0.18590997
-14.774544 -3.5077136 -0.56527114
-14.749505 -4.2721429 -0.95563877
-14.762856 -5.07655 -1.3659307
-14.755342 -2.7418928 -1.6848506
-14.758363 -3.4963942 -2.0889289
-14.768486 -4.2808428 -2.5088992
-14.761171 -5.0809774 -2.9498215
-14.769035 -2.7403286 -3.2272832
-14.764158 -3.4952989 -3.657356
-14.77593 -4.2828856 -4.1114964
-14.776012 -5.0874567 -4.5954995
-14.770398 -2.7496858 -4.8301883
-14.76615 -3.5034857 -5.299953
-14.755561 -4.269474 -5.7941113
-14.777661 -5.0819998 -6.3471556
-14.770684 -3.4059205 2.466985
-14.785012 -4.1904187 2.1138594
-14.77098 -4.9819341 1.7590517
-14.771092 -2.6499906 1.3131672
-14.775416 -3.4127328 0.9437905
-14.752035 -4.1776223 0.57254928
-14.764717 -4.9728289 0.18789181
-14.759769 -2.6500731 -0.18571232
-14.753455 -3.4072158 -0.56365383
-14.761019 -4.1774793 -0.95470589
-14.729863 -4.9643474 -1.3600341
-14.748658 -2.6471348 -1.6822013
-14.758965 -3.4010317 -2.0860212
-14.769191 -4.1829824 -2.5046113
-14.763256 -4.9805918 -2.9440756
-14.750402 -2.6433566 -3.2196066
-14.782344 -3.4039586 -3.6566184
-14.761599 -4.1807222 -4.1002932
-14.751367 -4.9779401 -4.578248
-14.755819 -2.6533988 -4.8200059
-14.762121 -3.4069891 -5.2909036
-14.762147 -4.1733928 -5.7865329
-14.770234 -4.9783101 -6.3307261
-14.773121 -3.3111494 2.4639523
-14.768065 -4.0878892 2.1078105
-14.779922 -4.8841529 1.7565147
-14.762112 -2.5549862 1.3109504
-14.7589 -3.3136609 0.94141901
-14.766002 -4.0838766 0.57210797
-14.768796 -4.8735089 0.18755963
-14.783278 -2.5607626 -0.18580693
-14.779161 -3.3177657 -0.56384748
-14.747959 -4.076211 -0.95222563
-14.774951 -4.8787942 -1.3614074
-14.750635 -2.5541663 -1.6806074
-14.759596 -3.3059375 -2.0832043
-14.768866 -4.0851693 -2.5002582
-14.749496 -4.8753543 -2.9353108
-14.774196 -2.5541573 -3.2213185
-14.756049 -3.3026936 -3.6450324
-14.768476 -4.0849514 -4.0951648
-14.780686 -4.8870239 -4.5779552
-14.763651 -2.5613909 -4.8173394
-14.764987 -3.3123617 -5.2845473
-14.773855 -4.0789742 -5.7812033
-14.764881 -4.8758245 -6.3154898
-14.764438 -3.2145307 2.4618769
-14.778728 -3.9933755 2.1056502
-14.774235 -4.7798982 1.7483147
-14.769892 -2.4630885 1.3102744
-14.746337 -3.2075777 0.9409585
-14.769922 -3.9875655 0.57130116
-14.768687 -4.76898 0.19052
-14.75563 -2.462815 -0.18563843
-14.778086 -3.2215028 -0.56042451
-14.76114 -3.9825251 -0.95072627
-14.781528 -4.7796187 -1.3585509
-14.766844 -2.4637456 -1.6858964
-14.758438 -3.2115364 -2.0759001
-14.752997 -3.9834981 -2.4951787
-14.774704 -4.7784238 -2.9327347
-14.773273 -2.4607382 -3.2177644
-14.733757 -3.2033699 -3.6329954
-14.740248 -3.9799423 -4.0804882
-14.764084 -4.7812419 -4.5636406
-14.760091 -2.4675782 -4.8111467
-14.755445 -3.2152555 -5.2739716
-14.763635 -3.9788218 -5.7681847
-14.748166 -4.7744675 -6.2896881
-17.057465 -2.7452056 7.0153532
-14.775805 -3.1221697 2.4605315
-14.770189 -3.8939819 2.1009898
-14.781828 -4.6823583 1.7457806
-14.762162 -2.3687985 1.3082749
-14.743667 -3.1123755 0.93955183
-14.7545 -3.8864298 0.56977153
-14.766562 -4.6684361 0.19011949
-14.7492 -2.3688178 -0.18537118
-14.779725 -3.1269925 -0.55974853
-14.779675 -3.8903968 -0.95036477
-14.778258 -4.6785989 -1.3555863
-14.757449 -2.3692043 -1.6831325
-14.76491 -3.1181834 -2.07408
-14.752279 -3.8863449 -2.4909773
-14.769666 -4.6768861 -2.9259832
-14.744997 -2.3631377 -3.2083871
-14.747779 -3.1117778 -3.6316762
-14.751083 -3.8859172 -4.0768108
-14.78054 -4.6865654 -4.5597529
-14.740444 -2.3714132 -4.7999091
-14.757642 -3.1210079 -5.2678127
-14.751536 -3.8786321 -5.7540517
-14.775953 -4.6834941 -6.2891645
-16.944706 -2.6204975 6.9622335
-17.078421 -2.6397884 5.0957441
-16.986107 -2.6188977 3.2436678
-14.777652 -3.0279584 2.4576988
-14.765741 -3.7960656 2.0970044
-14.772796 -4.5799494 1.7413622
-14.762045 -2.2759585 1.3070021
-14.763656 -3.0220904 0.93962622
-14.770641 -3.7939165 0.56948513
-14.782975 -4.5740433 0.18996587
-14.766663 -2.2787683 -0.18541142
-14.755636 -3.0274248 -0.55812216
-14.767129 -3.7903612 -0.9480446
-14.758032 -4.5727572 -1.3511318
-14.778793 -2.2797022 -1.6839398
-14.762072 -3.0230865 -2.0710368
-14.766432 -3.7933347 -2.4893901
-14.762163 -4.5750403 -2.9188805
-14.781419 -2.2760375 -3.213213
-14.767487 -3.0214109 -3.6318958
-14.770115 -3.794168 -4.0755591
-14.778381 -4.5862775 -4.5503192
-14.749036 -2.2800446 -4.7980609
-14.769101 -3.0288775 -5.2651696
-14.773034 -3.7875259 -5.7532635
-14.778119 -4.5845852 -6.2779942
-16.938034 -2.5131488 6.9530263
-17.058867 -2.5296931 5.0851827
-16.959879 -2.5084147 3.2356594
-14.798287 -2.9376905 2.4580865
-14.759113 -3.6979659 2.0928011
-14.781227 -4.483336 1.7390803
-14.791027 -2.1875992 1.308355
-14.775704 -2.9302125 0.9392311
-14.763644 -3.6957045 0.56833029
-14.749714 -4.4647708 0.18918285
-14.760061 -2.1851125 -0.18515669
-14.779088 -2.9378533 -0.55831689
-14.767527 -3.6940312 -0.9465971
-14.759392 -4.4741087 -1.3487175
-14.749403 -2.1826003 -1.6790334
-14.764539 -2.9293153 -2.0688221
-14.770195 -3.6978421 -2.4861524
-14.749941 -4.4722414 -2.9109828
-14.742897 -2.1775858 -3.201874
-14.765017 -2.9266331 -3.6268034
-14.762813 -3.6958818 -4.0672107
-14.757277 -4.4806447 -4.5352712
-14.754219 -2.1882379 -4.795289
-14.753664 -2.931494 -5.2531557
-14.774084 -3.691334 -5.7447429
-14.765964 -4.4816785 -6.2610302
-16.956551 -2.4096565 6.9544263
-17.129889 -2.4329019 5.1018076
-17.020098 -2.4106979 3.2442651
-14.771308 -2.8382404 2.450666
-14.764321 -3.6031373 2.0903652
-14.758649 -4.3777814 1.7332309
-14.739242 -2.0876055 1.3026166
-14.77856 -2.8366489 0.93828857
-14.765062 -3.5999312 0.5675239
-14.772366 -4.3728619 0.18912569
-14.777211 -2.0950751 -0.18520708
-14.755569 -2.8391745 -0.55675977
-14.767467 -3.5978806 -0.94516039
-14.76615 -4.3774095 -1.3468553
-14.76355 -2.0922046 -1.6791508
-14.758928 -2.8341906 -2.0655603
-14.771598 -3.6020212 -2.4826214
-14.723248 -4.3656845 -2.9003737
-14.770212 -2.0890968 -3.2049623
-14.774547 -2.8344178 -3.624804
-14.755961 -3.5980964 -4.059164
-14.773007 -4.3866005 -4.5317478
-14.756693 -2.0961499 -4.7918229
-14.769412 -2.8405342 -5.2524576
-14.768792 -3.5938807 -5.7340031
-14.764695 -4.382535 -6.2489719
-17.056789 -2.3172243 6.9895749
-17.175558 -2.3253067 3.2711165
-14.790163 -2.7478709 2.4509509
-14.775687 -3.5099909 2.0888858
-14.751081 -4.2772384 1.7292274
-14.761121 -1.9983933 1.3034421
-14.765721 -2.7403545 0.93638825
-14.752112 -3.5010171 0.56618977
-14.759708 -4.270792 0.18862458
-14.776104 -2.0025094 -0.18503572
-14.755566 -2.7453918 -0.55611354
-14.769489 -3.5025115 -0.94389659
-14.764503 -4.278543 -1.344285
-14.752612 -1.9983945 -1.6764805
-14.776105 -2.7435899 -2.0655694
-14.773861 -3.5066736 -2.4793389
-14.772491 -4.2818508 -2.9048438
-14.770086 -1.9967166 -3.2022161
-14.763865 -2.7385538 -3.6179926
-14.761485 -3.5036247 -4.0546932
-14.771558 -4.2877197 -4.5231471
-14.744616 -2.0022159 -4.7838211
-14.766415 -2.7461102 -5.2453003
-14.757991 -3.4954774 -5.721374
-14.778292 -4.2880812 -6.2434731
-14.763125 -2.6492405 2.4437304
-14.776145 -3.4144561 2.0859494
-14.74511 -4.1775975 1.7254899
-14.774725 -1.9079918 1.3035849
-14.759503 -2.645623 0.93494684
-14.760699 -3.407521 0.56570619
-14.74539 -4.1687694 0.18811116
-14.787633 -1.911745 -0.18667898
-14.768308 -2.654114 -0.55461365
-14.762048 -3.4052112 -0.94189775
-14.763279 -4.1801682 -1.3413415
-14.7615 -1.9074363 -1.6709628
-14.764648 -2.6478498 -2.0625427
-14.758924 -3.4076042 -2.4715006
-14.77307 -4.1839294 -2.9017749
-14.756344 -1.9027352 -3.196645
-14.774175 -2.6467988 -3.6164711
-14.748187 -3.4050138 -4.0452251
-14.779475 -4.191865 -4.5176105
-14.761806 -1.9123781 -4.7855015
-14.76585 -2.652375 -5.2392201
-14.772489 -3.403321 -5.7187762
-14.778751 -4.1900721 -6.2309031
-14.776147 -2.5580938 2.4432418
-14.747758 -3.3127069 2.0790334
-14.757035 -4.0833282 1.7239209
-14.76368 -1.8145375 1.3016037
-14.772125 -2.5544341 0.93473589
-14.771448 -3.3146691 0.56532806
-14.748999 -4.0722251 0.18783489
-14.755492 -1.8156096 -0.18612908
-14.751265 -2.5577166 -0.55337381
-14.769809 -3.3116865 -0.94107866
-14.769626 -4.0842423 -1.3396159
-14.749295 -1.8139191 -1.66829
-14.763303 -2.5542102 -2.0601265
-14.776022 -3.3161881 -2.4709098
-14.775104 -4.0867434 -2.8971941
-14.752979 -1.8103447 -3.1934497
-14.745998 -2.5484679 -3.6056781
-14.757777 -3.3119822 -4.0422053
-14.787236 -4.0962024 -4.5122151
-14.760703 -1.8202199 -4.7814336
-14.744244 -2.5552065 -5.2258921
-14.755773 -3.3042572 -5.7043481
-14.769609 -4.0897384 -6.2163515
-14.790794 -2.4672523 2.4431145
-14.780765 -3.2249811 2.0808575
-14.755669 -3.9856424 1.720872
-14.780706 -1.7246349 1.3021472
-14.749016 -2.4573305 0.932302
-14.763443 -3.2178538 0.56425542
-14.766954 -3.97983 0.18774901
-14.764948 -1.7248728 -0.18446711
-14.755084 -2.4652185 -0.55429095
-14.762205 -3.2149811 -0.93948925
-14.765612 -3.9857712 -1.3374786
-14.756684 -1.7229803 -1.6730553
-14.76662 -2.461566 -2.0575597
-14.754027 -3.2162914 -2.4656558
-14.775613 -3.9894493 -2.8905256
-14.754705 -1.7187271 -3.1914806
-14.749946 -2.4560397 -3.6028907
-14.76046 -3.2175829 -4.037456
-14.74822 -3.9881206 -4.4927583
-14.754189 -1.7275773 -4.7757993
-14.765476 -2.465663 -5.2279563
-14.787597 -3.2162273 -5.7089295
-14.771174 -3.9927518 -6.2083597
-14.770879 -2.3708689 2.4373758
-14.753119 -3.1242409 2.0742276
-14.774037 -3.893497 1.7201957
-14.763033 -1.6308188 1.2996842
-14.765111 -2.3669932 0.93238372
-14.751405 -3.1205413 0.56305283
-14.770033 -3.8836081 0.18748166
-14.771993 -1.6338835 -0.1844264
-14.766768 -2.3741276 -0.55417222
-14.765913 -3.1210136 -0.93848878
-14.76534 -3.8886564 -1.3352674
-14.763201 -1.6319846 -1.6726272
-14.775177 -2.3699076 -2.0566874
-14.747783 -3.1202638 -2.4613662
-14.737784 -3.882376 -2.8784111
-14.76366 -1.6280165 -3.1911967
-14.749905 -2.3631127 -3.5992713
-14.767324 -3.1242878 -4.0340142
-14.764301 -3.8954115 -4.4902906
-14.780487 -1.6387861 -4.7809668
-14.783099 -2.3754661 -5.2289376
-14.752713 -3.1139617 -5.6879787
-14.760997 -3.8929698 -6.1939259
-17.118223 -2.6504748 6.533474
-14.754531 -2.2754736 2.4355927
-14.768966 -3.0330329 2.0738001
-14.769916 -3.7956445 1.7169718
-14.766931 -1.5395957 1.2991712
-14.764304 -2.2740328 0.93143415
-14.77498 -3.0309384 0.5632323
-14.75815 -3.7838225 0.18726188
-14.745742 -1.5394549 -0.18397726
-14.747099 -2.2782295 -0.55289906
-14.746329 -3.022471 -0.93604779
-14.754615 -3.7891738 -1.3321699
-14.765924 -1.5406367 -1.6718333
-14.771577 -2.2764511 -2.0542033
-14.765574 -3.0294931 -2.4611866
-14.759464 -3.7913945 -2.8780475
-14.761939 -1.5362077 -3.1887271
-14.793071 -2.2770193 -3.6063268
-14.777565 -3.0318432 -4.0316539
-14.769739 -3.8000667 -4.4847684
-14.768571 -1.5457929 -4.7739544
-14.746082 -2.2767909 -5.2108045
-14.755136 -3.0200238 -5.6816611
-14.741898 -3.7913411 -6.1760335
-17.066683 -2.5353644 6.5077419
-17.049885 -2.5217643 4.6043415
-14.777147 -2.1862197 2.4370661
-14.772842 -2.9394822 2.0717728
-14.7619 -3.6971791 1.7133704
-14.763665 -1.447739 1.2980779
-14.772589 -2.1826012 0.93109429
-14.740907 -2.9298103 0.56123751
-14.75839 -3.6875288 0.1869743
-14.756753 -1.4491286 -0.18400024
-14.774376 -2.1897118 -0.55340761
-14.754042 -2.9298358 -0.93537855
-14.761529 -3.6945505 -1.3307223
-14.765304 -1.449044 -1.6707249
-14.759133 -2.1819079 -2.0505722
-14.768198 -2.9357176 -2.458575
-14.77015 -3.6976812 -2.8756526
-14.761853 -1.4446973 -3.1867335
-14.753239 -2.1783047 -3.5932906
-14.767935 -2.9355557 -4.0240369
-14.764077 -3.7021728 -4.4760675
-14.759329 -1.4533288 -4.7679949
-14.771522 -2.1880074 -5.2149515
-14.770532 -2.9288645 -5.6805625
-14.765483 -3.7009649 -6.1762843
-17.098137 -2.4329047 6.5139213
-17.097073 -2.4216378 4.6167378
-14.74653 -2.0893083 2.4265997
-14.789958 -2.8486586 2.0716829
-14.763082 -3.6013544 1.7109107
-14.763822 -1.3563471 1.2973355
-14.773861 -2.0902417 0.93034858
-14.771042 -2.8416986 0.56171036
-14.769557 -3.594182 0.1866041
-14.755766 -1.3576717 -0.1838806
-14.779692 -2.0979035 -0.55311412
-14.762232 -2.8374236 -0.93477643
-14.760319 -3.5981522 -1.3285979
-14.776646 -1.3586692 -1.6710334
-14.762019 -2.0898588 -2.0491529
-14.785008 -2.8448684 -2.4584215
-14.755479 -3.5979414 -2.868444
-14.745035 -1.3517674 -3.1812527
-14.766632 -2.0877824 -3.5933647
-14.757774 -2.8395221 -4.0164452
-14.785563 -3.6112795 -4.4757791
-14.774491 -1.3633415 -4.7701006
-14.756619 -2.0933506 -5.2050576
-14.739393 -2.8288107 -5.6618052
-14.756649 -3.6026628 -6.1632266
-18.499475 -2.5165918 7.0417771
-14.753635 -1.9980496 2.4257061
-14.776698 -2.7521818 2.067421
-14.769452 -3.5070329 1.7091228
-14.740426 -1.2630383 1.2945744
-14.770074 -1.9973425 0.92932087
-14.77065 -2.7477469 0.5610438
-14.758719 -3.4957654 0.18619266
-14.754543 -1.2663103 -0.18376507
-14.758297 -2.0025649 -0.55184317
-14.746316 -2.7406485 -0.93268615
-14.776062 -3.5060794 -1.3280535
-14.752302 -1.2651967 -1.6673713
-14.742647 -1.994922 -2.0447261
-14.757817 -2.7458401 -2.4510524
-14.765709 -3.5045898 -2.8661983
-14.757451 -1.261644 -3.1822014
-14.761226 -1.9947124 -3.5890033
-14.759243 -2.7459998 -4.0121837
-14.760345 -3.509295 -4.4615436
-14.733299 -1.2684184 -4.754199
-14.771539 -2.0030851 -5.2058868
-14.774858 -2.7417295 -5.6688595
-14.773623 -3.510896 -6.161202
-19.045439 -2.471936 7.2436867
-14.768955 -1.9079161 2.4262543
-14.765105 -2.6563876 2.0634797
-14.753937 -3.4078534 1.7048756
-14.755177 -1.1731473 1.2952131
-14.768599 -1.9049419 0.92847514
-14.766887 -2.6534083 0.56027186
-14.75225 -3.3987732 0.18584445
-14.77163 -1.1765182 -0.18388452
-14.756178 -1.910143 -0.55131531
-14.744411 -2.6468039 -0.93152088
-14.758522 -3.4063995 -1.3245734
-14.77159 -1.1755971 -1.6687044
-14.778587 -1.9075199 -2.048049
-14.770394 -2.6545219 -2.4503901
-14.765476 -3.4089689 -2.8620391
-14.75227 -1.170067 -3.179476
-14.771247 -1.9038515 -3.588532
-14.760609 -2.6526542 -4.0080543
-14.768624 -3.4156597 -4.4576268
-14.761472 -1.1796441 -4.7608647
-14.757483 -1.9090384 -5.1967072
-14.763256 -2.6459761 -5.6580715
-14.759078 -3.4119062 -6.1462898
-14.756698 -1.8143471 2.4223661
-14.755957 -2.5613716 2.0599658
-14.748306 -3.3113637 1.7018449
-14.767887 -1.0830171 1.2957212
-14.751925 -1.8108399 0.92671084
-14.768202 -2.5602036 0.55971515
-14.750294 -3.3031447 0.18556097
-14.75956 -1.0844655 -0.18364796
-14.751788 -1.8176174 -0.55072427
-14.73572 -2.5520144 -0.92996502
-14.76847 -3.3133833 -1.3236166
-14.772803 -1.0845178 -1.6680584
-14.778652 -1.8154083 -2.0464756
-14.77336 -2.5615804 -2.4482284
-14.761887 -3.3128676 -2.8573492
-14.765447 -1.0799855 -3.1808279
-14.757581 -1.8101091 -3.5824461
-14.756908 -2.558619 -4.0027113
-14.769004 -3.3204126 -4.451508
-14.761276 -1.0885192 -4.7585578
-14.766084 -1.8181028 -5.1957097
-14.752229 -2.5506747 -5.6477408
-14.774557 -3.320118 -6.1441364
-14.757313 -1.7225721 2.4239352
-14.767712 -2.470166 2.0594523
-14.779061 -3.2231438 1.7030796
-14.756884 -0.99121565 1.2941978
-14.756488 -1.7195588 0.92631727
-14.760455 -2.4656675 0.55883765
-14.763659 -3.2111351 0.18570511
-14.764571 -0.99378997 -0.18410711
-14.775625 -1.7294555 -0.55808944
-14.743831 -2.460336 -0.93032271
-14.755338 -3.2163818 -1.3161068
-14.750437 -0.99192011 -1.663449
-14.774154 -1.7220993 -2.0488727
-14.746217 -2.4637697 -2.4394259
-14.756618 -3.2213526 -2.8540149
-14.746066 -0.98764259 -3.1752875
-14.781202 -1.7205528 -3.587147
-14.748543 -2.4640498 -3.9962661
-14.770496 -3.2256663 -4.4459085
-14.768556 -0.99798429 -4.7588406
-14.761017 -1.7256016 -5.1901035
-14.745956 -2.4565029 -5.638834
-14.759336 -3.2175927 -6.1355028
-14.778542 -1.6331989 2.4257302
-14.765836 -2.3768094 2.0571179
-14.768747 -3.12609 1.6996487
-14.786173 -0.90208292 1.2962567
-14.76088 -1.6283333 0.92594838
-14.758789 -2.3723972 0.55821294
-14.768287 -3.117363 0.18551923
-14.758249 -0.90243489 -0.18395576
-14.747523 -1.6345012 -0.55663872
-14.767159 -2.3711891 -0.93085903
-14.768431 -3.1244411 -1.31554
-14.75251 -0.90116602 -1.6630279
-14.765286 -1.6293039 -2.0462182
-14.766711 -2.374151 -2.4403603
-14.772769 -3.1300399 -2.8533702
-14.768598 -0.89816225 -3.1788929
-14.755437 -1.6258528 -3.5784056
-14.761073 -2.373136 -3.99564
-14.771434 -3.1310377 -4.4403243
-14.756703 -0.90626025 -4.75314
-14.756189 -1.6333214 -5.1847849
-14.76065 -2.3659604 -5.6387949
-14.772875 -3.125716 -6.1330423
-17.088434 -2.640043 6.0363283
-17.118464 -2.6455178 4.1707134
-14.778446 -1.5414623 2.4241164
-14.759551 -2.2829778 2.0542521
-14.755325 -3.0287762 1.6959333
-14.781489 -0.81079423 1.2953855
-14.759419 -1.5365716 0.92524791
-14.771273 -2.2815168 0.55814511
-14.768371 -3.0228467 0.18528381
-14.766022 -0.81200093 -0.18398707
-14.749972 -1.5432171 -0.55636328
-14.770859 -2.2789037 -0.93019336
-14.774709 -3.0311763 -1.3144176
-14.755203 -0.81048858 -1.6627396
-14.759347 -1.5370443 -2.0440495
-14.775628 -2.2826693 -2.4394734
-14.744558 -3.0296507 -2.8442771
-14.76086 -0.80681771 -3.1761019
-14.771539 -1.5359501 -3.5799575
-14.763191 -2.2806399 -3.9923506
-14.781482 -3.038516 -4.4376569
-14.759208 -0.81554401 -4.7522454
-14.762693 -1.5424094 -5.1836467
-14.738286 -2.2697089 -5.624825
-14.766088 -3.0297415 -6.1223917
-17.044785 -2.5263171 6.0153198
-17.030928 -2.5250936 4.1455336
-14.767215 -1.4487517 2.4207704
-14.765552 -2.1912246 2.0531774
-14.77196 -2.9378493 1.6957414
-14.776076 -0.71958894 1.2944999
-14.767504 -1.445876 0.92518109
-14.773216 -2.1890936 0.55770046
-14.754354 -2.92577 0.18487923
-14.749262 -0.72033447 -0.18371971
-14.752501 -1.4520278 -0.55611211
-14.77776 -2.1872213 -0.92976522
-14.764063 -2.9347055 -1.3118439
-14.768184 -0.72034097 -1.6636729
-14.7467 -1.4443182 -2.0410323
-14.747892 -2.1858189 -2.4326339
-14.744999 -2.9355645 -2.8408339
-14.778315 -0.71685129 -3.1788514
-14.7531 -1.4425871 -3.573276
-14.756551 -2.1869946 -3.986851
-14.744616 -2.9367602 -4.4210954
-14.759311 -0.72474056 -4.7507572
-14.752067 -1.4498509 -5.1766939
-14.748647 -2.1787479 -5.6235714
-14.767177 -2.9356575 -6.1152592
-17.10935 -2.428695 6.032733
-17.103392 -2.4286811 4.1594663
-14.772149 -1.3577763 2.4201682
-14.773726 -2.0998738 2.0524838
-14.755911 -2.8406484 1.6918663
-14.785545 -0.62913764 1.2949668
-14.765334 -1.3542496 0.92450714
-14.762821 -2.0950632 0.55681229
-14.748437 -2.8306556 0.18458396
-14.761235 -0.63015521 -0.18381722
-14.772799 -1.3625566 -0.55655164
-14.768516 -2.0933318 -0.92835802
-14.757934 -2.839469 -1.3097265
-14.763761 -0.62934613 -1.6627084
-14.749086 -1.353238 -2.040175
-14.768168 -2.0962999 -2.4338109
-14.741503 -2.8409441 -2.8367486
-14.764961 -0.62541932 -3.1750937
-14.776236 -1.3533703 -3.5768013
-14.768079 -2.0961795 -3.9864154
-14.761081 -2.8459871 -4.4207129
-14.770856 -0.63448215 -4.7531309
-14.769962 -1.3601606 -5.1799479
-14.770551 -2.0894573 -5.6269288
-14.768467 -2.8418279 -6.1084571
-14.758376 -1.2652391 2.4165943
-14.768835 -2.0068064 2.0500548
-14.75391 -2.7464888 1.6896728
-14.759254 -0.53731561 1.292351
-14.76056 -1.26253 0.92370576
-14.764374 -2.0029452 0.55639684
-14.75841 -2.7387865 0.18449499
-14.73482 -0.53847343 -0.18344368
-14.756023 -1.2697475 -0.5556156
-14.756472 -1.9993402 -0.92681229
-14.766895 -2.7473397 -1.309001
-14.758314 -0.53841591 -1.6616917
-14.766455 -1.2635131 -2.0414667
-14.763165 -2.003258 -2.4309151
-14.766784 -2.7519524 -2.8383105
-14.783966 -0.53537053 -3.1784141
-14.765729 -1.2610964 -3.5723176
-14.758759 -2.0025525 -3.9805076
-14.76558 -2.7529957 -4.4169183
-14.74151 -0.54262793 -4.7425275
-14.756878 -1.2676909 -5.172534
-14.762243 -1.995968 -5.6189923
-14.750786 -2.7446737 -6.0940633
-14.773247 -1.1752468 2.4178028
-14.769357 -1.914656 2.0484581
-14.773438 -2.6564395 1.6900107
-14.767687 -0.44690794 1.2928249
-14.767776 -1.1719168 0.92368996
-14.778875 -1.912637 0.5564906
-14.754543 -2.6445236 0.18424033
-14.780727 -0.44935545 -0.18397743
-14.766757 -1.1794393 -0.55573678
-14.758883 -1.9075236 -0.92621118
-14.779159 -2.6559041 -1.3086189
-14.761349 -0.44785044 -1.6616926
-14.776425 -1.1730819 -2.0418112
-14.768249 -1.9117378 -2.4297748
-14.752196 -2.6556776 -2.8323214
-14.756032 -0.44371706 -3.1717637
-14.76101 -1.1695065 -3.5693724
-14.76106 -1.9106998 -3.9778914
-14.767447 -2.659688 -4.4125123
-14.757723 -0.45256877 -4.7467599
-14.777067 -1.1781318 -5.1769786
-14.75508 -1.9028835 -5.6117158
-14.747557 -2.6505556 -6.085896
-14.754066 -1.0826613 2.4135311
-14.776691 -1.8234863 2.0478849
-14.76794 -2.5620079 1.6875515
-14.771508 -0.35631922 1.2929438
-14.759176 -1.080146 0.92272019
-14.742551 -1.8160331 0.55469275
-14.750206 -2.5504336 0.18398729
-14.765281 -0.358219 -0.18375434
-14.776951 -1.089048 -0.55585849
-14.752218 -1.8147033 -0.92507678
-14.765962 -2.5601056 -1.3060348
-14.769193 -0.35739785 -1.6622975
-14.757912 -1.080531 -2.0382986
-14.752657 -1.8177531 -2.4253287
-14.769312 -2.5653002 -2.8325319
-14.766726 -0.35336459 -3.1735368
-14.768492 -1.0789551 -3.5695133
-14.762051 -1.8188033 -3.9750762
-14.759757 -2.5649021 -4.4054284
-14.749459 -0.36174437 -4.743299
-14.758122 -1.0855378 -5.1679111
-14.773061 -1.8131198 -5.6142173
-14.768159 -2.5608163 -6.0877991
-14.77924 -0.99337912 2.4166064
-14.772531 -1.7310177 2.0457976
-14.77448 -2.4698567 1.6865355
-14.755705 -0.26535743 1.2913936
-14.763731 -0.98944443 0.92260796
-14.76638 -1.7270601 0.55518019
-14.767001 -2.4601169 0.18400504
-14.766459 -0.26760051 -0.1837451
-14.768186 -0.99733323 -0.55528814
-14.768476 -1.7247818 -0.92541516
-14.759958 -2.4658737 -1.304141
-14.771462 -0.26677519 -1.6623374
-14.772845 -0.99053282 -2.0394833
-14.756793 -1.7264094 -2.4242215
-14.749462 -2.4687185 -2.8257666
-14.772559 -0.26282087 -3.1743839
-14.751738 -0.98677176 -3.5639334
-14.763858 -1.7271289 -3.9726341
-14.761295 -2.4719579 -4.4012775
-14.761627 -0.27142435 -4.7465868
-14.768726 -0.99524754 -5.1693888
-14.751522 -1.7186664 -5.6019187
-14.754825 -2.4653451 -6.0759516
-14.764555 -0.90142483 2.4132555
-14.773306 -1.6392841 2.0444736
-14.77161 -2.3763044 1.6845118
-14.755601 -0.17479567 1.2912664
-14.757244 -0.89808965 0.92184085
-14.755953 -1.6341249 0.55440068
-14.772407 -2.3679569 0.18388788
-14.765532 -0.17696247 -0.18371661
-14.776423 -0.90684897 -0.55537814
-14.738672 -1.6296964 -0.92290366
-14.745626 -2.3705699 -1.3015649
-14.762119 -0.17600635 -1.6611332
-14.753038 -0.89831036 -2.0359495
-14.772522 -1.6364304 -2.4251103
-14.756684 -2.3769388 -2.8243029
-14.756855 -0.17197438 -3.1707227
-14.769075 -0.89694011 -3.5667255
-14.759455 -1.634876 -3.9686754
-14.775242 -2.3811858 -4.4009967
-14.774527 -0.18098436 -4.7502885
-14.766942 -0.90414315 -5.1667247
-14.768434 -1.6288528 -5.6044402
-14.762063 -2.3735409 -6.0728207
-17.093763 -2.6422391 5.5610166
-16.974369 -2.6275177 3.6867192
-14.788167 -0.81182188 2.416255
-14.753877 -1.5455458 2.0404341
-14.762733 -2.2820392 1.6818708
-14.768912 -0.084324911 1.2923616
-14.755118 -0.80712128 0.92138135
-14.747737 -1.5416751 0.5537262
-14.746265 -2.2710495 0.18338557
-14.763638 -0.08634346 -0.1809064
-14.771181 -0.81558394 -0.55337369
-14.768484 -1.5413274 -0.92371058
-14.76568 -2.2809415 -1.3062016
-14.753982 -0.085372381 -1.6642815
-14.774488 -0.80865782 -2.0370717
-14.758545 -1.5432744 -2.4212155
-14.763937 -2.2852602 -2.8240571
-14.779663 -0.081549592 -3.175456
-14.727327 -0.80374157 -3.5553854
-14.742732 -1.5415179 -3.961561
-14.749955 -2.2843454 -4.3892069
-14.772766 -0.090310045 -4.7494545
-14.769057 -0.81334394 -5.1656213
-14.753195 -1.5356107 -5.5963135
-14.754513 -2.2795441 -6.0566654
-17.05843 -2.5297072 5.5443673
-16.959728 -2.5187933 3.6801131
-14.774155 -0.72015554 2.413198
-14.775038 -1.4561667 2.0420864
-14.722313 -2.1833839 1.6757081
-14.765432 0.0062931017 1.2920363
-14.761641 -0.71665984 0.92149675
-14.769934 -1.4524353 0.55421454
-14.76171 -2.180789 0.18340775
-14.780799 0.0042486726 -0.1811136
-14.759486 -0.72412843 -0.55275869
-14.731599 -1.4461584 -0.9208312
-14.759177 -2.1873009 -1.3044144
-14.774194 0.0051626093 -1.6665337
-14.756081 -0.71686596 -2.0338891
-14.742877 -1.450243 -2.41714
-14.764598 -2.1926842 -2.821557
-14.774145 0.0091323722 -3.1742227
-14.765162 -0.71496779 -3.5633934
-14.771585 -1.4529639 -3.9668438
-14.75275 -2.1921759 -4.3859534
-14.768485 0.00033321162 -4.7479897
-14.740239 -0.72106689 -5.1538978
-14.758668 -1.4446981 -5.5949216
-14.757066 -2.1873152 -6.0520902
-17.085073 -2.426616 5.5480833
-17.002253 -2.4185791 3.6860511
-14.773187 -0.62927157 2.412364
-14.767472 -1.3639828 2.0398457
-14.761691 -2.0967379 1.6786942
-14.747259 0.096771531 1.2904737
-14.762244 -0.62592131 0.92127734
-14.770992 -1.3610829 0.55393046
-14.756721 -2.0876122 0.18318316
-14.764292 0.094838046 -0.18369177
-14.781088 -0.63430023 -0.55502057
-14.780331 -1.3594309 -0.92378855
-14.77362 -2.0968833 -1.300408
-14.757946 0.095708631 -1.6605805
-14.74582 -0.62570035 -2.0330191
-14.777121 -1.3621203 -2.4213383
-14.750538 -2.0981746 -2.8152566
-14.764361 0.099721082 -3.1721926
-14.752729 -0.62365735 -3.559402
-14.776653 -1.3619707 -3.9658861
-14.757513 -2.1004162 -4.3834553
-14.752417 0.090853944 -4.7429137
-14.754974 -0.63106155 -5.157599
-14.776382 -1.3549503 -5.5970421
-14.739863 -2.0924182 -6.0468168
-14.774249 -0.53852105 2.4119525
-14.764294 -1.272374 2.0382898
-14.765148 -2.0048823 1.6776569
-14.777361 0.18765077 1.2931842
-14.747862 -0.53467923 0.92015767
-14.761172 -1.2688859 0.55325979
-14.754348 -1.9950118 0.18299831
-14.748446 0.18523677 -0.18350531
-14.763031 -0.54279619 -0.55420703
-14.766345 -1.2668231 -0.92241126
-14.75176 -2.0015206 -1.2973785
-14.76804 0.18639845 -1.6618136
-14.757618 -0.53550857 -2.0341547
-14.749384 -1.2683437 -2.4154727
-14.760348 -2.0072482 -2.8147254
-14.759161 0.19025631 -3.1712663
-14.770445 -0.53363615 -3.562819
-14.753246 -1.2685695 -3.9574404
-14.739962 -2.0057218 -4.3745041
-14.751389 0.18136925 -4.7428517
-14.749499 -0.54018235 -5.154429
-14.771337 -1.2631397 -5.5920897
-14.775215 -2.0050328 -6.0561581
-14.772696 -0.44771883 2.4112053
-14.764232 -1.1811506 2.0372424
-14.755994 -1.9115036 1.6752524
-14.763083 0.27807763 1.2920595
-14.745742 -0.44402343 0.91983807
-14.759806 -1.1775808 0.55292737
-14.762542 -1.9039568 0.1829516
-14.780527 0.27635455 -0.18392211
-14.755254 -0.45186985 -0.55380058
-14.771781 -1.1760305 -0.92228264
-14.76164 -1.9106926 -1.2971919
-14.755343 0.2767987 -1.6605448
-14.763001 -0.44501874 -2.034482
-14.767481 -1.1786644 -2.4172065
-14.756119 -1.9145317 -2.8116257
-14.756493 0.28079024 -3.1710036
-14.763533 -0.44269899 -3.5604298
-14.768351 -1.1786276 -3.9594774
-14.756118 -1.9157766 -4.3757281
-14.759908 0.27206159 -4.746038
-14.77484 -0.45035055 -5.1622224
-14.761579 -1.1711135 -5.5855703
-14.767741 -1.9118117 -6.0481725
-14.775348 -0.35707095 2.4112351
-14.782989 -1.0914067 2.038868
-14.762874 -1.8203626 1.6747338
-14.765605 0.36876979 1.292454
-14.770091 -0.35406166 0.92120409
-14.766438 -1.0869707 0.55291551
-14.753974 -1.8108879 0.18270425
-14.744186 0.36618772 -0.18349442
-14.75913 -0.36135837 -0.55385244
-14.751554 -1.0833751 -0.92058736
-14.772445 -1.8200053 -1.2971356
-14.750681 0.36726397 -1.6602426
-14.769944 -0.35453734 -2.0351005
-14.772676 -1.0879009 -2.4169188
-14.751148 -1.8219231 -2.8084955
-14.767049 0.37164536 -3.1737022
-14.770824 -0.35221878 -3.5615997
-14.753707 -1.0863979 -3.9536896
-14.750405 -1.8230739 -4.3706346
-14.758759 0.36264142 -4.746295
-14.755734 -0.35915959 -5.1546798
-14.752847 -1.0793715 -5.5796547
-14.765527 -1.8194782 -6.0425797
-14.786475 -0.2662423 2.4068596
-14.786394 -1.0004754 2.0424848
-14.767012 -1.7308135 1.6777589
-14.779031 0.45985997 1.293852
-14.759364 -0.27118209 0.91873598
-14.759572 -0.99545074 0.55241936
-14.747036 -1.7221104 0.17905882
-14.72953 0.45627391 -0.18449926
-14.754828 -0.27067646 -0.55457604
-14.767355 -0.99347508 -0.92020148
-14.780538 -1.7290016 -1.2979655
-14.751773 0.45787823 -1.6568906
-14.757887 -0.26365444 -2.0365336
-14.762058 -0.99608862 -2.4141362
-14.761312 -1.7312907 -2.8094525
-14.761275 0.46214688 -3.1730111
-14.765073 -0.26144463 -3.5597591
-14.756249 -0.99559063 -3.9526596
-14.771823 -1.733766 -4.3737459
-14.755368 0.45316562 -4.7460093
-14.772968 -0.26889172 -5.1600261
-14.772791 -0.98974019 -5.5854039
-14.766955 -1.7277375 -6.042532
-14.768633 -0.17528459 2.4037352
-14.796485 -0.90998876 2.0430686
-14.751797 -1.6373353 1.6748573
-14.771783 0.55037946 1.2934886
-14.732491 -0.1802692 0.91697711
-14.764894 -0.90483749 0.55240029
-14.77173 -1.6331841 0.1792336
-14.751707 0.54758167 -0.18481565
-14.787274 -0.18051638 -0.55574346
-14.776994 -0.90307891 -0.92043948
-14.759954 -1.634853 -1.2952528
-14.767071 0.54906869 -1.6589561
-14.76615 -0.17317773 -2.0374889
-14.774769 -0.905913 -2.4152603
-14.779554 -1.6415613 -2.8109546
-14.754528 0.55257583 -3.1722298
-14.774446 -0.17093576 -3.5616989
-14.75878 -0.9048267 -3.9517758
-14.751565 -1.6396915 -4.364687
-14.775599 0.54455298 -4.7535019
-14.745864 -0.17789763 -5.1500812
-14.746185 -0.89710617 -5.5731592
-14.762256 -1.6354321 -6.0363894
-14.787206 -0.084764309 2.4066331
-14.754714 -0.81657666 2.032691
-14.765503 -1.5472015 1.6753039
-14.736776 0.63964659 1.2907428
-14.774602 -0.090120479 0.91954637
-14.756312 -0.81346083 0.55188215
-14.752232 -1.5394641 0.17887904
-14.753127 0.63830531 -0.18487905
-14.766234 -0.089646958 -0.55159438
-14.768552 -0.81163853 -0.91958612
-14.764127 -1.543673 -1.2988464
-14.758805 0.63946754 -1.658437
-14.756475 -0.082512334 -2.0324368
-14.775535 -0.8149904 -2.4145226
-14.76825 -1.548632 -2.8058479
-14.756687 0.64335185 -3.1734831
-14.751079 -0.080146849 -3.5558805
-14.762594 -0.81417072 -3.951385
-14.753798 -1.548354 -4.3624544
-14.76895 0.63507402 -4.7525268
-14.755892 -0.087469719 -5.1532989
-14.779877 -0.8081646 -5.5839128
-14.773615 -1.5449891 -6.0300732
-14.779687 0.0059644203 2.40537
-14.752097 -0.72566617 2.0316784
-14.75685 -1.4548111 1.673278
-14.767961 0.7318114 1.2938429
-14.758307 0.00053354527 0.91851515
-14.764209 -0.72305804 0.55200112
-14.783341 -1.4510741 0.17914493
-14.759732 0.72935057 -0.18501441
-14.764004 0.0009561528 -0.55150092
-14.745026 -0.71962714 -0.91782898
-14.759633 -1.4517064 -1.2976429
-14.782468 0.73139262 -1.6615689
-14.761405 0.0080334852 -2.0330844
-14.770987 -0.72385949 -2.413008
-14.774823 -1.4577247 -2.8053448
-14.758853 0.73420322 -3.1748579
-14.778997 0.010382722 -3.5625587
-14.770568 -0.72373307 -3.9522562
-14.776104 -1.4590892 -4.3663201
-14.780047 0.72643 -4.7574425
-14.77459 0.0030738828 -5.1597381
-14.772862 -0.71689397 -5.5794959
-14.766654 -1.4527205 -6.0234809
-14.786266 0.096696109 2.4064922
-14.760576 -0.63532037 2.0322711
-14.768192 -1.3644861 1.6735833
-14.75494 0.82195276 1.2931198
-14.757647 0.091086723 0.91849154
-14.787333 -0.6332649 0.55271
-14.75304 -1.3567578 0.17867351
-14.753851 0.8198384 -0.18500026
-14.756697 0.091503069 -0.55123854
-14.765068 -0.62982154 -0.91881871
-14.757448 -1.3601187 -1.2966927
-14.791637 0.82285792 -1.6631359
-14.762491 0.098617308 -2.0332789
-14.770453 -0.63301128 -2.4122412
-14.744417 -1.3634274 -2.7979302
-14.752296 0.82464916 -3.1744759
-14.756147 0.10091109 -3.557133
-14.781826 -0.63339275 -3.9541543
-14.756208 -1.3657526 -4.3578825
-14.760249 0.8162722 -4.752593
-14.755539 0.093610287 -5.1531892
-14.773684 -0.62609577 -5.5782499
-14.752782 -1.3600116 -6.0143051
-14.786599 0.18743664 2.4066882
-14.772866 -0.54505885 2.0334647
-14.73639 -1.2704047 1.6690643
-14.754303 0.91276193 1.2935305
-14.767586 0.18176559 0.91916227
-14.763716 -0.54152077 0.55169266
-14.7704 -1.2670078 0.17878622
-14.743837 0.91006082 -0.18494123
-14.769516 0.1822155 -0.55174881
-14.784768 -0.539801 -0.9198212
-14.767153 -1.2696837 -1.2968365
-14.768929 0.91252857 -1.6611809
-14.766343 0.18925734 -2.0339313
-14.752956 -0.54159462 -2.4087956
-14.759591 -1.2735429 -2.7992742
-14.76108 0.91602856 -3.177516
-14.746216 0.19133422 -3.5549548
-14.745857 -0.54122835 -3.9435697
-14.774645 -1.2760768 -4.3609328
-14.771142 0.90781868 -4.7578044
-14.755075 0.18414837 -5.1533241
-14.747247 -0.53434712 -5.566925
-14.763188 -1.2696654 -6.0152578
-14.775414 0.27797866 2.4050999
-14.769163 -0.45419553 2.0325332
-14.764246 -1.1815875 1.6713667
-14.747632 1.0032216 1.2934608
-14.770907 0.27246159 0.91945565
-14.746402 -0.45030373 0.55093205
-14.772189 -1.1758999 0.17871717
-14.763241 1.0022255 -0.18525827
-14.772039 0.27290878 -0.5518952
-14.748538 -0.44788063 -0.91737896
-14.755342 -1.1775079 -1.2951404
-14.752706 1.002429 -1.6600167
-14.771488 0.2799834 -2.0348382
-14.777349 -0.45171422 -2.4122803
-14.750339 -1.1816106 -2.7960916
-14.757408 1.0067358 -3.1779954
-14.753162 0.2819725 -3.5569797
-14.750717 -0.45079455 -3.9440556
-14.766563 -1.1841433 -4.3563213
-14.757976 0.9979409 -4.755446
-14.748492 0.27458426 -5.1515169
-14.743434 -0.44364432 -5.5643535
-14.755154 -1.1778151 -6.0089264
-14.78057 0.36881211 2.4062624
-14.761595 -0.36332032 2.0311463
-14.764584 -1.0904833 1.6706161
-14.755991 1.0947903 1.2947588
-14.756092 0.362773 0.91865474
-14.740103 -0.35959843 0.55060393
-14.769647 -1.084541 0.17860253
-14.751412 1.0923924 -0.18519047
-14.771526 0.36357534 -0.55194902
-14.758141 -0.35754934 -0.91782254
-14.758694 -1.0866836 -1.294825
-14.756414 1.0936826 -1.6611578
-14.774785 0.37074736 -2.0355675
-14.756021 -0.36045143 -2.408392
-14.778022 -1.0926129 -2.8000157
-14.769987 1.0986826 -3.1820962
-14.760209 0.37271973 -3.5591629
-14.755852 -0.36034173 -3.9447629
-14.757691 -1.0923409 -4.3516445
-14.764468 1.089427 -4.7596025
-14.755232 0.36528984 -5.1545572
-14.749554 -0.35326323 -5.5657401
-14.771263 -1.0879314 -6.0126553
-14.785844 0.45974028 2.4075348
-14.759665 -0.2726661 2.0306127
-14.75896 -0.9990539 1.6692547
-14.76629 1.1867008 1.296277
-14.739915 0.45288801 0.91780335
-14.768891 -0.26963821 0.55160707
-14.755943 -0.99254483 0.17835984
-14.746362 1.1830399 -0.18521471
-14.768444 0.45418748 -0.55192757
-14.758815 -0.26696569 -0.91774529
-14.772599 -0.99661237 -1.2954841
-14.785089 1.1870693 -1.6651745
-14.774143 0.46145672 -2.035831
-14.75008 -0.26975915 -2.4071071
-14.753114 -0.99979591 -2.7940814
-14.777952 1.1904927 -3.1853261
-14.769499 0.46364859 -3.562022
-14.764457 -0.26991993 -3.9465466
-14.751617 -1.0009207 -4.3479605
-14.758967 1.1801169 -4.7600741
-14.756013 0.45592156 -5.1557097
-14.746914 -0.26267409 -5.5640316
-14.760798 -0.9961378 -6.005794
-14.777008 0.55024248 2.4066005
-14.762124 -0.18211021 2.0307586
-14.779147 -0.90935761 1.6708754
-14.768941 1.2781667 1.2971739
-14.758753 0.54412937 0.91916692
-14.755962 -0.17883928 0.5510729
-14.773066 -0.90267622 0.17849648
-14.772739 1.2764302 -0.1856409
-14.763525 0.54472828 -0.55185825
-14.739497 -0.17615488 -0.91645956
-14.764713 -0.90510917 -1.294281
-14.773171 1.2773901 -1.6646837
-14.760098 0.55169195 -2.0343235
-14.765227 -0.17941634 -2.409354
-14.730521 -0.9075008 -2.7886956
-14.747218 1.2791383 -3.1803334
-14.766353 0.55426317 -3.562016
-14.769176 -0.17936219 -3.9474392
-14.759616 -0.91052246 -4.3485894
-14.752472 1.2707423 -4.7604041
-14.759697 0.54670483 -5.158072
-14.741096 -0.17210002 -5.5613332
-14.765179 -0.90545928 -6.0052032
-14.773178 0.64089477 2.4065719
-14.787763 -0.0916816 2.0341702
-14.760096 -0.8173086 1.6681231
-14.756193 1.3683307 1.2967671
-14.795031 0.63639337 0.92165214
-14.76919 -0.088369027 0.5515362
-14.751412 -0.81053436 0.17817141
-14.775173 1.3680266 -0.18577348
-14.764641 0.63550943 -0.55203539
-14.759803 -0.085824847 -0.91767216
-14.752558 -0.81353605 -1.2927536
-14.755994 1.3671699 -1.6636621
-14.763704 0.64256454 -2.0353258
-14.759883 -0.088781394 -2.4083476
-14.741849 -0.81743348 -2.7898378
-14.751842 1.3707865 -3.1830845
-14.761594 0.6448105 -3.5617557
-14.761312 -0.08868441 -3.945118
-14.75004 -0.81911522 -4.3442054
-14.76227 1.3628882 -4.7661748
-14.752241 0.63709348 -5.1567354
-14.764625 -0.081772879 -5.5699153
-14.762645 -0.81441355 -6.002027
-14.787909 0.73246771 2.4096584
-14.748819 -0.00094110385 2.0287743
-14.765324 -0.72675443 1.6681786
-14.778907 1.4619524 1.299527
-14.770187 0.72614658 0.9203648
-14.758451 0.0022506705 0.55112535
-14.763764 -0.72037947 0.17826384
-14.754132 1.4574344 -0.18561786
-14.76135 0.72613543 -0.55206847
-14.762717 0.0047397539 -0.91783786
-14.760508 -0.72315902 -1.2930369
-14.740226 1.4569834 -1.6628608
-14.785215 0.73441923 -2.0388741
-14.768535 0.0017839031 -2.4097159
-14.771097 -0.72817183 -2.7944748
-14.786625 1.4655854 -3.1924703
-14.767838 0.73589623 -3.564285
-14.758605 0.0018882654 -3.9443233
-14.751452 -0.72843033 -4.3432236
-14.766463 1.4547067 -4.7703209
-14.756227 0.72800297 -5.1595931
-14.777391 0.0088278595 -5.5746474
-14.763294 -0.72362012 -6.0003729
-14.758863 0.82183951 2.4057019
-14.73648 0.08948037 2.0271142
-14.754358 -0.6354897 1.6664677
-14.777442 1.5534252 1.300212
-14.752426 0.81604069 0.91955268
-14.758238 0.092807531 0.55112827
-14.77102 -0.62990969 0.17830144
-14.754257 1.548918 -0.18573549
-14.758771 0.81681526 -0.55214912
-14.771041 0.095377982 -0.91837448
-14.758217 -0.63230354 -1.2924722
-14.751382 1.5495406 -1.6651607
-14.752662 0.82357579 -2.0350435
-14.757029 0.092331968 -2.4078856
-14.751134 -0.63648194 -2.7899067
-14.757131 1.5541571 -3.1881011
-14.742389 0.82533997 -3.5592978
-14.75636 0.092433333 -3.9438004
-14.779296 -0.63892555 -4.3501849
-14.753369 1.5448775 -4.7690635
-14.76514 0.81928986 -5.1643701
-14.774891 0.099485718 -5.5738292
-14.760781 -0.6327343 -5.9976611
-52.168526 5.807755 9.8960781
-14.778721 0.91394001 2.4098074
-14.772126 0.18034555 2.0321317
-14.781631 -0.54581982 1.6691383
-14.756317 1.6428092 1.2992158
-14.743567 0.90632504 0.91932982
-14.761494 0.18341187 0.55128151
-14.771692 -0.53915787 0.17826626
-14.780445 1.643419 -0.18618861
-14.752995 0.90732825 -0.55213088
-14.771626 0.18602809 -0.91846454
-14.753549 -0.54143316 -1.291748
-14.762937 1.6423987 -1.6675711
-14.774277 0.91574782 -2.0387619
-14.766874 0.18301038 -2.4096298
-14.756952 -0.54603952 -2.7903211
-14.773211 1.6475641 -3.1936991
-14.782904 0.91863191 -3.5703735
-14.760055 0.18303147 -3.945014
-14.766672 -0.54762596 -4.3453984
-14.753197 1.6364368 -4.7721634
-14.761482 0.90997344 -5.1649466
-14.768571 0.19007123 -5.5717802
-14.762522 -0.5420832 -5.9969039
-51.688927 6.0756774 9.8119888
-14.761201 1.0038123 2.4079096
-14.764875 0.27087489 2.0313246
-14.751685 -0.45409456 1.665411
-14.750797 1.7338903 1.2996421
-14.77449 0.99925935 0.92162305
-14.765443 0.27408284 0.55148143
-14.75697 -0.44797114 0.17805207
-14.778367 1.735052 -0.18629304
-14.774777 0.99970353 -0.55316532
-14.755445 0.27638531 -0.91754657
-14.756971 -0.45090818 -1.2917812
-14.792217 1.7376077 -1.6720514
-14.763967 1.0060834 -2.0381527
-14.763623 0.27358076 -2.409328
-14.766978 -0.45569652 -2.7916355
-14.743776 1.7359374 -3.1895783
-14.752068 1.0076188 -3.5643518
-14.758494 0.27359131 -3.9449713
-14.751086 -0.45643118 -4.3399062
-14.759817 1.7289144 -4.7776465
-14.775961 1.0019106 -5.1720662
-14.763462 0.28061649 -5.5703974
-14.757441 -0.45124301 -5.9936023
-51.427013 6.3650389 9.7694998
-14.793875 1.0972641 2.4142923
-14.7721 0.36169001 2.0325856
-14.751465 -0.36350384 1.6651028
-14.770854 1.8282007 1.3023731
-14.755226 1.0889467 0.92082083
-14.774083 0.36493883 0.55187732
-14.760077 -0.35743076 0.17805973
-14.76599 1.8255184 -0.18627471
-14.786407 1.0916733 -0.55384105
-14.772696 0.36739621 -0.91874218
-14.75428 -0.36022589 -1.2913277
-14.778221 1.8279606 -1.6717058
-14.772813 1.0977914 -2.0402656
-14.751509 0.36391315 -2.40767
-14.756175 -0.36474991 -2.7891173
-14.738338 1.8270516 -3.190767
-14.762308 1.0993608 -3.5683887
-14.738872 0.36370689 -3.9402485
-14.753366 -0.36590537 -4.3398347
-14.753278 1.8199828 -4.7790546
-14.753639 1.0913796 -5.1665001
-14.776525 0.37157714 -5.5760818
-14.758684 -0.36065382 -5.9930954
-51.318035 6.6715055 9.766758
-14.770058 1.1863409 2.4174285
-14.760232 0.45203635 2.0311556
-14.761759 -0.27130353 1.6623006
-14.769568 1.9201261 1.3032739
-14.765469 1.1888671 0.92363083
-14.757371 0.45514649 0.55134702
-14.772535 -0.26323617 0.18160038
-14.769612 1.9180479 -0.18646537
-14.76944 1.1815814 -0.54765451
-14.78014 0.45834246 -0.91936272
-14.748179 -0.26954147 -1.2865676
-14.759098 1.9176127 -1.6708422
-14.765448 1.188387 -2.0438397
-14.773926 0.45518816 -2.4117393
-14.758286 -0.27420342 -2.790236
-14.764599 1.9223652 -3.198946
-14.775272 1.191532 -3.5732226
-14.76396 0.45498678 -3.9476273
-14.74684 -0.27521476 -4.3373365
-14.760983 1.9129549 -4.7852626
-14.733925 1.1808649 -5.1620364
-14.755786 0.46166867 -5.5692201
-14.759554 -0.27006969 -5.9995899
-51.117317 6.9646249 9.7365084
-14.768618 1.2774754 2.4184303
-14.766135 0.5429244 2.0323882
-14.768628 -0.18078884 1.6629179
-14.77335 2.0128729 1.304673
-14.758932 1.2795341 0.92369568
-14.756734 0.54577774 0.55143797
-14.761241 -0.17244083 0.18144511
-14.745593 2.0070069 -0.18631409
-14.754319 1.2715286 -0.54737282
-14.788382 0.54944444 -0.92006779
-14.739897 -0.17892577 -1.2857251
-14.761216 2.0100653 -1.6724467
-14.772545 1.2802352 -2.0458708
-14.770031 0.54580057 -2.4116049
-14.756351 -0.1836013 -2.7896044
-14.759198 2.0138338 -3.2003932
-14.76408 1.2818563 -3.5723505
-14.774508 0.54607177 -3.9512694
-14.748909 -0.18473262 -4.3375297
-14.769326 2.0062528 -4.7918682
-14.767556 1.2748013 -5.1764622
-14.774302 0.55300945 -5.577383
-14.744346 -0.17929971 -5.9928474
-51.139099 7.2874746 9.7489901
-14.772756 1.369206 2.4204381
-14.778002 0.63418192 2.034519
-14.770024 -0.090170033 1.6629816
-14.763188 2.1038344 1.3048911
-14.75399 1.3703654 0.92389524
-14.750213 0.63618845 0.55132979
-14.764101 -0.081875585 0.18147068
-14.763231 2.1017504 -0.1866964
-14.754786 1.3628253 -0.54769009
-14.771783 0.63960987 -0.91926199
-14.760108 -0.088596232 -1.2874165
-14.763715 2.1027532 -1.6741601
-14.752269 1.3697265 -2.0441883
-14.752508 0.63581878 -2.4093354
-14.757723 -0.093057632 -2.7897034
-14.775109 2.1084304 -3.2065883
-14.774354 1.3741361 -3.5768094
-14.775891 0.63693249 -3.9526103
-14.773942 -0.094385751 -4.3446398
-14.752796 2.0962782 -4.7905879
-14.764085 1.3658141 -5.1780853
-14.762977 0.64331925 -5.5744939
-14.771318 -0.088984013 -6.0034757
-51.069057 7.5974979 9.7443419
-14.783821 1.461773 2.4236748
-14.774653 0.72488666 2.034632
-14.752811 0.000455965 1.6610125
-14.781594 2.1990805 1.307686
-14.763887 1.4627097 0.92505956
-14.757298 0.72723758 0.55175102
-14.747956 0.0087047899 0.18126948
-14.764442 2.1944346 -0.18687847
-14.768592 1.4555455 -0.54852372
-14.757442 0.72973472 -0.91863084
-14.761153 0.0019695361 -1.2874844
-14.763461 2.1952243 -1.6756274
-14.75877 1.461723 -2.0462935
-14.787854 0.72827339 -2.4157925
-14.75766 -0.0025038819 -2.7896359
-14.75225 2.1976123 -3.204493
-14.756403 1.4638475 -3.5745709
-14.761686 0.72709042 -3.9499295
-14.769897 -0.0037314116 -4.3433619
-14.772182 2.191586 -4.8011599
-14.769847 1.4578028 -5.183146
-14.784753 0.73518425 -5.5843148
-14.764011 0.0016495961 -6.0003972
-17.051113 2.63568 7.0058761
-17.121122 2.6545727 3.2698789
-14.778368 1.5528563 2.4242973
-14.760961 0.81503373 2.0333967
-14.789179 0.091203764 1.6651388
-14.761615 2.288775 1.3071362
-14.768365 1.5547173 0.92592043
-14.74524 0.8173641 0.55147737
-14.764547 0.099310465 0.18147749
-14.761932 2.2867267 -0.18702078
-14.765407 1.5467681 -0.54874766
-14.794944 0.82262087 -0.9212622
-14.742526 0.092427529 -1.285885
-14.767062 2.2884586 -1.6775982
-14.74759 1.5520504 -2.0460253
-14.784481 0.8190726 -2.4160168
-14.773024 0.088138372 -2.7925901
-14.754861 2.2906315 -3.2080531
-14.762236 1.5559546 -3.578229
-14.764613 0.81807774 -3.9519811
-14.747047 0.086759783 -4.3367171
-14.75908 2.2822816 -4.801362
-14.754508 1.54776 -5.1809983
-14.744975 0.82393306 -5.571095
-14.785368 0.092375323 -6.0091939
-16.964314 2.7289443 6.9769607
-17.053356 2.7446613 5.0932627
-17.005556 2.743607 3.2509613
-14.783709 1.6451913 2.4267838
-14.770239 0.90648007 2.0354028
-14.762621 0.18162705 1.6622428
-14.753138 2.3802507 1.3076543
-14.765699 1.6461025 0.92636913
-14.76362 0.90928203 0.55236304
-14.761257 0.18986799 0.18144795
-14.754895 2.3784337 -0.18711299
-14.745711 1.6362329 -0.54837847
-14.755322 0.91126758 -0.9191258
-14.758705 0.18309568 -1.28737
-14.76558 2.3810949 -1.679058
-14.785048 1.6477779 -2.0525863
-14.749751 0.90796185 -2.4112062
-14.735926 0.17833996 -2.7857318
-14.749875 2.3826325 -3.2100873
-14.776364 1.6491783 -3.584039
-14.764119 0.90894884 -3.9532673
-14.750654 0.17729768 -4.3380165
-14.749203 2.373508 -4.8027964
-14.774736 1.6415967 -5.1915407
-14.766239 0.91603774 -5.5811477
-14.77465 0.18297288 -6.0051813
-16.939789 2.831737 6.9738894
-17.050135 2.851579 5.0974307
-16.989973 2.8481634 3.2512622
-14.789974 1.7378268 2.429517
-14.771559 0.99757522 2.0363898
-14.744193 0.27189147 1.6603245
-14.765689 2.4753287 1.3100884
-14.757758 1.7369593 0.92652214
-14.747469 0.99915558 0.55197769
-14.748691 0.28022668 0.18131121
-14.750477 2.4706743 -0.1872457
-14.764601 1.7301028 -0.54946542
-14.764364 1.0028005 -0.92005515
-14.781466 0.27409828 -1.2894778
-14.777629 2.4761641 -1.6821243
-14.74712 1.735226 -2.0487602
-14.761225 0.99962085 -2.4140394
-14.781883 0.26961806 -2.7946796
-14.76509 2.4781418 -3.2166471
-14.760382 1.739152 -3.5826833
-14.772998 1.0005207 -3.9572144
-14.775075 0.2682676 -4.3456006
-14.758584 2.4680133 -4.8106918
-14.746794 1.7301583 -5.1853552
-14.756236 1.0063447 -5.5795956
-14.754977 0.27328685 -5.9977541
-16.973232 2.9444959 6.9949641
-17.016743 2.9601104 3.2597992
-14.775684 1.8281295 2.4289665
-14.75464 1.087418 2.0349391
-14.764616 0.36290509 1.6628436
-14.756716 2.5670125 1.310665
-14.774041 1.8308518 0.92823225
-14.762613 1.0912189 0.55278474
-14.752778 0.37087086 0.18138601
-14.759677 2.5654175 -0.18755877
-14.767073 1.8223135 -0.54996312
-14.778149 1.0948719 -0.92131537
-14.753718 0.36415422 -1.2872277
-14.768103 2.5678251 -1.6828017
-14.744604 1.826722 -2.0499294
-14.760623 1.0906048 -2.4149899
-14.749081 0.35956061 -2.7888427
-14.761901 2.5708334 -3.2193284
-14.756546 1.8305699 -3.5844114
-14.767433 1.0912106 -3.9574428
-14.760222 0.35860687 -4.3417978
-14.763143 2.5619915 -4.8172116
-14.768975 1.8246969 -5.1969938
-14.755702 1.0973089 -5.5818348
-14.77681 0.36440337 -6.0074248
-51.991058 9.3525896 15.576761
-51.56749 9.2966528 9.8892288
-14.773948 1.9200256 2.430572
-14.756767 1.1786555 2.0361915
-14.760863 0.45345414 1.6627032
-14.76984 2.6627622 1.3132571
-14.74305 1.9189341 0.92700744
-14.762504 1.18233 0.55304188
-14.748886 0.46134365 0.18136954
-14.769176 2.6605263 -0.18788338
-14.735654 1.9103012 -0.54921925
-14.756328 1.1843388 -0.92039067
-14.754406 0.45477334 -1.2875069
-14.766916 2.6610644 -1.6844952
-14.766628 1.9215196 -2.0545919
-14.762478 1.1818569 -2.4164343
-14.762099 0.45052588 -2.7917743
-14.755666 2.6631346 -3.2214718
-14.766952 1.9239357 -3.5897391
-14.74987 1.1809536 -3.9546034
-14.746616 0.4488287 -4.3385234
-14.774256 2.6574049 -4.8260674
-14.757951 1.9153421 -5.1971526
-14.757902 1.1885694 -5.5853205
-14.762112 0.45469031 -6.0024705
-51.709858 9.6299143 15.509922
-51.708199 9.6499777 9.9273806
-14.780181 2.0131326 2.433584
-14.764325 1.2704761 2.0382717
-14.768291 0.54440349 1.6638848
-14.76739 2.7559822 1.3145182
-14.756474 2.012835 0.92861068
-14.769782 1.2741667 0.55359703
-14.775659 0.55295098 0.18173708
-14.752022 2.7509959 -0.18787636
-14.777329 2.0079751 -0.55122137
-14.761654 1.2759725 -0.92119396
-14.750985 0.54528338 -1.2874762
-14.743555 2.7503624 -1.6837238
-14.779583 2.0155025 -2.0580764
-14.751582 1.2721255 -2.4158831
-14.753971 0.54090977 -2.7908125
-14.739526 2.7537131 -3.2215762
-14.754792 2.0144975 -3.5897202
-14.772629 1.2740469 -3.9627266
-14.765489 0.54010528 -4.3449693
-14.773666 2.7509863 -4.8312979
-14.746996 2.0060055 -5.1975312
-14.757057 1.2796834 -5.5878673
-14.776238 0.5458923 -6.0094633
-51.554474 9.9286623 15.481298
-52.036961 10.042131 10.00214
-14.763756 2.1032436 2.4329586
-14.765886 1.3619332 2.0396023
-14.742328 0.634049 1.6613666
-14.766566 2.8496997 1.3159766
-14.773771 2.1076102 0.93049544
-14.772118 1.3657331 0.55398828
-14.751324 0.64270222 0.18148284
-14.756505 2.845634 -0.1881523
-14.756946 2.0975029 -0.55093074
-14.771079 1.3681482 -0.9222886
-14.757526 0.63621837 -1.2883636
-14.761472 2.8475409 -1.6877335
-14.75797 2.1048679 -2.0568264
-14.763962 1.364507 -2.4192362
-14.75001 0.63141292 -2.7907436
-14.76472 2.8522863 -3.2308476
-14.752057 2.1064076 -3.5921316
-14.747848 1.363124 -3.9582481
-14.782663 0.63158196 -4.3510814
-14.752042 2.8407245 -4.8298359
-14.756149 2.0995471 -5.2052002
-14.763905 1.3715985 -5.5935416
-14.738705 0.63508666 -5.9956708
-18.623447 2.7584181 7.1009026
-51.319382 10.210349 15.429226
-52.431789 10.452426 10.09017
-14.777406 2.1977842 2.4373846
-14.776656 1.4544196 2.0422845
-14.76996 0.72605777 1.6649513
-14.763735 2.9432287 1.3173089
-14.756911 2.1976776 0.93026531
-14.758558 1.4558643 0.55380434
-14.769275 0.7343052 0.18175572
-14.755672 2.9394925 -0.1883681
-14.739132 2.1873181 -0.55075639
-14.750678 1.4575976 -0.92155588
-14.759356 0.72705334 -1.2888886
-14.738901 2.9371018 -1.6871818
-14.748572 2.1959469 -2.0573559
-14.765033 1.4560302 -2.4208302
-14.751597 0.72218663 -2.7918296
-14.781627 2.9497495 -3.2384467
-14.753615 2.1990852 -3.5957291
-14.753062 1.4549562 -3.9619696
-14.773807 0.72204512 -4.3496966
-14.752157 2.9347336 -4.8356781
-14.782878 2.1959751 -5.2192831
-14.780578 1.4646764 -5.603158
-14.765517 0.72703564 -6.0082793
-17.279137 2.6677549 6.594449
-51.250511 10.523968 15.427644
-52.711933 8.1726799 14.249974
-14.773214 2.2898991 2.4389648
-14.736262 1.5417968 2.0379708
-14.755622 0.81613988 1.6638683
-14.758024 3.0363603 1.3184369
-14.746161 2.2886474 0.93045545
-14.774819 1.5490645 0.55476075
-14.752892 0.82426608 0.18161291
-14.756466 3.0339053 -0.18861233
-14.742521 2.2803581 -0.55139554
-14.751622 1.5491463 -0.92219132
-14.768698 0.81838185 -1.2901186
-14.744021 3.0322993 -1.6898658
-14.782967 2.2938721 -2.0640783
-14.782948 1.549443 -2.4252806
-14.765604 0.8137188 -2.795373
-14.752015 3.0380788 -3.2359824
-14.755025 2.2919288 -3.5994322
-14.750577 1.5461565 -3.9637752
-14.776154 0.81307048 -4.3517747
-14.762861 3.0311484 -4.845192
-14.76672 2.286268 -5.2184329
-14.758157 1.5539557 -5.5981679
-14.767416 0.81798941 -6.0109811
-17.075806 2.7437387 6.5231514
-51.173164 10.835737 15.424085
-17.081017 2.7557437 4.6221118
-14.773151 2.3828037 2.4413221
-14.776118 1.6376847 2.0448339
-14.767995 0.907749 1.6658602
-14.748756 3.128902 1.3192993
-14.777149 2.3864021 0.93331707
-14.76127 1.6392738 0.55461919
-14.753691 0.91515338 0.18168846
-14.786849 3.1348391 -0.18924297
-14.746311 2.3736811 -0.55207163
-14.762718 1.6419539 -0.92349756
-14.764062 0.90902656 -1.2901766
-14.763789 3.1309071 -1.6943017
-14.748264 2.3812504 -2.0612342
-14.753666 1.6379559 -2.4220798
-14.790648 0.90616095 -2.8011138
-14.744648 3.1309917 -3.2385199
-14.756707 2.3850105 -3.6033449
-14.756557 1.6383837 -3.968009
-14.754312 0.90270609 -4.3468914
-14.771916 3.1275887 -4.8543711
-14.787603 2.3825014 -5.2308812
-14.772497 1.6471742 -5.607336
-14.754954 0.90814447 -6.0080638
-17.056091 2.8480356 6.5221744
-51.125164 11.15377 15.429955
-17.038176 2.8562062 4.6151743
-14.791245 2.478935 2.44678
-14.774111 1.7292925 2.0459859
-14.757329 0.99802101 1.6653165
-14.773585 3.2290239 1.3232677
-14.776278 2.4793859 0.93420535
-14.758517 1.7307062 0.5549044
-14.742746 1.0053188 0.18162622
-14.746155 3.2208846 -0.18897156
-14.759604 2.4688244 -0.55312604
-14.757702 1.7331322 -0.92383158
-14.754436 0.99934494 -1.289847
-14.756399 3.2240806 -1.6956919
-14.773072 2.478359 -2.066788
-14.765275 1.7310239 -2.425684
-14.747668 0.99439359 -2.7940774
-14.768423 3.2308688 -3.2480347
-14.760896 2.4787188 -3.6080139
-14.764986 1.7310972 -3.9730573
-14.757169 0.99380416 -4.3494482
-14.767503 3.221453 -4.8593254
-14.757006 2.4705634 -5.2253218
-14.756013 1.7370678 -5.6050191
-14.754533 0.99902976 -6.0102749
-17.137581 2.969842 6.5601802
-51.022282 11.45974 15.419836
-51.496056 8.9577703 13.963493
-14.797934 2.5735028 2.4504523
-14.759002 1.8193921 2.0454011
-14.768769 1.0898683 1.6673307
-14.753892 3.3197014 1.3233033
-14.761306 2.5700953 0.9342382
-14.756615 1.8223411 0.55524284
-14.770966 1.0983377 0.18205349
-14.785102 3.324569 -0.18972853
-14.761047 2.5622694 -0.55375886
-14.763741 1.8257478 -0.92489356
-14.771414 1.0915861 -1.2918924
-14.767091 3.3214805 -1.6992306
-14.762839 2.5698726 -2.0675235
-14.750488 1.8211097 -2.4250445
-14.757642 1.0860685 -2.7971766
-14.779551 3.3284588 -3.2549124
-14.77423 2.5742655 -3.6150658
-14.755773 1.8218693 -3.9735112
-14.748794 1.084187 -4.3488588
-14.73776 3.3098226 -4.8561292
-14.77081 2.5661445 -5.2356863
-14.776316 1.8314486 -5.6168942
-14.762754 1.0906242 -6.0162373
-51.032379 11.791394 15.444464
-51.306808 9.2495432 13.931269
-14.768781 2.6618948 2.4553914
-14.777461 1.9137901 2.0495481
-14.756929 1.1800777 1.6667801
-14.752704 3.4146717 1.3250511
-14.774842 2.6659589 0.93611258
-14.776655 1.9169383 0.55642897
-14.761979 1.1887915 0.1820292
-14.783504 3.4196396 -0.1899737
-14.760365 2.656436 -0.55433995
-14.758435 1.9171009 -0.92528063
-14.752428 1.1821142 -1.2937889
-14.775561 3.4187672 -1.7025871
-14.763953 2.6626859 -2.0628097
-14.768911 1.9154574 -2.42996
-14.744209 1.1805358 -2.7954264
-14.759341 3.4191964 -3.2550213
-14.776924 2.6677895 -3.6180182
-14.76742 1.9153713 -3.9797373
-14.755682 1.1757648 -4.3529348
-14.754995 3.4089279 -4.868609
-14.776093 2.6605613 -5.243247
-14.747181 1.9197865 -5.6101913
-14.756011 1.1772674 -6.0044198
-51.140377 12.147367 15.499413
-51.231087 9.5608234 13.926375
-14.787736 2.7590969 2.4613111
-14.760148 2.0037086 2.0488136
-14.782167 1.2734245 1.6704819
-14.767769 3.5137644 1.3283157
-14.756848 2.7563121 0.93602645
-14.754296 2.0061674 0.55604011
-14.788634 1.2823151 0.18245147
-14.761448 3.5100963 -0.18996346
-14.778377 2.7533984 -0.55564046
-14.755879 2.0089123 -0.92587572
-14.770177 1.2747933 -1.296007
-14.766094 3.5121682 -1.7039474
-14.770759 2.7575982 -2.0660856
-14.768105 2.0075679 -2.4318085
-14.774163 1.2742147 -2.8025351
-14.773448 3.5181153 -3.2628314
-14.746396 2.7558155 -3.6146162
-14.761006 2.0067105 -3.9812524
-14.771951 1.2683223 -4.3599482
-14.749306 3.5030816 -4.8737326
-14.752222 2.7498212 -5.240665
-14.78116 2.0165181 -5.6277194
-14.774894 1.2700548 -6.0151615
-52.355675 12.771496 21.882536
-51.180573 12.489162 15.53453
-51.185234 9.8776512 13.930124
-52.1292 7.4097114 12.677832
-14.774261 2.8505011 2.4619329
-14.768538 2.0972145 2.0517259
-14.772312 1.3639396 1.6702825
-14.775262 3.6114812 1.330958
-14.784572 2.8554814 0.93887866
-14.750081 2.0978477 0.55635589
-14.782824 1.3732461 0.18248031
-14.778809 3.6101749 -0.19046836
-14.772192 2.8461423 -0.556054
-14.768975 2.1030748 -0.92748976
-14.753886 1.3646401 -1.2952881
-14.752475 3.6047111 -1.704896
-14.766949 2.8507628 -2.0679605
-14.759567 2.0987229 -2.4324772
-14.757231 1.3640268 -2.800858
-14.765778 3.61217 -3.2659709
-14.755403 2.8513074 -3.6210439
-14.768553 2.1001084 -3.9866886
-14.740295 1.3567659 -4.3529801
-14.766484 3.6030197 -4.8866224
-14.757253 2.8445632 -5.2485533
-14.751259 2.1047146 -5.6211457
-14.766402 1.3606493 -6.0149903
-51.958897 13.013005 21.749662
-51.283382 12.848166 15.589371
-51.155655 10.19791 13.938841
-51.794338 7.6866283 12.607626
-14.771358 2.9440637 2.4644132
-14.770959 2.190098 2.0538905
-14.751416 1.4533451 1.6688967
-14.772058 3.7068992 1.3326931
-14.755955 2.9439862 0.93819088
-14.753405 2.1907594 0.55697781
-14.760354 1.4625622 0.18231028
-14.757821 3.7011499 -0.19048698
-14.768472 2.9395204 -0.55658245
-14.777684 2.1969106 -0.92886567
-14.751721 1.455783 -1.2958579
-14.759956 3.7026579 -1.708354
-14.747501 2.9409833 -2.0677254
-14.768487 2.192524 -2.4361184
-14.764092 1.4560796 -2.8038032
-14.756694 3.7060544 -3.2689302
-14.755878 2.9454341 -3.6255276
-14.744267 2.1890326 -3.9836836
-14.76858 1.450809 -4.3638797
-14.762065 3.6980581 -4.8925767
-14.771487 2.9414239 -5.2599363
-14.758184 2.1981802 -5.6288185
-14.771562 1.4525846 -6.0206089
-51.745453 13.297495 21.694063
-51.478485 13.23326 15.673065
-51.084072 10.509949 13.936646
-51.516293 7.9687266 12.551612
-14.770811 3.0383046 2.467386
-14.76906 2.2825162 2.0555351
-14.760404 1.545735 1.6709551
-14.732537 3.7932217 1.3312025
-14.747711 3.0365508 0.93883371
-14.769556 2.2858665 0.55810654
-14.756019 1.5536203 0.18237105
-14.750612 3.7956934 -0.19069096
-14.766752 3.0334918 -0.55720866
-14.744222 2.2844906 -0.92762595
-14.742018 1.5462188 -1.2958145
-14.766995 3.800885 -1.711836
-14.765303 3.038852 -2.0727966
-14.755704 2.2832475 -2.4362752
-14.770959 1.5483286 -2.8068585
-14.766376 3.8049564 -3.2761853
-14.758696 3.0402799 -3.6307352
-14.764418 2.2847002 -3.9928403
-14.753621 1.5407932 -4.3621712
-14.75825 3.7934909 -4.8989348
-14.765465 3.0345335 -5.2643232
-14.757172 2.290673 -5.633687
-14.772055 1.5442065 -6.0245581
-51.577915 13.592357 21.658381
-17.077461 2.7498317 6.0385165
-51.612209 13.605789 15.738901
-51.001492 10.819551 13.931966
-17.08466 2.750159 4.1665998
-14.778296 3.1344805 2.4718027
-14.770754 2.3756645 2.057761
-14.771141 1.6385484 1.6732773
-14.760253 3.8970838 1.3358423
-14.776746 3.1371632 0.94188976
-14.767429 2.3784094 0.55856711
-14.752724 1.644859 0.18245164
-14.760407 3.8949337 -0.19112296
-14.746307 3.1237133 -0.55714995
-14.772445 2.381772 -0.93030357
-14.748329 1.6384313 -1.2972285
-14.766711 3.8975761 -1.7145431
-14.750304 3.1302264 -2.0733485
-14.754357 2.3758242 -2.4384136
-14.759372 1.6387318 -2.8065147
-14.748781 3.897083 -3.2775252
-14.75628 3.1342888 -3.6348035
-14.767938 2.3781195 -3.9976635
-14.769302 1.6341027 -4.3696899
-14.768806 3.8929658 -4.9102759
-14.769705 3.1299794 -5.272583
-14.752971 2.3828151 -5.6375589
-14.780136 1.6367888 -6.0318365
-51.392239 13.881216 21.615772
-17.038378 2.8509028 6.0307689
-51.745506 13.981056 15.805412
-51.127628 11.174577 13.98489
-17.073475 2.8559427 4.1680675
-14.765957 3.2266667 2.4730036
-14.769092 2.4684565 2.0596006
-14.75383 1.7283343 1.6724862
-14.755124 3.9927318 1.3375701
-14.737343 3.2234254 0.9406212
-14.777132 2.4730887 0.55949759
-14.76929 1.73852 0.18278499
-14.767698 3.9939356 -0.19153106
-14.739759 3.2169471 -0.55763787
-14.770995 2.4746215 -0.93115103
-14.778597 1.7336572 -1.3008019
-14.767248 3.9947963 -1.717419
-14.759562 3.226958 -2.077394
-14.776429 2.4724896 -2.4445229
-14.764915 1.7311244 -2.8095357
-14.755848 3.9959712 -3.2844825
-14.771519 3.2323732 -3.643374
-14.760304 2.4699001 -3.9996243
-14.751565 1.7238263 -4.3674893
-14.768349 3.9899173 -4.9181709
-14.746731 3.2197838 -5.2713356
-14.768956 2.4784758 -5.6493726
-14.769344 1.7273923 -6.0316443
-51.259853 14.183496 21.596291
-52.569221 11.792903 20.320499
-51.975899 14.386068 15.902448
-51.187996 11.517306 14.020468
-14.770144 3.3226669 2.477073
-14.752918 2.5589018 2.0594959
-14.748167 1.8194737 1.6730784
-14.768456 4.0937562 1.3410306
-14.765941 3.3247468 0.94373083
-14.750332 2.5617428 0.55906755
-14.754533 1.8286378 0.18273778
-14.760281 4.0892849 -0.1917567
-14.75748 3.3158071 -0.55906743
-14.762511 2.5664215 -0.93159139
-14.762956 1.8237209 -1.3003857
-14.753118 4.0882854 -1.718661
-14.77196 3.3247697 -2.0819712
-14.760092 2.5629554 -2.4443758
-14.754998 1.8218093 -2.8097229
-14.768037 4.0966964 -3.2927289
-14.754748 3.3237014 -3.6441991
-14.755445 2.5622573 -4.002492
-14.747889 1.8151916 -4.3696165
-14.779239 4.0903258 -4.9300632
-14.767517 3.3193829 -5.2859464
-14.761899 2.5705178 -5.6525998
-14.771757 1.8196203 -6.037076
-51.215538 14.510129 21.614723
-51.972889 11.994544 20.118059
-52.157696 14.78153 15.98552
-51.294807 11.872477 14.069413
-51.054321 9.1854649 12.490232
-51.90226 6.7157865 11.228199
-14.772702 3.4186068 2.4809732
-14.732989 2.6486661 2.0589442
-14.773842 1.9147434 1.6772922
-14.755482 4.1878228 1.3421606
-14.765289 3.419925 0.94501257
-14.755636 2.6560352 0.55987573
-14.767823 1.9223627 0.18304503
-14.752381 4.1847315 -0.19198403
-14.753299 3.4100957 -0.55969125
-14.761335 2.6596298 -0.93252951
-14.760102 1.9153887 -1.3011452
-14.771835 4.1912394 -1.723805
-14.76072 3.417532 -2.0833032
-14.753159 2.6551063 -2.4458797
-14.760445 1.9145026 -2.8129442
-14.770224 4.1950741 -3.2988937
-14.765403 3.4214313 -3.651947
-14.765055 2.6573563 -4.0094466
-14.760302 1.9087304 -4.3766818
-14.766287 4.1844535 -4.9342151
-14.763261 3.413722 -5.291821
-14.768054 2.6650541 -5.6611118
-14.787873 1.9137907 -6.0483484
-51.234661 14.85575 21.660856
-51.804096 12.290853 20.081537
-52.206173 15.141937 16.028549
-51.45351 12.242315 14.133281
-51.044132 9.5073214 12.501775
-51.585018 6.996819 11.168646
-14.770063 3.5136147 2.4841042
-14.745036 2.7443349 2.0629423
-14.783037 2.0082409 1.6797036
-14.761472 4.2875662 1.3450731
-14.772244 3.5171738 0.94682109
-14.751785 2.7488954 0.56035906
-14.768492 2.0146785 0.1832031
-14.758743 4.2845535 -0.19240534
-14.762723 3.5078335 -0.56085473
-14.753056 2.7517052 -0.93305552
-14.767739 2.0085938 -1.3028802
-14.757914 4.2853045 -1.7252163
-14.774561 3.5163891 -2.0882628
-14.770986 2.7519886 -2.4515884
-14.744699 2.0045295 -2.8122346
-14.782566 4.2967739 -3.3074768
-14.77357 3.5189781 -3.6592388
-14.737096 2.7457836 -4.0063539
-14.767317 2.0018384 -4.3823218
-14.761796 4.2812037 -4.9413986
-14.744139 3.5047436 -5.2925758
-14.751921 2.755712 -5.6613026
-14.772746 2.0040703 -6.0470762
-51.185474 15.182563 21.679039
-51.550877 12.565383 20.012886
-52.435341 15.557839 16.127918
-51.608921 12.614382 14.196963
-51.072037 9.8371401 12.523157
-51.386631 7.2912755 11.13517
-14.759408 3.6069086 2.4859874
-14.773117 2.8434567 2.0692728
-14.753687 2.0965302 1.6777986
-14.768731 4.3881168 1.3481627
-14.75624 3.6091807 0.9471969
-14.772316 2.8466194 0.56179184
-14.758649 2.1056576 0.18323784
-14.772015 4.3868613 -0.19292563
-14.770705 3.6056204 -0.56198794
-14.767392 2.8482521 -0.93504995
-14.752108 2.0987387 -1.3026128
-14.756865 4.383358 -1.7282053
-14.761268 3.6090713 -2.0894747
-14.740865 2.8400738 -2.4494352
-14.77246 2.1006999 -2.8199348
-14.756984 4.3877125 -3.3077145
-14.743453 3.6075432 -3.6571929
-14.767212 2.8452592 -4.0192118
-14.773335 2.0950463 -4.3878398
-14.776549 4.3839531 -4.9552488
-14.767181 3.606092 -5.3086896
-14.748608 2.8488562 -5.6666331
-14.761189 2.0948212 -6.0474939
-51.131248 15.508446 21.695969
-51.491947 12.886248 20.020329
-52.593075 15.9564 16.206242
-51.710293 12.975915 14.246483
-51.135654 10.175189 12.55383
-51.240726 7.5915976 11.11344
-14.758286 3.702744 2.4895785
-14.75473 2.9339182 2.06918
-14.754692 2.189117 1.6794089
-14.780439 4.4904757 1.3517213
-14.758467 3.7058451 0.94878161
-14.770024 2.9402831 0.56238025
-14.768613 2.1996255 0.18352565
-14.790505 4.491292 -0.19352342
-14.767024 3.7008758 -0.56270128
-14.770514 2.9429691 -0.93637335
-14.74576 2.1902277 -1.3032144
-14.750724 4.4802103 -1.730673
-14.747082 3.7016447 -2.0906425
-14.779165 2.9416156 -2.4587524
-14.76447 2.1920717 -2.8209238
-14.773133 4.4913564 -3.3174491
-14.748293 3.7047858 -3.6639638
-14.758284 2.9375694 -4.0216122
-14.766223 2.1865463 -4.3896298
-14.778516 4.4833803 -4.9650407
-14.77275 3.7036471 -5.3187609
-14.775549 2.9482176 -5.6838279
-14.764954 2.1878583 -6.0544214
-51.292534 15.901691 21.805393
-51.316212 13.177381 19.983065
-51.856907 13.351459 14.309177
-51.189564 10.512853 12.582665
-51.156765 7.9002385 11.105534
-14.775301 3.8035297 2.4963388
-14.766498 3.0305634 2.0733991
-14.752382 2.2813718 1.6807077
-14.753297 4.581296 1.3517843
-14.757111 3.8019123 0.95017624
-14.768615 3.0343294 0.56302488
-14.733233 2.2868493 0.18325692
-14.767102 4.5833368 -0.19358154
-14.747485 3.7923019 -0.56283289
-14.76448 3.0360739 -0.93715423
-14.753644 2.2840092 -1.3051254
-14.748364 4.5785232 -1.7336599
-14.760958 3.8015561 -2.0958767
-14.763209 3.0327311 -2.4591477
-14.753057 2.2829819 -2.8213665
-14.749826 4.5833263 -3.3184681
-14.762807 3.8048811 -3.6733003
-14.774714 3.0352046 -4.0310884
-14.766364 2.2792449 -4.3937464
-14.763994 4.5780849 -4.9695053
-14.768097 3.7989423 -5.3253784
-14.754505 3.0382726 -5.682797
-14.763967 2.2803776 -6.0596409
-51.460854 16.300648 21.91906
-51.203461 13.48386 19.971001
-52.082592 11.032328 18.585409
-17.087803 2.7501216 5.561862
-51.972309 13.721751 14.363983
-51.327564 10.869837 12.632742
-17.003063 2.7327366 3.694736
-14.776489 3.9006655 2.5005362
-14.774971 3.1268995 2.0772438
-14.751226 2.3739598 1.682204
-14.773026 4.6870012 1.3562018
-14.776845 3.9038389 0.95297134
-14.776375 3.1305389 0.56404245
-14.765923 2.3847985 0.18384209
-14.747873 4.6767683 -0.193702
-14.762284 3.8928316 -0.56429863
-14.758171 3.1292815 -0.9379549
-14.768171 2.3791361 -1.3076771
-14.765666 4.6834178 -1.7390389
-14.767811 3.9000959 -2.1002083
-14.760253 3.1266341 -2.4618044
-14.770032 2.3784964 -2.8273509
-14.767954 4.6885152 -3.3289564
-14.744665 3.8968418 -3.6746669
-14.741439 3.1227589 -4.0271616
-14.766766 2.3721628 -4.3981147
-14.764976 4.6778874 -4.979403
-14.759258 3.8933771 -5.3307056
-14.765172 3.1350296 -5.6942077
-14.743889 2.3699915 -6.0572548
-51.575375 16.68582 22.011032
-51.221889 13.825351 20.010899
-51.791225 11.303093 18.505838
-17.069191 2.8546822 5.5614004
-52.177044 14.118837 14.44424
-51.446781 11.22535 12.678798
-16.971573 2.834609 3.6916037
-14.778983 3.9984848 2.5050628
-14.756318 3.2176752 2.077358
-14.768109 2.4697328 1.6858257
-14.769904 4.7859554 1.3585855
-14.761889 3.9969461 0.95357043
-14.754588 3.2206445 0.56395453
-14.752333 2.4755774 0.18385854
-14.77179 4.7843018 -0.19439802
-14.751447 3.9869399 -0.56480891
-14.777069 3.2281573 -0.94039714
-14.767694 2.4721138 -1.3089533
-14.769341 4.7845201 -1.7428966
-14.765103 3.9964561 -2.103271
-14.764382 3.2222915 -2.4657445
-14.763252 2.4704297 -2.8289015
-14.752033 4.7832975 -3.3319209
-14.757431 3.9972498 -3.6838915
-14.781367 3.2261095 -4.0434012
-14.760199 2.4641054 -4.400579
-14.773172 4.7804265 -4.9919658
-14.771463 3.9936953 -5.3438635
-14.773915 3.2317495 -5.7051196
-14.770514 2.4673369 -6.0742984
-51.714401 17.082031 22.114683
-51.150433 14.143348 20.01651
-51.599594 11.593398 18.462433
-52.306438 14.498878 14.504415
-51.584309 11.587393 12.729973
-16.974751 2.9423122 3.696152
-14.752084 4.08851 2.5047085
-14.776278 3.3171332 2.0829942
-14.767621 2.5628955 1.6875333
-14.77435 4.8877702 1.3617275
-14.754736 4.0923438 0.95471257
-14.760316 3.3169029 0.56494069
-14.759027 2.5699089 0.18413503
-14.770514 4.8842278 -0.19477199
-14.754066 4.0849533 -0.56585819
-14.764709 3.3205044 -0.94088942
-14.761821 2.5643435 -1.3098028
-14.742154 4.8758636 -1.7431861
-14.776852 4.0971117 -2.1084859
-14.761973 3.3167872 -2.4686947
-14.743768 2.560266 -2.8281248
-14.761369 4.8866229 -3.3407388
-14.762474 4.0960059 -3.691355
-14.751112 3.3144577 -4.0406122
-14.755853 2.5565407 -4.4038773
-14.761334 4.8768549 -4.9979835
-14.763625 4.0889492 -5.3500037
-14.75775 3.3232276 -5.7066441
-14.745361 2.5562329 -6.0702906
-51.986362 17.526375 22.27655
-51.173424 14.488287 20.059919
-51.447159 11.891224 18.433653
-52.484806 14.895703 14.5748
-51.674816 11.941261 12.77015
-51.139416 9.1877966 11.164566
-14.773756 4.1922979 2.5020766
-14.76641 3.4102225 2.0845137
-14.754195 2.6539199 1.6878282
-14.760174 4.9837661 1.3632138
-14.760633 4.1916847 0.95674032
-14.77687 3.4160042 0.56636584
-14.765323 2.6644485 0.18441407
-14.77689 4.9871259 -0.19525591
-14.766313 4.1851306 -0.57677174
-14.746857 3.4116845 -0.94106811
-14.764325 2.6573086 -1.3084522
-14.759032 4.9821186 -1.7487638
-14.753472 4.1891379 -2.1120446
-14.771145 3.414191 -2.4736855
-14.770581 2.6538103 -2.836786
-14.762825 4.9878216 -3.3479319
-14.762864 4.1943302 -3.69785
-14.748196 3.4089978 -4.0454674
-14.768723 2.6522117 -4.4124923
-14.781236 4.9842315 -5.0149827
-14.740258 4.180028 -5.3507304
-14.759025 3.4188004 -5.7151413
-14.751737 2.6547124 -6.0797863
-52.076946 17.913515 22.362045
-51.187691 14.832183 20.100809
-51.308235 12.191234 18.410332
-52.755699 15.322979 14.675859
-51.902187 12.329759 12.844794
-51.218441 9.5267735 11.194369
-14.771736 4.2898335 2.5061455
-14.764821 3.5054166 2.0872865
-14.762052 2.7489474 1.6906246
-14.796229 5.0972905 1.3694066
-14.750575 4.286808 0.95777535
-14.754285 3.5062895 0.56631416
-14.760741 2.757247 0.18456469
-14.780219 5.0894814 -0.19570886
-14.766169 4.2831435 -0.5777818
-14.7626 3.5108943 -0.94342977
-14.761305 2.7503781 -1.3096555
-14.77909 5.090117 -1.7548081
-14.784384 4.2961173 -2.1202035
-14.773482 3.5103602 -2.4776373
-14.74976 2.7435951 -2.8359668
-14.789075 5.0980015 -3.3609157
-14.758852 4.2912283 -3.7033703
-14.775486 3.5109441 -4.0587854
-14.759894 2.7442167 -4.4148021
-14.764153 5.0795746 -5.0196671
-14.75791 4.283041 -5.3665767
-14.769234 3.5167844 -5.7273426
-14.767041 2.7511153 -6.0929365
-52.289104 18.346064 22.501062
-51.369614 15.227176 20.208559
-51.213909 12.501296 18.403666
-52.210529 10.054764 17.094446
-52.00449 12.691662 12.889143
-51.368404 9.8811436 11.240187
-14.773698 4.388876 2.5109999
-14.761412 3.6004286 2.0898883
-14.769732 2.844255 1.6934711
-14.767901 5.189117 1.369706
-14.764046 4.3891416 0.96038061
-14.767213 3.6052308 0.56764883
-14.757256 2.8504138 0.18473633
-14.769352 5.1873245 -0.19598274
-14.785625 4.3873205 -0.57958555
-14.763401 3.6069372 -0.94487762
-14.762268 2.8443909 -1.3112648
-14.772941 5.1896133 -1.7578257
-14.774288 4.3916693 -2.1225803
-14.770729 3.6055965 -2.4808393
-14.764127 2.840102 -2.8420265
-14.781136 5.1969543 -3.3662949
-14.744149 4.3852472 -3.7063632
-14.755132 3.6018972 -4.0591888
-14.757359 2.8375301 -4.419168
-14.787588 5.1893291 -5.0383654
-14.788479 4.3904738 -5.3873878
-14.758869 3.6101518 -5.7318053
-14.734584 2.8387253 -6.0866175
-52.47361 18.773193 22.629602
-51.477886 15.603519 20.288435
-51.21349 12.834664 18.431467
-51.803574 10.306437 16.981588
-52.214634 13.082929 12.960878
-51.423595 10.219357 11.265772
-14.800308 4.495791 2.5201638
-14.746497 3.692802 2.0909452
-14.765214 2.9374557 1.6949879
-14.765999 5.2904592 1.3725144
-14.765315 4.488307 0.96223652
-14.765928 3.7010653 0.56846172
-14.75519 2.944042 0.18493313
-14.773969 5.2910013 -0.1964711
-14.763313 4.4794445 -0.57977748
-14.757668 3.7016389 -0.94594657
-14.761494 2.9382925 -1.3127728
-14.775422 5.2925553 -1.761952
-14.751548 4.4836035 -2.1232259
-14.746765 3.6957653 -2.4805763
-14.751272 2.9316034 -2.8429611
-14.766797 5.2939434 -3.3703637
-14.774965 4.4932723 -3.7209704
-14.773509 3.7025797 -4.0704184
-14.760393 2.9321432 -4.4253812
-14.781597 5.2893167 -5.0472875
-14.754623 4.4791164 -5.3849654
-14.752885 3.7047725 -5.7382016
-14.748359 2.9353454 -6.0996327
-52.654984 19.203333 22.758209
-51.688324 16.01425 20.409716
-51.160629 13.155569 18.441147
-51.656837 10.607161 16.954504
-52.404507 13.472773 13.028284
-51.558441 10.575415 11.296747
-14.785893 4.5906949 2.5258434
-14.774663 3.7963464 2.0982022
-14.790627 3.0369742 1.7000123
-14.796789 5.4041615 1.3784326
-14.760364 4.5859251 0.9637295
-14.749499 3.7932847 0.56871456
-14.776783 3.0427461 0.18543427
-14.78172 5.3963332 -0.1970108
-14.741681 4.5718474 -0.5800187
-14.772122 3.8017576 -0.94835043
-14.776397 3.0356348 -1.3157299
-14.81913 5.4110312 -1.7710899
-14.758813 4.5849228 -2.1282806
-14.74517 3.7916725 -2.4841747
-14.776145 3.0309093 -2.8512852
-14.79492 5.4067011 -3.3842907
-14.780697 4.5942831 -3.7294431
-14.747419 3.7923634 -4.0695648
-14.760473 3.0264187 -4.4308891
-14.790071 5.3949461 -5.061389
-14.762089 4.5804954 -5.3978462
-14.749104 3.8001795 -5.7456927
-14.772312 3.0344579 -6.1171246
-51.81356 16.402163 20.498522
-51.099377 13.474627 18.448524
-51.539684 10.913103 16.937712
-52.583984 13.863441 13.093806
-51.833733 10.963732 11.371591
-14.791349 4.6920881 2.531646
-14.783442 3.8954554 2.1028042
-14.777267 3.1288466 1.7006514
-14.766839 4.6874828 0.96601212
-14.771407 3.8957043 0.57047027
-14.762934 3.1344404 0.18549833
-14.79173 4.6870508 -0.58310848
-14.768024 3.8974748 -0.94960481
-14.750551 3.1247735 -1.315111
-14.775063 4.68957 -2.1347332
-14.771537 3.8952374 -2.4925969
-14.755945 3.1212373 -2.8510294
-14.76569 4.6891646 -3.7328463
-14.762239 3.8928983 -4.0801692
-14.758243 3.1204438 -4.435884
-14.776952 4.6846986 -5.4136901
-14.778213 3.9045315 -5.7662568
-14.744939 3.1232469 -6.1136098
-52.013985 16.817434 20.618252
-51.112385 13.814034 18.483475
-51.279816 11.187254 16.874552
-51.923096 11.315922 11.418906
-14.760451 4.7821655 2.5279398
-14.765049 3.9876549 2.1036286
-14.762507 3.2204888 1.701195
-14.765574 4.7870073 0.96783268
-14.768377 3.9919839 0.57128847
-14.761045 3.2288198 0.18572006
-14.775544 4.7818823 -0.58361614
-14.750347 3.9897788 -0.95002455
-14.760114 3.2215519 -1.3177012
-14.772425 4.7886987 -2.138557
-14.778597 3.9942439 -2.4978769
-14.750443 3.2147546 -2.8537238
-14.794948 4.7985883 -3.7476158
-14.773949 3.9931011 -4.0901008
-14.753891 3.2142241 -4.4404206
-14.756115 4.7779307 -5.4166951
-14.766602 3.9985547 -5.7711916
-14.75597 3.2203119 -6.1262617
-52.150646 17.215759 20.713907
-51.238094 14.185933 18.560061
-51.239265 11.508218 16.884125
-52.15519 11.702178 11.485523
-14.762131 4.882998 2.5333114
-14.769835 4.0863471 2.1078432
-14.776318 3.3186114 1.7051009
-14.770139 4.8888383 0.97007978
-14.76708 4.0890269 0.57219815
-14.759898 3.323597 0.1859587
-14.773237 4.8814788 -0.58469713
-14.758177 4.0892396 -0.95212686
-14.764799 3.3176146 -1.319912
-14.780063 4.8915958 -2.1439676
-14.770473 4.0894623 -2.5006979
-14.755911 3.3109167 -2.8586583
-14.757892 4.8868499 -3.7457545
-14.772418 4.0901141 -4.0965481
-14.752051 3.3087652 -4.4458933
-14.779282 4.8858252 -5.4361014
-14.778248 4.0991988 -5.7854648
-14.750768 3.3141255 -6.1324286
-52.301163 17.622063 20.816246
-51.309097 14.545134 18.61776
-51.201458 11.830203 16.895269
-52.475407 12.112679 11.572189
-14.780519 4.9899015 2.5416734
-14.75291 4.1792836 2.1090479
-14.774987 3.4136765 1.7073323
-14.765216 4.9879394 0.97174829
-14.75355 4.1829152 0.57265753
-14.749816 3.4165523 0.1860923
-14.746964 4.9733686 -0.58485407
-14.749111 4.1843429 -0.95318049
-14.758245 3.4114022 -1.3211725
-14.781975 4.9930701 -2.1486487
-14.767133 4.1862602 -2.5044339
-14.744843 3.4035938 -2.8605061
-14.787895 4.9976788 -3.7610824
-14.776203 4.1889458 -4.1046481
-14.751678 3.4038825 -4.4519916
-14.760748 4.9803724 -5.4404225
-14.770651 4.1948643 -5.7924581
-14.773438 3.4145763 -6.1504483
-52.51236 18.052761 20.943998
-51.543896 14.953982 18.735901
-51.091888 12.135593 16.883368
-14.798202 5.0972314 2.5500443
-14.766456 4.2811699 2.1147001
-14.769055 3.5079024 1.7091019
-14.769674 5.0906243 0.97407913
-14.772196 4.2863011 0.57439137
-14.776307 3.518357 0.1866954
-14.769093 5.0819707 -0.58695728
-14.769481 4.2882128 -0.95617944
-14.754751 3.5061026 -1.3227606
-14.793742 5.0983872 -2.154866
-14.756404 4.2812114 -2.5070224
-14.761305 3.5029314 -2.8678157
-14.784082 5.0976768 -3.7679973
-14.754542 4.280786 -4.1058502
-14.769786 3.5036495 -4.463861
-14.776393 5.0868511 -5.4575901
-14.797252 4.3007097 -5.8131294
-14.748763 3.5043421 -6.1490121
-52.755146 18.498957 21.085707
-51.699059 15.343537 18.826168
-51.027416 12.451532 16.886993
-14.77783 5.1918654 2.5519757
-14.749414 4.3745141 2.1160636
-14.766735 3.6032114 1.7113597
-14.781921 5.1965375 0.97697139
-14.74566 4.3768735 0.57439303
-14.76351 3.6111751 0.18681015
-14.766478 5.182621 -0.5881061
-14.769915 4.3867822 -0.95793211
-14.775119 3.6068621 -1.3265458
-14.780593 5.1955357 -2.1575537
-14.767987 4.3829918 -2.5135124
-14.768775 3.6005681 -2.8735051
-14.798461 5.2044492 -3.7797298
-14.744894 4.3762527 -4.1105604
-14.767902 3.5990572 -4.4698815
-14.770773 5.1865058 -5.4671659
-14.754772 4.3867216 -5.8069062
-14.760667 3.6029949 -6.1630764
-51.899654 15.760995 18.953827
-51.078033 12.782366 16.916759
-14.802691 5.2994528 2.5707848
-14.770603 4.4798603 2.1260157
-14.770235 3.7029982 1.7106905
-14.77936 5.2921171 0.97448093
-14.738049 4.4674082 0.57994086
-14.769474 3.7079127 0.19166738
-14.768765 5.2840018 -0.58576918
-14.762673 4.4833517 -0.95901012
-14.766418 3.7006943 -1.3298175
-14.772799 5.2946763 -2.1572886
-14.756716 4.4733319 -2.518218
-14.767485 3.7001793 -2.8738778
-14.778259 5.2972612 -3.7823403
-14.76446 4.4767056 -4.1260519
-14.761008 3.6954896 -4.4745698
-14.778994 5.2909608 -5.4775233
-14.751298 4.4800158 -5.823771
-14.77298 3.6988163 -6.1876526
-52.042614 16.153845 19.041876
-51.113895 13.125132 16.95499
-14.807251 5.4038134 2.5772865
-14.772407 4.5795736 2.1302798
-14.755557 3.7956977 1.7116557
-14.788027 5.3978157 0.97721773
-14.773016 4.5771685 0.58241105
-14.765494 3.8033738 0.19191499
-14.808567 5.4009647 -0.58865118
-14.781768 4.5884023 -0.96206135
-14.76272 3.7961895 -1.3315572
-14.796701 5.4059248 -2.1655822
-14.76458 4.5748205 -2.5243027
-14.765517 3.7961206 -2.8779738
-14.804642 5.4094577 -3.7975166
-14.737553 4.5674744 -4.126287
-14.763936 3.7926409 -4.4824276
-14.787581 5.3966269 -5.4928756
-14.756276 4.5806093 -5.8367233
-14.751922 3.7898805 -6.1884551
-52.259487 16.573393 19.158077
-51.243607 13.494131 17.025162
-14.78198 4.6821504 2.1357632
-14.754663 3.8921463 1.71429
-14.768228 4.6751909 0.58334225
-14.751972 3.8965678 0.19204637
-14.769396 4.6841087 -0.96310866
-14.76654 3.8939235 -1.3340317
-14.750942 4.6699858 -2.5268228
-14.772758 3.8947721 -2.8839889
-14.749709 4.6706285 -4.1376362
-14.791137 3.8965292 -4.49786
-14.750334 4.6781831 -5.8456173
-14.775988 3.8928659 -6.2084551
-52.369411 16.962603 19.236168
-51.396046 13.872054 17.103764
-14.758679 4.7746096 2.1365893
-14.768332 3.9928331 1.7186923
-14.766171 4.774416 0.58440715
-14.753647 3.9940124 0.19238359
-14.772195 4.7849503 -0.96518755
-14.77087 3.9921594 -1.3366108
-14.768926 4.775579 -2.5348752
-14.745409 3.9844859 -2.8833685
-14.7585 4.7732453 -4.148241
-14.727905 3.9766703 -4.4859676
-14.757282 4.7802405 -5.8598843
-14.773436 3.9892926 -6.2175508
-52.53915 17.374493 19.337311
-51.577995 14.261254 17.193113
-14.774842 4.8801847 2.1432238
-14.770825 4.0909281 1.7218715
-14.785128 4.8809505 0.58633167
-14.789063 4.1011586 0.19316992
-14.75771 4.8805127 -0.96617973
-14.748396 4.0833535 -1.3396597
-14.778893 4.8791623 -2.5416765
-14.757206 4.0849972 -2.8905225
-14.783587 4.8817596 -4.1636333
-14.773625 4.0864367 -4.5074463
-14.753428 4.8792176 -5.8701324
-14.751604 4.0806751 -6.2187839
-52.765903 17.809389 19.460623
-51.701721 14.63754 17.263969
-14.794441 4.9875455 2.1504657
-14.781604 4.1917372 1.7260938
-14.774653 4.9782348 0.58711666
-14.753094 4.1888361 0.19303218
-14.764009 4.9832964 -0.9685756
-14.760719 4.1844459 -1.3430859
-14.765994 4.9755874 -2.5446608
-14.763246 4.1843638 -2.8966796
-14.759107 4.9743128 -4.165256
-14.756639 4.1793785 -4.5100031
-14.756346 4.980835 -5.8833427
-14.761579 4.1811085 -6.2336864
-51.93084 15.047196 17.370979
-14.786561 5.0861406 2.153816
-14.77207 4.2871351 1.7280198
-14.793798 5.0859756 0.5891065
-14.770293 4.2918282 0.19359817
-14.76532 5.0848703 -0.97069025
-14.749203 4.2791262 -1.344402
-14.760698 5.0748677 -2.5490665
-14.78387 4.2883816 -2.9058347
-14.77385 5.080441 -4.1781359
-14.777899 4.2835212 -4.5244479
-14.762834 5.0841398 -5.8982563
-14.77024 4.2816334 -6.2483211
-52.065041 15.432991 17.447218
-14.781497 5.1860404 2.1576731
-14.78698 4.3900089 1.7328821
-14.780533 5.1830425 0.58983356
-14.767925 4.3895822 0.1939165
-14.763826 5.1859055 -0.97266567
-14.763475 4.3816566 -1.3481282
-14.768182 5.1789842 -2.5557985
-14.756085 4.3786592 -2.9055998
-14.760448 5.1773272 -4.1832514
-14.755407 4.3753233 -4.5256963
-14.780212 5.1917872 -5.9178162
-14.754992 4.3755331 -6.2531104
-52.236588 15.833163 17.53693
-14.777188 5.286582 2.1617382
-14.756351 4.4796219 1.7324815
-14.77303 5.2824249 0.5908165
-14.802037 4.4987526 0.19472323
-14.770535 5.2902966 -0.97522795
-14.768672 4.4819813 -1.3510885
-14.770122 5.2816591 -2.5616946
-14.752009 4.4761181 -2.9101505
-14.766171 5.2813067 -4.1939788
-14.76288 4.4762688 -4.5363274
-14.779738 5.2937198 -5.9305201
-14.768305 4.4782481 -6.2702799
-52.441299 16.247211 17.638792
-14.796923 5.3962822 2.1694283
-14.772623 4.583745 1.7376614
-14.785568 5.3894577 0.59262931
-14.762199 4.5857778 0.19456567
-14.802112 5.4043097 -0.97948378
-14.762163 4.579114 -1.3530381
-14.784618 5.3893871 -2.569896
-14.757302 4.5767961 -2.9166799
-14.782033 5.3895106 -4.2077971
-14.766828 4.5765896 -4.5460835
-14.798451 5.403101 -5.95122
-14.769398 4.5777221 -6.2825518
-52.58234 16.645197 17.720251
-14.77692 4.684669 1.7415153
-14.770943 4.6880608 0.19505633
-14.782755 4.6851263 -1.3575349
-14.763169 4.6781058 -2.9234576
-14.793257 4.6844616 -4.5629835
-14.76438 4.6756539 -6.2925034
-14.762296 4.779912 1.7432154
-14.778974 4.7906232 0.1955469
-14.765901 4.7796793 -1.3586546
-14.768529 4.7797174 -2.9302716
-14.75991 4.7737441 -4.5616469
-14.7722 4.7780571 -6.3082118
-14.783021 4.8870416 1.749171
-14.777497 4.8905473 0.19592074
-14.767888 4.8806324 -1.3615674
-14.772563 4.881361 -2.9369597
-14.785575 4.8824592 -4.5787516
-14.764661 4.8758926 -6.3176503
-14.77101 4.9838157 1.7513353
-14.759771 4.9853706 0.1960876
-14.77754 4.9846058 -1.3652515
-14.764838 4.9795022 -2.9414432
-14.758744 4.9742336 -4.5798078
-14.802364 4.9892812 -6.3467631
-14.778879 5.0876875 1.7559365
-14.783322 5.094595 0.19681208
-14.774119 5.084631 -1.3677922
-14.76128 5.0793891 -2.946888
-14.777135 5.081614 -4.5951042
-14.781101 5.0833244 -6.3509002
-14.779672 5.1896105 1.7597809
-14.763373 5.1892819 0.19696671
-14.77101 5.1851454 -1.3704242
-14.784821 5.1891623 -2.9578881
-14.780251 5.1843162 -4.6058779
-14.785891 5.1866388 -6.3665118
-14.774219 5.2893267 1.7636012
-14.776797 5.2957239 0.19785376
-14.778518 5.2907147 -1.3741314
-14.776565 5.2883224 -2.9626722
-14.787945 5.2891378 -4.6183023
-14.784396 5.3955402 1.7687348
-14.77219 5.3965821 0.19823171
-14.785948 5.3959551 -1.3778751
-14.784431 5.3937001 -2.9708295
-14.779983 5.3888068 -4.6260552
