# .PCD v0.7 - Point Cloud Data file format
VERSION 0.7
FIELDS x y z
SIZE 4 4 4
TYPE F F F
COUNT 1 1 1
WIDTH 19636
HEIGHT 1
VIEWPOINT 0 0 0 1 0 0 0
POINTS 19636
DATA ascii
16.75 22.25 240.25
16.75 28.25 245.25
16.75 29.25 248.75
16.75 31.25 249.75
16.75 30.25 249.25
16.75 30.75 249.25
16.75 29.75 248.75
16.75 30.25 249.75
16.75 29.25 248.25
16.25 39.75 269.25
16.25 38.25 268.25
16.25 39.25 268.75
17.75 44.75 276.25
16.75 44.25 276.25
16.75 44.25 276.75
17.75 44.75 276.75
18.25 44.25 276.75
16.25 44.25 276.25
17.25 44.75 276.25
16.75 44.75 276.25
17.75 44.25 276.25
17.75 43.75 278.75
16.75 44.25 277.25
16.75 45.25 277.75
17.75 44.75 277.25
16.25 44.25 276.75
17.25 44.75 276.75
17.25 43.25 278.25
16.25 43.75 278.25
16.25 44.75 277.75
17.25 45.25 277.25
17.25 44.25 277.75
16.25 42.75 274.25
16.25 43.75 274.75
17.25 43.25 274.75
17.25 42.25 274.25
18.25 42.75 276.25
16.25 43.75 276.25
16.25 45.75 279.25
17.25 45.25 279.25
17.25 46.25 278.75
17.25 43.25 276.25
16.75 44.75 276.75
17.75 44.25 276.75
16.75 43.75 278.75
16.75 44.75 277.25
17.75 45.25 277.75
17.75 44.25 277.25
16.25 44.75 276.75
17.25 44.25 276.75
18.25 44.75 277.75
17.25 43.25 278.75
16.25 44.75 277.25
17.25 45.25 277.75
17.25 44.25 277.25
16.75 39.75 271.75
17.25 45.25 276.75
17.25 44.25 276.25
16.25 44.25 277.25
16.25 45.25 277.75
17.25 45.75 277.75
17.25 44.75 277.25
17.25 43.75 278.75
17.25 41.75 275.75
16.25 42.25 274.25
16.25 43.25 274.75
17.25 43.75 274.75
17.25 42.75 274.25
16.75 43.25 278.25
16.75 45.25 277.25
16.75 44.25 277.75
17.75 44.75 277.75
17.75 43.75 278.25
17.75 45.75 279.25
15.75 42.75 275.25
16.75 43.25 276.25
17.75 43.75 276.25
17.75 42.75 276.75
17.25 39.25 271.25
16.25 42.75 273.75
17.25 44.25 274.75
17.25 43.25 273.25
17.25 42.25 273.75
17.25 41.25 272.25
17.25 40.25 272.75
17.75 39.75 271.75
18.25 43.25 274.75
16.25 43.25 274.25
16.25 42.25 274.75
17.25 43.75 274.25
17.25 42.75 274.75
17.25 41.75 275.25
16.25 41.25 273.25
16.25 44.25 275.75
17.25 44.75 275.75
17.25 41.75 273.25
17.25 42.75 272.75
17.25 40.75 273.75
17.25 39.75 271.75
17.25 39.75 270.25
17.25 38.75 270.75
15.75 42.25 274.25
16.75 45.75 278.25
17.75 45.25 278.25
16.75 44.75 278.75
16.75 43.75 277.25
17.75 44.25 278.75
17.75 43.25 277.25
16.75 43.75 278.25
16.75 44.75 277.75
17.75 45.25 277.25
17.75 44.25 277.75
16.75 42.75 277.25
15.75 42.25 274.75
16.75 45.75 278.75
16.75 44.75 278.25
16.75 43.75 277.75
17.75 45.25 278.75
17.75 44.25 278.25
18.25 44.75 278.75
16.25 43.75 277.75
16.25 44.75 278.25
16.25 45.75 278.75
17.25 46.25 279.25
17.25 45.25 278.75
17.25 43.25 277.75
17.25 44.25 278.25
16.25 45.25 277.25
16.25 44.25 277.75
17.25 45.75 277.25
17.25 44.75 277.75
17.25 39.75 272.25
17.25 43.75 278.25
16.25 43.25 276.25
17.25 46.75 278.75
17.25 45.75 279.25
17.25 43.75 276.25
17.25 42.75 276.75
18.25 45.25 278.75
16.25 43.25 277.25
16.25 44.25 278.75
16.25 45.25 278.25
17.25 45.75 278.25
17.25 44.75 278.75
17.25 43.75 277.25
16.25 41.25 272.75
16.25 42.25 273.25
16.25 43.25 273.75
17.25 41.75 272.75
17.25 43.75 273.75
17.25 42.75 273.25
17.25 40.75 272.25
16.75 42.25 276.25
15.75 42.75 275.75
16.75 43.25 276.75
17.75 44.75 279.25
17.75 42.75 276.25
17.75 43.75 276.75
15.75 43.25 275.25
16.75 43.75 276.75
16.75 44.75 279.25
17.75 44.25 279.25
16.75 42.75 276.25
17.75 43.25 276.75
16.75 45.25 278.25
17.75 45.75 278.25
16.75 43.25 277.25
16.75 44.25 278.75
17.75 44.75 278.75
17.75 43.75 277.25
15.75 43.25 276.75
16.75 43.75 275.25
17.75 42.25 275.75
17.75 41.25 274.25
16.75 42.75 275.75
16.75 41.75 274.25
17.75 43.25 275.25
18.25 43.75 277.75
18.25 45.75 278.75
16.25 45.75 278.25
16.25 43.75 277.25
16.25 44.75 278.75
17.25 45.25 278.25
17.25 44.25 278.75
17.25 43.25 277.25
15.75 42.75 274.75
16.75 43.25 277.75
17.75 45.75 278.75
16.75 45.25 278.75
17.75 44.75 278.25
16.75 44.25 278.25
17.75 43.75 277.75
18.25 44.25 278.75
16.25 45.25 278.75
16.25 44.25 278.25
17.25 46.75 279.25
17.25 45.75 278.75
17.25 44.75 278.25
17.25 42.75 277.25
17.25 43.75 277.75
18.25 43.75 275.75
16.25 41.75 274.25
16.25 43.75 275.25
16.25 42.75 275.75
17.25 43.25 275.25
17.25 41.25 274.25
17.25 42.25 275.75
16.75 39.25 271.25
17.75 39.75 271.25
16.25 42.75 276.25
16.25 43.75 276.75
17.25 46.25 278.25
17.25 44.25 279.25
17.25 42.25 276.25
17.25 43.25 276.75
15.75 42.25 275.25
15.75 43.25 275.75
16.75 43.75 276.25
16.75 45.75 279.25
17.75 46.25 278.75
16.75 42.75 276.75
17.75 43.25 276.25
17.25 44.75 279.25
16.25 43.25 276.75
17.25 43.75 276.75
17.25 42.75 276.25
17.75 39.25 270.75
16.75 39.75 270.75
16.75 43.25 274.75
15.75 43.75 277.25
15.75 44.75 278.75
17.75 43.75 274.75
16.75 42.25 274.25
17.75 42.75 274.25
16.25 42.75 274.75
17.25 42.25 274.75
17.25 43.25 274.25
16.75 43.25 274.25
15.75 43.75 277.75
15.75 44.75 278.25
15.75 45.75 278.75
17.75 41.75 275.25
16.75 42.25 274.75
17.75 42.75 274.75
16.75 41.25 274.75
15.75 43.75 276.25
16.75 43.25 275.75
17.75 43.75 275.75
16.75 42.25 275.25
17.75 42.75 275.25
17.75 41.75 274.75
16.75 41.75 275.75
16.75 42.75 274.25
16.75 43.75 274.75
15.75 44.25 278.75
15.75 45.25 278.25
17.75 43.25 274.75
17.75 42.25 274.25
16.25 41.75 273.25
17.25 43.25 272.25
17.25 44.25 275.75
17.25 41.25 273.25
17.25 42.25 272.75
15.75 43.25 276.25
16.75 43.75 275.75
16.75 42.75 275.25
16.75 41.75 274.75
17.75 43.25 275.75
17.75 42.25 275.25
16.25 41.75 274.75
16.25 42.75 275.25
16.25 43.75 275.75
17.25 43.25 275.75
17.25 41.25 274.75
17.25 42.25 275.25
16.75 41.75 275.25
16.75 43.75 274.25
15.75 45.25 278.75
15.75 44.25 278.25
16.75 42.75 274.75
17.75 43.25 274.25
17.75 42.25 274.75
16.25 42.25 275.25
16.25 43.25 275.75
17.25 42.75 275.25
17.25 43.75 275.75
17.25 41.75 274.75
16.75 43.25 275.25
15.75 43.75 276.75
17.75 43.75 275.25
16.75 41.25 274.25
16.75 42.25 275.75
17.75 42.75 275.75
17.75 41.75 274.25
16.25 42.25 275.75
16.25 43.25 275.25
17.25 43.75 275.25
17.25 42.75 275.75
17.25 41.75 274.25
16.75 42.25 272.75
16.75 44.25 275.75
17.75 42.75 272.75
17.75 40.75 273.75
16.75 41.25 273.25
17.75 41.75 273.25
16.75 39.75 271.25
16.25 39.75 270.75
17.25 39.25 270.75
16.25 36.25 264.75
16.25 40.25 270.75
16.25 37.25 264.25
17.25 42.75 271.75
17.25 41.75 270.25
17.25 40.75 270.75
17.25 38.75 265.75
16.75 42.25 272.25
16.75 40.25 273.25
17.75 40.75 273.25
16.75 41.25 273.75
17.75 41.75 273.75
17.75 42.25 272.25
16.75 41.75 273.75
16.75 40.75 273.25
17.75 41.25 273.75
16.25 41.75 273.75
17.25 43.25 272.75
17.25 44.25 275.25
17.25 42.25 272.25
17.25 41.25 273.75
17.25 44.75 275.25
16.25 41.25 273.75
17.25 42.75 272.25
17.25 41.75 273.75
17.25 40.75 273.25
16.75 42.25 273.75
15.75 44.75 277.25
17.75 42.75 273.75
16.75 41.25 272.25
16.75 40.25 272.75
17.75 41.75 272.25
17.75 40.75 272.75
16.75 41.75 272.25
17.75 43.25 273.25
16.75 42.75 273.75
15.75 44.25 277.25
15.75 45.25 277.75
17.75 40.25 272.75
16.75 40.75 272.75
17.75 42.25 273.75
17.75 41.25 272.25
16.75 42.25 273.25
16.75 43.25 273.75
15.75 43.75 278.25
15.75 44.75 277.75
17.75 42.75 273.25
16.75 41.25 272.75
16.75 40.25 272.25
17.75 41.75 272.75
17.75 40.75 272.25
17.25 39.75 271.25
16.25 39.75 269.75
17.25 39.25 269.75
16.25 39.25 269.25
17.25 37.75 268.25
17.25 38.75 269.75
16.75 42.75 272.75
17.75 44.25 275.75
16.75 40.75 273.75
16.75 41.75 273.25
17.75 42.25 272.75
17.75 41.25 273.25
16.75 41.75 272.75
16.75 42.75 273.25
15.75 44.25 277.75
17.75 43.25 273.75
17.75 40.25 272.25
16.75 40.75 272.25
17.75 42.25 273.25
17.75 41.25 272.75
16.25 41.25 272.25
16.25 42.25 273.75
17.25 43.75 273.25
17.25 41.75 272.25
17.25 42.75 273.75
17.25 40.75 272.75
16.25 40.75 272.25
17.25 44.25 274.25
17.25 42.25 273.25
17.25 41.25 272.75
17.25 43.25 273.75
17.25 40.25 272.25
16.75 39.25 270.75
17.75 39.75 270.75
17.25 38.75 270.25
17.25 39.75 270.75
16.75 39.75 270.25
17.75 39.25 270.25
16.25 39.75 270.25
17.25 39.25 270.25
16.75 39.75 269.75
16.75 38.75 269.25
17.75 39.25 269.75
16.75 39.25 268.75
16.75 38.25 268.25
17.75 39.75 268.75
17.75 38.75 268.25
16.25 38.75 268.25
17.25 40.25 267.25
17.25 38.25 268.25
16.25 39.25 268.25
17.25 38.75 268.75
17.25 39.75 268.25
17.25 40.25 269.25
17.25 41.25 269.75
17.25 39.25 266.75
16.75 39.25 270.25
17.75 39.75 270.25
16.75 39.25 269.75
17.75 38.75 269.25
17.75 39.75 269.75
16.75 39.25 269.25
17.75 38.75 269.75
17.75 39.75 269.25
16.25 39.25 269.75
17.25 38.75 269.25
16.75 37.75 268.25
16.75 39.75 269.25
16.75 38.75 269.75
17.75 39.25 269.25
16.75 39.75 268.25
16.75 38.75 268.75
17.75 38.25 268.75
17.75 39.25 268.25
16.75 40.25 267.75
16.75 39.25 268.25
16.75 38.25 268.75
17.75 38.75 268.75
17.75 39.75 268.25
16.25 38.75 268.75
17.25 38.25 268.75
17.25 40.25 267.75
16.25 37.25 266.25
16.25 38.25 267.75
17.25 40.75 268.75
17.25 39.75 267.25
16.25 40.25 270.25
16.25 36.25 264.25
16.25 37.25 264.75
17.25 41.75 270.75
17.25 40.75 270.25
17.25 38.75 265.25
16.25 40.75 271.75
16.25 37.75 265.25
17.25 36.25 265.75
17.25 41.25 271.25
17.25 40.25 271.75
17.25 38.25 264.75
16.75 35.75 264.75
16.75 39.75 266.75
16.75 38.75 266.25
16.75 40.75 269.25
16.75 37.75 267.75
17.75 40.25 269.25
17.75 39.25 266.75
17.75 38.25 266.25
17.25 36.75 260.75
16.75 34.25 260.25
16.75 36.25 263.25
16.75 35.25 260.75
16.75 37.25 263.75
17.75 37.75 263.75
17.75 34.75 260.25
17.75 36.75 263.25
17.75 35.75 260.75
16.75 33.25 256.25
16.75 34.25 257.75
17.75 34.75 257.75
17.75 32.75 256.75
17.75 33.75 256.25
17.25 31.75 256.25
16.75 35.25 257.75
16.75 33.25 256.75
16.75 34.25 257.25
17.75 32.75 256.25
17.75 34.75 257.25
17.75 33.75 256.75
16.75 32.75 256.25
16.75 34.75 257.25
16.75 33.75 256.75
17.75 35.25 257.75
17.75 34.25 257.25
17.75 32.25 256.25
17.75 33.25 256.75
16.25 36.75 264.25
17.25 42.25 271.25
17.25 40.25 270.25
17.25 41.25 270.75
17.25 39.25 265.75
17.25 36.25 264.25
16.75 34.25 256.25
17.75 33.75 257.75
17.75 32.75 257.25
16.75 32.25 257.25
17.25 39.25 267.25
16.25 38.75 267.75
16.25 37.75 266.25
17.25 40.25 268.75
17.25 37.25 266.25
17.75 36.25 260.25
16.75 35.75 263.75
17.25 36.75 260.25
17.25 35.75 263.75
16.75 33.75 256.25
16.75 34.75 257.75
17.75 33.25 256.25
17.75 34.25 257.75
17.75 32.25 256.75
16.75 35.25 260.25
16.75 36.25 263.75
16.75 37.25 263.25
17.75 35.75 260.25
16.75 34.25 260.75
17.75 34.75 260.75
17.75 36.75 263.75
16.75 40.25 268.25
16.75 39.25 267.75
16.75 38.25 267.25
16.75 37.25 266.75
17.75 39.75 267.75
17.75 38.75 267.25
17.75 37.75 266.75
16.25 38.75 267.25
16.25 37.75 266.75
17.25 40.25 268.25
17.25 37.25 266.75
16.25 35.75 262.25
17.25 37.25 261.25
17.25 35.25 262.25
18.25 35.75 262.75
16.75 37.25 264.75
16.75 39.25 265.75
16.75 38.25 265.25
16.75 41.25 270.75
16.75 40.25 270.25
17.75 41.75 270.75
17.75 40.75 270.25
17.75 37.75 264.75
16.75 36.25 264.25
17.75 36.75 264.25
17.25 38.75 264.25
16.25 41.25 271.75
16.25 40.25 271.25
16.25 37.25 265.75
17.25 40.75 271.25
17.25 41.75 271.75
17.25 36.75 265.25
16.75 39.75 268.75
16.75 38.75 268.25
17.75 39.25 268.75
17.75 38.25 268.25
16.75 38.75 264.75
16.75 37.75 265.25
16.75 41.75 271.25
16.75 40.75 271.75
17.75 40.25 271.75
17.75 41.25 271.25
17.75 38.25 264.75
16.75 36.75 265.75
17.75 37.25 265.25
16.75 35.25 262.25
16.75 36.25 261.75
17.75 36.75 261.75
17.75 35.75 262.25
17.75 34.75 262.75
17.25 40.75 268.25
16.25 38.25 267.25
17.25 39.75 267.75
17.25 36.75 266.25
16.75 41.25 269.75
16.75 39.25 266.75
16.75 38.25 266.25
16.75 40.25 269.25
17.75 38.75 266.25
17.75 37.75 267.75
16.75 38.75 266.75
16.75 40.75 269.75
17.75 40.25 269.75
17.75 38.25 266.75
16.75 37.75 267.25
16.75 35.75 264.25
16.75 38.25 267.75
16.75 39.25 267.25
16.75 40.25 268.75
17.75 38.75 267.75
16.75 37.25 266.25
17.75 37.75 266.25
16.25 37.75 267.25
17.25 41.25 269.25
17.25 39.25 266.25
17.25 37.25 267.25
16.75 40.75 268.75
16.75 39.75 267.25
16.75 38.75 267.75
16.75 37.75 266.25
17.75 40.25 268.75
17.75 39.25 267.25
17.75 37.25 266.25
17.75 38.25 267.75
16.75 37.25 264.25
16.75 42.25 271.75
16.75 38.25 265.75
16.75 41.25 270.25
16.75 40.25 270.75
17.75 40.75 270.75
17.75 38.75 265.75
17.75 37.75 264.25
16.75 36.25 264.75
17.75 36.75 264.75
16.25 38.25 266.25
17.25 41.75 269.75
17.25 39.75 266.75
17.25 40.75 269.25
17.25 35.75 264.75
17.25 37.75 267.75
16.75 36.75 264.75
16.75 37.75 264.25
16.75 38.75 265.75
16.75 40.75 270.75
17.75 42.25 271.75
17.75 41.25 270.25
17.75 40.25 270.75
17.75 38.25 265.75
17.75 37.25 264.25
17.75 36.25 264.75
16.25 36.75 264.75
17.25 39.25 265.25
17.25 42.25 271.75
17.25 40.25 270.75
17.25 41.25 270.25
17.25 36.25 264.75
16.25 35.25 262.75
17.25 36.75 261.25
17.25 35.75 262.75
18.25 35.25 262.25
17.25 34.75 262.25
16.75 36.25 265.75
16.75 38.25 264.75
16.75 37.25 265.25
16.75 41.25 271.25
17.75 41.75 271.25
16.75 40.25 271.75
17.75 40.75 271.75
17.75 37.75 265.25
17.75 36.75 265.75
16.25 40.25 271.75
16.25 37.25 265.25
17.25 40.75 271.75
17.25 41.75 271.25
17.25 38.75 264.75
17.25 36.75 265.75
17.75 36.25 260.75
16.75 35.75 263.25
17.75 35.25 263.25
16.75 39.75 267.75
16.75 38.75 267.25
16.75 37.75 266.75
16.75 36.75 266.25
17.75 39.25 267.75
17.75 38.25 267.25
17.75 37.25 266.75
16.25 35.75 263.25
17.25 36.25 260.75
17.25 35.25 263.25
16.75 38.25 264.25
16.75 37.25 265.75
16.75 41.25 271.75
16.75 40.25 271.25
17.75 41.75 271.75
17.75 40.75 271.25
16.75 36.25 265.25
17.75 37.75 265.75
17.75 36.75 265.25
16.75 37.75 265.75
16.75 41.75 271.75
16.75 40.75 271.25
17.75 41.25 271.75
16.75 36.75 265.25
17.75 40.25 271.25
17.75 37.25 265.75
17.75 36.25 265.25
16.25 40.75 271.25
16.25 36.75 265.25
16.25 37.75 265.75
17.25 40.25 271.25
17.25 38.25 264.25
17.25 36.25 265.25
16.75 37.25 267.25
16.75 39.25 266.25
16.75 38.25 266.75
16.75 40.25 269.75
17.75 40.75 269.75
17.75 38.75 266.75
17.75 37.75 267.25
17.75 35.75 264.25
16.75 41.75 270.75
16.75 38.75 265.25
16.75 37.75 264.75
16.75 40.75 270.25
17.75 41.25 270.75
17.75 40.25 270.25
17.75 38.25 265.25
17.75 37.25 264.75
17.75 36.25 264.25
16.25 38.25 266.75
17.25 39.75 266.25
17.25 40.75 269.75
17.25 37.75 267.25
17.25 35.75 264.25
16.75 36.25 260.25
16.75 35.25 263.75
17.75 35.75 263.75
16.25 35.75 263.75
17.25 36.25 260.25
17.25 37.25 260.75
17.25 35.25 263.75
16.75 34.25 258.75
16.75 35.25 258.25
17.75 34.75 258.75
16.75 33.25 259.25
17.75 33.75 259.25
16.75 30.75 249.75
16.75 29.75 248.25
16.75 27.75 251.25
16.25 35.25 262.25
17.25 36.75 261.75
17.25 34.75 262.75
16.25 35.25 260.75
16.25 34.25 260.25
16.25 36.25 263.25
17.25 37.75 263.75
18.25 35.25 260.25
18.25 34.25 260.75
16.75 36.25 260.75
16.75 35.25 263.25
17.75 35.75 263.25
16.75 36.75 261.25
16.75 35.75 262.75
17.75 36.25 261.25
16.75 34.75 262.25
17.75 35.25 262.75
16.25 33.25 259.25
16.25 34.25 258.75
17.25 33.75 259.25
17.25 35.75 258.25
18.25 34.25 258.25
17.25 32.75 259.75
16.75 35.75 262.25
16.75 34.75 262.75
16.75 36.75 261.75
17.75 36.25 261.75
17.75 35.25 262.25
17.25 36.25 261.25
16.25 35.75 262.75
17.25 37.25 261.75
17.25 35.25 262.75
18.25 35.75 262.25
17.25 34.25 262.25
16.75 35.75 261.75
16.75 34.75 261.25
16.75 36.75 262.25
17.75 36.25 262.25
17.75 37.25 262.75
17.75 35.25 261.75
16.75 33.75 260.75
17.75 34.25 261.25
16.25 35.75 261.75
16.25 34.75 261.25
17.25 38.25 263.25
17.25 37.25 262.75
18.25 35.75 261.25
18.25 34.75 261.75
17.25 34.25 261.25
16.25 34.75 260.75
16.25 36.75 263.75
17.25 36.25 263.75
17.25 34.25 260.75
18.25 34.75 260.25
16.75 34.25 262.25
16.75 36.25 261.25
17.75 36.75 261.25
16.75 35.25 262.75
17.75 35.75 262.75
17.75 34.75 262.25
16.75 36.25 262.25
16.75 37.25 262.75
17.75 36.75 262.25
17.75 35.75 261.75
16.75 34.25 261.25
17.75 34.75 261.25
17.75 33.75 260.75
16.25 36.25 262.25
17.25 36.75 262.25
16.25 35.25 261.75
17.25 37.75 262.75
17.25 34.75 261.25
18.25 35.25 261.25
17.25 33.75 260.75
16.75 35.75 261.25
16.75 36.75 262.75
17.75 37.25 262.25
17.75 35.25 261.25
16.75 34.75 261.75
17.75 36.25 262.75
17.75 34.25 261.75
16.75 33.75 260.25
17.75 33.25 260.25
16.75 35.75 259.25
16.75 34.75 259.75
17.75 32.25 258.75
17.75 34.25 259.75
17.75 35.25 259.25
17.75 33.25 258.25
16.75 32.75 258.75
16.75 30.25 253.75
16.75 29.25 252.25
17.75 28.75 252.75
16.25 33.75 259.25
17.25 35.25 258.25
17.25 33.25 259.25
18.25 33.75 259.75
17.25 34.75 256.25
16.25 32.25 257.25
16.25 33.25 257.75
18.25 32.25 257.75
18.25 33.25 257.25
16.25 32.75 256.75
17.25 36.25 258.75
17.25 35.25 257.25
18.25 33.75 256.75
17.25 32.25 256.75
18.25 32.75 256.25
16.25 34.75 260.25
16.25 36.75 263.25
17.25 34.25 260.25
18.25 34.75 260.75
16.75 35.75 260.75
16.75 36.75 263.25
16.75 37.75 263.75
17.75 37.25 263.75
17.75 35.25 260.75
17.75 36.25 263.25
17.75 34.25 260.25
16.25 35.25 260.25
16.25 34.25 260.75
16.25 36.25 263.75
17.25 37.75 263.25
18.25 35.25 260.75
17.25 33.75 261.25
18.25 34.25 260.25
16.75 35.75 260.25
16.75 37.75 263.25
16.75 36.75 263.75
17.75 37.25 263.25
17.75 35.25 260.25
16.75 33.75 261.25
17.75 36.25 263.75
17.75 34.25 260.75
16.25 36.25 262.75
16.25 35.25 261.25
17.25 37.75 262.25
17.25 34.75 261.75
18.25 35.25 261.75
17.25 33.75 260.25
16.75 31.75 257.75
17.75 30.75 254.25
16.75 30.25 254.25
16.75 31.25 256.25
17.75 31.75 256.25
16.75 37.25 262.25
16.75 36.25 262.75
17.75 36.75 262.75
17.75 35.75 261.25
16.75 34.25 261.75
17.75 34.75 261.75
16.75 33.25 260.25
17.75 33.75 260.25
16.25 33.75 260.25
16.25 34.75 261.75
16.25 35.75 261.25
17.25 38.25 263.75
17.25 37.25 262.25
18.25 35.75 261.75
17.25 34.25 261.75
18.25 34.75 261.25
17.25 33.25 260.25
16.75 34.25 256.75
17.75 33.75 257.25
17.75 34.75 256.75
17.75 32.75 257.75
16.75 32.25 257.75
16.75 33.75 259.75
16.75 34.75 258.25
17.75 35.25 258.75
17.75 34.25 258.25
16.75 32.75 259.25
17.75 33.25 259.75
16.25 34.25 259.25
16.25 33.25 258.75
17.25 35.75 259.75
17.25 32.75 258.25
18.25 34.25 259.75
18.25 33.25 258.25
16.25 34.75 259.75
16.25 33.75 258.25
18.25 34.75 259.25
17.25 32.25 258.75
18.25 33.75 258.75
18.25 32.75 258.25
17.75 31.75 257.75
16.75 31.75 257.25
16.25 33.75 259.75
17.25 35.25 258.75
18.25 34.75 258.75
18.25 33.75 259.25
17.25 33.25 259.75
16.75 32.75 259.75
16.75 34.75 258.75
17.75 34.25 258.75
17.75 35.25 258.25
17.75 33.25 259.25
16.75 34.25 258.25
16.75 35.25 258.75
17.75 35.75 258.75
17.75 34.75 258.25
16.75 33.25 259.75
17.75 33.75 259.75
17.75 32.75 259.25
16.25 34.25 258.25
17.25 35.75 258.75
17.25 33.75 259.75
18.25 34.25 258.75
18.25 33.25 259.25
17.25 32.75 259.25
16.75 32.25 258.75
16.75 35.25 259.25
17.75 34.75 259.75
17.75 33.75 258.25
17.75 35.75 259.25
17.75 32.75 258.75
16.75 35.25 259.75
17.75 34.75 259.25
17.75 35.75 259.75
17.75 33.75 258.75
16.75 33.25 258.75
16.75 32.25 258.25
17.75 32.75 258.25
16.25 32.75 257.25
16.25 33.75 257.75
17.25 34.25 256.25
17.25 36.25 259.25
17.25 35.25 256.75
18.25 33.75 257.25
17.25 32.25 257.25
18.25 32.75 257.75
16.75 33.75 257.25
17.75 36.25 259.75
17.75 34.25 256.75
17.75 32.25 257.75
16.25 32.25 257.75
16.25 33.25 257.25
17.25 34.75 256.75
17.25 36.75 259.75
17.25 32.75 257.75
18.25 33.25 257.75
18.25 32.25 257.25
16.25 32.75 256.25
17.25 35.25 257.75
18.25 32.75 256.75
16.25 33.25 256.75
16.25 32.25 256.25
17.25 34.75 257.25
17.25 35.75 257.75
18.25 33.25 256.25
18.25 32.25 256.75
16.25 31.75 256.25
17.25 31.25 256.25
18.25 31.75 256.75
17.25 33.75 256.25
16.25 33.25 256.25
16.25 32.25 256.75
17.25 34.75 257.75
17.25 35.75 257.25
18.25 33.25 256.75
18.25 32.25 256.25
16.25 34.25 259.75
16.25 33.25 258.25
17.25 35.75 259.25
18.25 35.25 259.75
18.25 34.25 259.25
17.25 32.75 258.75
18.25 33.25 258.75
16.75 34.75 259.25
16.75 35.75 259.75
17.75 34.25 259.25
17.75 35.25 259.75
16.75 32.75 258.25
17.75 33.25 258.75
17.75 32.25 258.25
16.25 34.75 259.25
16.25 32.75 258.25
16.25 33.75 258.75
17.25 33.25 258.75
18.25 33.75 258.25
18.25 34.75 259.75
17.25 32.25 258.25
17.25 31.75 257.75
16.25 33.75 257.25
16.25 32.75 257.75
17.25 34.25 256.75
17.25 36.25 259.75
18.25 33.75 257.75
17.25 32.25 257.75
18.25 32.75 257.25
17.25 31.25 257.25
16.75 31.75 256.75
16.75 30.75 256.25
17.75 31.25 256.75
17.25 31.75 256.75
17.25 30.75 256.25
17.75 31.25 255.25
16.75 29.75 254.25
16.75 30.75 255.75
17.75 31.75 255.25
17.75 30.75 255.75
17.75 29.75 254.25
16.75 31.75 252.75
17.75 29.25 253.75
16.75 29.75 253.75
16.75 33.75 257.75
17.75 34.25 256.25
17.75 33.25 257.75
17.75 32.25 257.25
17.25 31.75 257.25
17.75 31.75 257.25
16.75 31.25 256.75
17.75 30.75 256.25
17.75 31.75 256.75
16.25 31.75 256.75
17.25 31.25 256.75
18.25 31.75 256.25
16.75 31.75 256.25
17.75 31.25 256.25
16.75 30.25 254.75
17.75 30.75 254.75
16.25 31.75 254.75
16.25 30.75 254.25
17.25 30.25 254.25
18.25 31.75 254.25
18.25 30.75 254.75
16.75 31.25 251.25
17.75 27.75 249.25
16.75 28.25 250.75
16.75 27.25 249.25
16.25 31.75 255.25
17.25 31.25 255.25
17.25 30.25 255.75
18.25 31.75 255.75
16.25 31.25 255.75
17.25 31.75 255.75
17.25 30.75 255.25
17.25 29.75 254.75
18.25 31.25 255.25
16.25 30.75 255.25
16.25 31.75 255.75
17.25 31.25 255.75
18.25 31.75 255.25
17.25 30.25 255.25
16.75 31.75 254.25
16.75 30.75 254.75
17.75 31.25 254.25
17.75 30.25 254.75
16.25 30.25 254.75
16.25 31.25 254.25
17.25 30.75 254.75
18.25 30.25 254.25
18.25 31.25 254.75
16.75 31.75 252.25
16.75 29.75 253.25
17.75 29.25 253.25
16.75 29.75 254.75
16.75 30.75 255.25
17.75 30.25 255.25
17.75 31.25 255.75
17.75 31.75 255.75
16.75 31.25 255.75
16.75 30.25 255.25
17.75 30.75 255.25
16.25 31.25 254.75
17.25 30.75 254.25
16.25 30.25 254.25
18.25 31.25 254.25
16.25 30.75 254.75
16.25 31.75 254.25
18.25 31.75 254.75
17.25 30.25 254.75
18.25 30.75 254.25
16.25 31.25 255.25
18.25 31.25 255.75
17.25 30.75 255.75
17.25 29.75 254.25
17.75 31.25 254.75
17.75 30.25 254.25
16.75 31.25 252.75
16.75 29.25 253.75
17.75 29.75 253.75
16.25 29.75 253.25
16.25 30.75 252.75
18.25 30.75 252.25
17.25 29.25 253.25
16.25 29.75 253.75
16.25 30.75 252.25
18.25 29.75 253.25
17.25 29.25 253.75
18.25 30.75 252.75
16.25 31.75 253.25
16.25 29.75 252.25
16.25 30.75 253.75
18.25 31.75 253.75
18.25 30.75 253.25
18.25 29.75 252.75
16.75 31.75 253.75
17.75 30.25 253.25
16.75 28.75 252.25
17.75 29.25 252.75
16.75 31.75 253.25
17.75 30.25 253.75
16.75 28.75 252.75
17.75 29.25 252.25
16.75 27.75 250.75
16.75 30.25 248.25
17.75 27.75 250.75
16.75 30.75 248.75
16.75 29.75 249.25
16.75 27.75 250.25
16.25 29.25 252.25
16.25 30.25 253.75
16.25 31.25 253.25
18.25 31.25 253.75
17.25 28.75 252.75
18.25 30.25 253.25
16.75 31.25 252.25
16.75 29.25 253.25
17.75 29.75 253.25
17.25 31.75 252.25
16.25 31.25 252.25
16.25 30.25 252.75
17.25 29.75 253.25
18.25 31.25 252.75
18.25 30.25 252.25
16.75 28.25 252.25
17.75 29.75 252.75
16.75 29.25 252.75
17.75 28.75 252.25
16.25 31.25 253.75
16.25 29.25 252.75
16.25 30.25 253.25
18.25 31.25 253.25
18.25 30.25 253.75
18.25 29.25 252.25
17.25 28.75 252.25
16.75 30.25 248.75
16.75 27.25 250.25
17.75 27.75 250.25
16.25 27.25 249.25
16.25 29.25 250.25
17.25 31.75 251.25
16.25 30.25 251.75
16.25 28.25 250.75
18.25 30.25 251.25
17.25 26.75 249.75
18.25 29.25 250.75
18.25 28.25 250.25
16.25 30.25 252.25
16.25 31.25 252.75
17.25 29.75 253.75
18.25 30.25 252.75
16.25 29.75 252.75
16.25 31.75 253.75
16.25 30.75 253.25
17.25 28.25 252.25
17.25 29.25 252.75
18.25 30.75 253.75
18.25 29.75 252.25
16.75 30.75 250.75
16.75 28.75 251.75
17.75 28.25 251.75
16.75 26.75 248.75
16.75 27.75 249.75
16.75 31.75 251.75
16.75 30.75 251.25
17.75 28.25 250.25
16.75 26.75 249.25
17.75 27.25 249.75
17.25 31.75 251.75
16.25 30.25 251.25
16.25 29.25 250.75
16.25 28.25 250.25
18.25 30.25 251.75
18.25 27.25 249.25
18.25 28.25 250.75
18.25 29.25 250.25
17.25 26.75 249.25
16.75 31.75 250.75
16.75 28.75 251.25
16.75 30.75 250.25
17.75 29.25 251.75
16.75 26.75 248.25
17.75 28.25 251.25
17.75 26.25 248.25
17.75 27.25 248.75
17.25 30.25 248.25
16.25 28.75 249.25
16.25 29.75 249.75
18.25 28.75 249.75
16.75 30.25 251.25
16.75 28.25 250.25
16.75 31.25 251.75
17.75 26.75 249.25
16.75 27.25 249.75
17.75 27.75 249.75
16.75 31.75 251.25
16.75 30.75 251.75
17.75 28.25 250.75
17.75 27.25 249.25
17.25 30.25 249.25
17.25 31.25 249.75
16.25 28.75 248.25
18.25 28.75 248.75
17.25 30.75 248.25
16.25 29.25 249.75
16.25 28.25 249.25
18.25 29.25 249.25
17.25 27.75 250.75
18.25 28.25 249.75
16.25 27.75 250.25
17.25 30.25 248.75
16.25 29.75 249.25
16.25 28.75 249.75
17.25 27.25 250.25
18.25 28.75 249.25
16.25 28.75 250.25
16.25 30.75 251.25
16.25 27.75 249.75
16.25 29.75 250.75
18.25 29.75 250.25
18.25 28.75 250.75
17.25 27.25 249.75
18.25 27.75 249.25
16.25 29.75 250.25
16.25 27.75 249.25
16.25 30.75 251.75
16.25 28.75 250.75
17.25 28.25 250.75
18.25 27.75 249.75
18.25 29.75 250.75
18.25 28.75 250.25
17.25 27.25 249.25
17.25 30.75 249.25
16.25 29.25 248.75
16.25 28.25 248.25
18.25 28.25 248.75
16.75 31.25 250.25
16.75 30.25 250.75
16.75 26.25 248.75
16.75 28.25 251.75
17.75 28.75 251.75
17.75 26.75 248.75
17.25 31.25 249.25
16.25 28.75 248.75
18.25 28.75 248.25
17.25 30.75 248.75
16.25 29.25 249.25
16.25 28.25 249.75
17.25 27.75 250.25
18.25 29.25 249.75
18.25 28.25 249.25
16.25 27.25 248.25
17.25 31.75 250.25
16.25 30.25 250.75
16.25 29.25 251.25
17.25 28.75 251.75
18.25 29.25 251.75
18.25 27.25 248.75
17.25 26.75 248.75
16.75 27.25 248.75
16.75 30.25 250.25
16.75 31.25 250.75
17.75 28.75 251.25
16.75 28.25 251.25
16.75 26.25 248.25
17.75 26.75 248.25
16.25 29.25 248.25
16.25 28.25 248.75
17.25 27.75 251.25
18.25 29.25 248.75
18.25 28.25 248.25
17.25 31.25 250.75
16.25 26.75 248.25
16.25 27.75 248.75
16.25 29.75 251.75
16.25 28.75 251.25
18.25 29.75 251.25
18.25 28.75 251.75
17.25 28.25 251.25
18.25 27.75 248.25
17.25 26.25 248.25
16.75 28.25 245.75
17.75 25.75 247.25
16.75 22.25 240.75
15.75 23.25 241.25
17.75 26.25 240.25
16.25 30.75 250.75
16.25 26.75 248.75
16.25 27.75 248.25
17.25 31.25 250.25
16.25 29.75 251.25
16.25 28.75 251.75
17.25 26.25 248.75
17.25 28.25 251.75
18.25 29.75 251.75
18.25 28.75 251.25
18.25 26.75 248.25
18.25 27.75 248.75
16.25 30.25 250.25
16.25 28.25 251.25
16.25 27.25 248.75
17.25 31.75 250.75
16.25 29.25 251.75
18.25 29.25 251.25
18.25 27.25 248.25
16.75 28.25 246.25
16.75 29.25 246.75
16.75 24.25 244.25
17.75 27.75 245.75
17.75 28.75 246.25
17.75 24.75 244.25
17.75 23.75 243.75
16.25 23.25 243.25
17.25 29.75 246.25
16.25 27.25 245.25
16.25 26.25 245.75
16.25 25.25 244.25
16.25 28.25 246.75
18.25 24.25 244.25
18.25 26.25 245.25
18.25 27.25 245.75
18.25 25.25 244.75
17.25 23.75 243.25
16.75 28.75 244.75
15.75 24.25 241.25
16.75 26.75 247.75
16.75 25.75 246.25
16.75 22.75 241.75
17.75 26.25 247.75
17.75 28.25 244.75
17.75 25.25 246.25
16.75 21.75 240.25
16.25 23.25 242.25
17.25 29.75 247.25
16.25 27.25 244.25
16.25 25.25 245.25
16.25 26.25 244.75
16.25 28.25 247.75
17.25 22.75 242.75
18.25 27.25 244.75
18.25 25.25 245.75
18.25 28.25 247.25
17.25 24.75 245.75
18.25 26.25 244.25
16.75 29.75 246.75
16.75 28.75 246.25
16.75 23.75 243.75
17.75 28.25 246.25
17.75 24.25 244.25
16.75 26.75 242.75
17.75 26.25 242.75
16.75 23.75 244.25
17.75 24.25 243.75
16.75 27.75 243.25
16.75 26.75 243.75
17.75 27.25 243.25
16.75 24.75 244.75
16.75 27.75 245.25
16.75 28.75 246.75
16.75 23.75 243.25
17.75 24.25 244.75
17.75 23.25 243.25
16.75 28.75 247.75
15.75 24.25 242.25
16.75 29.75 247.25
16.75 27.75 244.25
17.75 25.25 245.25
16.75 24.75 245.75
17.75 23.25 242.25
17.75 27.25 244.25
16.75 25.25 245.25
15.75 24.75 242.25
16.75 23.25 242.25
16.75 27.25 244.25
16.75 29.25 247.25
17.75 24.75 245.75
17.75 27.75 244.25
16.75 27.75 243.75
16.75 26.75 243.25
17.75 26.25 243.25
17.75 27.25 243.75
16.75 27.25 243.25
17.75 26.75 243.75
17.25 28.75 246.25
16.25 27.25 245.75
16.25 26.25 245.25
16.25 25.25 244.75
16.25 24.25 244.25
17.25 29.75 246.75
16.25 28.25 246.25
18.25 26.25 245.75
18.25 27.25 245.25
18.25 25.25 244.25
17.25 23.75 243.75
16.25 26.25 242.25
16.25 25.25 243.75
16.25 24.25 243.25
18.25 24.25 243.75
18.25 26.25 242.75
18.25 25.25 243.25
17.25 27.75 242.75
16.75 27.25 243.75
17.75 27.75 243.75
17.75 26.75 243.25
16.25 24.75 243.25
16.25 25.75 243.75
17.25 27.25 242.75
18.25 24.75 243.75
18.25 25.75 243.25
17.25 30.25 247.25
16.25 27.75 245.75
17.25 29.25 246.75
16.25 26.75 245.25
16.25 25.75 244.75
16.25 24.75 244.25
18.25 24.75 244.75
18.25 26.75 245.75
18.25 25.75 244.25
17.25 24.25 244.25
18.25 23.75 243.25
16.75 28.25 246.75
16.75 29.25 246.25
16.75 24.25 244.75
16.75 23.25 243.25
17.75 28.75 246.75
17.75 24.75 244.75
17.75 27.75 245.25
17.75 23.75 243.25
16.25 24.75 242.75
16.25 25.75 242.25
16.25 26.75 243.75
18.25 25.75 242.75
18.25 24.75 242.25
15.75 24.75 242.75
16.75 28.25 247.25
16.75 24.25 245.25
16.75 27.25 244.75
16.75 29.25 247.75
16.75 25.25 245.75
16.75 23.25 242.75
17.75 28.75 247.25
17.75 24.75 245.25
17.75 23.75 242.75
17.75 27.75 244.75
17.75 22.75 242.25
16.25 25.25 242.25
16.25 24.25 242.75
16.25 26.25 243.75
17.25 27.75 243.25
18.25 26.25 243.25
18.25 25.25 242.75
18.25 24.25 242.25
17.25 29.75 247.75
16.25 27.25 244.75
16.25 25.25 245.75
16.25 26.25 244.25
16.25 28.25 247.25
18.25 28.25 247.75
17.25 24.75 245.25
18.25 25.25 245.25
18.25 26.25 244.75
18.25 23.25 242.25
17.25 22.75 242.25
16.75 23.25 241.75
15.75 24.75 241.75
16.75 28.25 244.25
16.75 26.25 247.25
16.75 25.25 246.75
16.75 22.25 241.25
17.75 25.75 246.75
17.75 22.75 241.25
17.75 21.75 240.75
17.25 27.75 242.25
16.25 25.25 243.25
16.25 26.25 242.75
16.25 24.25 243.75
17.25 23.75 244.25
18.25 25.25 243.75
18.25 24.25 243.25
16.25 27.75 245.25
16.25 23.75 243.25
17.25 30.25 247.75
16.25 26.75 245.75
16.25 24.75 244.75
16.25 25.75 244.25
17.25 29.25 246.25
18.25 27.75 245.75
18.25 26.75 245.25
17.25 24.25 244.75
18.25 24.75 244.25
18.25 25.75 244.75
17.25 23.25 243.25
16.25 23.75 242.25
16.25 25.75 245.25
16.25 26.75 244.75
16.25 28.75 247.75
18.25 25.75 245.75
18.25 26.75 244.25
18.25 23.75 242.75
16.75 23.75 242.75
16.75 27.75 244.75
16.75 28.75 247.25
16.75 29.75 247.75
16.75 22.75 242.25
16.75 24.75 245.25
17.75 25.25 245.75
17.75 27.25 244.75
17.75 23.25 242.75
16.25 24.75 245.25
16.25 23.75 242.75
16.25 28.75 247.25
16.25 25.75 245.75
16.25 26.75 244.25
18.25 28.75 247.75
17.25 24.25 245.25
17.25 25.25 245.75
18.25 25.75 245.25
18.25 26.75 244.75
17.25 23.25 242.75
18.25 23.75 242.25
16.25 25.75 243.25
16.25 24.75 243.75
18.25 25.75 243.75
18.25 24.75 243.25
17.25 27.25 242.25
15.75 23.75 241.25
16.75 26.25 240.25
17.75 25.75 241.75
15.75 24.25 241.75
16.75 22.75 241.25
16.75 24.75 246.25
17.75 25.25 246.75
16.75 25.75 246.75
16.75 21.75 240.75
17.75 26.25 247.25
17.75 22.25 241.25
16.75 23.75 244.75
16.75 26.75 242.25
17.75 26.25 242.25
17.75 27.25 242.75
16.75 26.25 242.25
16.75 27.25 242.75
17.75 26.75 242.25
16.75 24.25 243.75
16.75 27.25 242.25
17.75 26.75 242.75
16.25 24.75 242.25
16.25 25.75 242.75
16.25 26.75 243.25
18.25 26.75 243.75
18.25 24.75 242.75
18.25 25.75 242.25
16.25 27.25 243.75
16.25 24.25 242.25
16.25 26.25 243.25
16.25 25.25 242.75
17.25 27.75 243.75
18.25 26.25 243.75
18.25 24.25 242.75
18.25 25.25 242.25
16.25 24.75 241.25
17.25 28.25 243.25
16.25 25.75 241.75
18.25 25.75 241.25
17.25 26.25 240.25
18.25 24.75 241.75
16.75 25.75 240.75
16.75 24.75 240.25
15.75 23.25 240.25
16.75 26.75 241.25
17.75 25.25 240.75
17.75 26.25 241.25
16.75 25.25 241.25
16.75 26.25 240.75
17.75 25.75 241.25
16.25 25.75 241.25
16.25 24.75 241.75
17.25 28.25 243.75
18.25 25.75 241.75
17.25 26.25 240.75
18.25 24.75 241.25
16.25 21.75 240.25
16.25 22.75 241.75
16.25 23.75 241.25
16.25 27.75 247.25
16.25 26.75 247.75
16.25 25.75 246.25
18.25 25.75 246.75
17.25 26.25 247.75
18.25 27.75 247.75
17.25 25.25 246.25
18.25 26.75 247.25
17.25 28.25 244.75
18.25 23.75 241.75
17.25 22.25 241.75
18.25 22.75 241.25
16.75 26.75 240.75
16.75 25.75 241.25
17.75 26.25 240.75
16.25 22.25 241.25
17.25 28.75 244.25
16.25 23.25 241.75
16.25 27.25 247.75
16.25 26.25 247.25
17.25 24.75 246.25
18.25 27.25 247.25
17.25 25.75 246.75
17.25 21.75 240.75
18.25 23.25 241.25
16.25 24.75 240.25
17.25 27.25 241.75
18.25 24.75 240.75
16.25 24.25 240.25
16.25 25.25 240.75
17.25 26.75 241.25
18.25 24.25 240.75
16.25 24.75 240.75
17.25 27.25 241.25
18.25 24.75 240.25
16.25 23.25 240.75
16.25 22.25 240.25
16.25 27.25 246.75
16.25 26.25 246.25
17.25 28.75 245.25
17.25 25.75 247.75
18.25 26.25 246.75
18.25 27.25 246.25
18.25 22.25 240.75
18.25 23.25 240.25
16.25 23.75 240.25
17.25 29.25 245.25
16.25 25.75 247.25
16.25 22.75 240.75
16.25 27.75 246.25
16.25 26.75 246.75
18.25 27.75 246.75
18.25 26.75 246.25
18.25 23.75 240.75
17.25 22.25 240.75
18.25 22.75 240.25
15.75 24.25 240.75
16.75 28.75 245.25
16.75 25.75 247.75
17.75 28.25 245.25
17.75 22.25 240.25
15.75 23.75 240.75
16.75 25.25 240.25
15.75 22.75 240.25
16.75 26.25 241.75
17.75 26.75 241.75
17.75 25.75 240.25
15.75 24.75 241.25
16.75 22.25 241.75
16.75 28.25 244.75
16.75 26.25 247.75
17.75 26.75 247.75
16.75 25.25 246.25
17.75 25.75 246.25
17.75 22.75 241.75
17.75 21.75 240.25
16.25 24.25 241.25
16.25 25.25 241.75
17.25 26.75 240.25
18.25 24.25 241.75
18.25 25.25 241.25
16.25 24.25 241.75
16.25 25.25 241.25
17.25 26.75 240.75
18.25 25.25 241.75
18.25 24.25 241.25
16.25 22.75 241.25
16.25 23.75 241.75
16.25 25.75 246.75
16.25 27.75 247.75
16.25 26.75 247.25
18.25 27.75 247.25
17.25 25.25 246.75
18.25 22.75 241.75
18.25 26.75 247.75
18.25 25.75 246.25
17.25 28.25 244.25
17.25 22.25 241.25
18.25 23.75 241.25
16.75 22.75 240.75
15.75 24.25 240.25
16.75 28.75 245.75
17.75 26.25 246.75
16.75 25.75 247.25
17.75 28.25 245.75
17.75 22.25 240.75
16.75 25.25 240.75
16.75 27.25 241.75
15.75 23.75 240.25
16.75 26.25 241.25
17.75 25.75 240.75
16.25 23.75 240.75
16.25 22.75 240.25
17.25 29.25 245.75
16.25 27.75 246.75
16.25 26.75 246.25
18.25 27.75 246.25
18.25 26.75 246.75
18.25 22.75 240.75
18.25 23.75 240.25
16.25 23.25 240.25
16.25 22.25 240.75
17.25 28.75 245.75
16.25 26.25 246.75
16.25 27.25 246.25
18.25 27.25 246.75
18.25 26.25 246.25
17.25 25.75 247.25
18.25 23.25 240.75
18.25 22.25 240.25
16.25 23.25 241.25
17.25 28.75 244.75
16.25 27.25 247.25
18.25 26.25 247.25
18.25 27.25 247.75
17.25 22.75 241.75
18.25 23.25 241.75
17.25 21.75 240.25
15.75 23.25 240.75
16.75 26.75 241.75
16.75 25.75 240.25
17.75 26.25 241.75
17.75 25.25 240.25
17.25 25.75 240.25
16.25 25.25 240.25
16.25 24.25 240.75
17.25 26.75 241.75
18.25 25.25 240.75
18.25 24.25 240.25
16.25 13.25 225.25
17.25 24.75 235.75
16.25 20.25 237.75
16.25 23.25 236.25
16.25 21.25 237.25
18.25 20.25 237.25
18.25 23.25 236.75
18.25 21.25 237.75
18.25 22.25 236.25
15.75 14.75 224.25
15.75 15.75 224.75
16.75 18.25 233.75
16.75 17.25 232.25
16.75 24.25 236.75
16.75 23.25 235.25
15.75 21.75 237.75
17.75 23.75 235.25
17.75 22.75 235.75
18.75 21.25 234.75
18.75 20.25 234.25
18.75 19.25 233.75
17.25 24.25 237.25
16.25 21.75 235.75
17.25 25.25 237.75
18.25 21.75 235.25
17.25 23.25 234.75
18.25 18.75 232.75
18.25 17.75 233.25
18.25 19.75 232.25
16.25 22.25 234.25
17.25 25.75 237.75
16.25 18.25 232.25
18.25 20.25 235.75
17.25 24.75 237.25
18.25 22.25 234.75
17.25 15.75 230.75
17.25 17.75 233.75
18.25 18.25 232.75
17.25 23.75 234.75
16.25 21.25 234.75
16.25 18.25 233.25
16.25 22.25 235.25
17.25 24.75 236.25
17.25 23.75 235.75
18.25 22.25 235.75
18.25 18.25 233.75
17.25 16.75 232.25
18.25 17.25 232.25
18.25 21.25 234.25
16.25 22.75 234.75
17.25 25.25 237.25
16.25 20.75 235.75
16.25 21.75 235.25
18.25 21.75 235.75
17.25 17.25 233.25
17.25 23.25 234.25
15.75 14.75 224.75
15.75 15.75 224.25
16.75 24.25 236.25
15.75 21.75 237.25
16.75 23.25 235.75
18.75 20.25 234.75
17.75 23.75 235.75
17.75 22.75 235.25
17.75 16.75 232.25
17.75 17.75 232.75
18.75 19.25 233.25
16.25 17.25 232.25
16.25 21.25 234.25
16.25 18.25 233.75
16.25 22.25 235.75
17.25 24.75 236.75
18.25 22.25 235.25
18.25 21.25 234.75
17.25 23.75 235.25
18.25 19.25 233.75
18.25 18.25 233.25
15.75 15.25 227.75
16.75 14.75 228.75
16.75 22.75 232.75
15.75 22.25 239.25
16.75 18.75 234.75
15.75 23.25 239.75
16.75 25.75 239.25
17.75 25.25 239.25
18.75 19.75 234.75
17.75 21.25 233.25
17.75 22.25 232.75
15.75 14.25 224.25
15.75 15.25 224.75
16.75 24.75 236.75
15.75 22.25 236.25
16.75 23.75 235.25
15.75 21.25 237.75
16.75 22.75 235.75
17.75 24.25 236.75
18.75 20.75 234.25
17.75 23.25 235.25
18.75 19.75 233.75
17.75 18.25 233.75
18.75 18.75 233.25
17.75 17.25 232.25
15.75 15.75 226.75
15.75 14.75 226.25
16.75 15.25 229.25
16.75 19.25 235.25
16.75 21.25 232.25
16.75 24.25 238.75
16.75 22.25 233.75
16.75 25.25 238.25
16.75 26.25 239.75
15.75 22.75 238.25
17.75 24.75 238.75
17.75 22.75 233.75
17.75 15.75 229.25
17.75 21.75 232.25
15.75 14.25 225.75
15.75 15.25 225.25
15.75 13.25 224.25
16.75 23.75 234.75
16.75 22.75 234.25
15.75 22.25 237.75
16.75 24.75 237.25
15.75 21.25 236.25
17.75 24.25 237.25
18.75 20.75 235.75
17.75 23.25 234.75
17.75 22.25 234.25
18.75 18.75 232.75
18.75 19.75 232.25
16.75 17.25 231.75
16.75 20.25 229.25
16.75 33.25 255.75
17.75 32.75 255.25
17.75 33.75 255.75
17.75 16.75 231.25
18.75 18.25 230.75
16.25 24.25 237.75
16.25 22.25 234.75
16.25 18.25 232.75
16.25 20.25 235.75
17.25 24.75 237.75
18.25 20.25 235.25
17.25 23.75 234.25
17.25 17.75 233.25
18.25 18.25 232.25
17.25 15.75 230.25
16.25 20.75 232.75
16.25 15.75 229.25
16.25 19.75 235.25
17.25 26.25 239.75
17.25 25.25 238.25
18.25 19.75 235.75
17.25 23.25 233.25
17.25 15.25 229.25
18.25 20.75 232.25
18.25 15.75 229.75
15.75 15.25 226.25
16.75 15.75 229.75
16.75 22.75 233.25
16.75 21.75 232.75
15.75 23.25 238.25
15.75 22.25 238.75
16.75 18.75 235.25
16.75 24.75 238.25
17.75 25.25 238.75
17.75 24.25 238.25
17.75 19.25 235.75
17.75 21.25 232.75
17.75 22.25 233.25
15.75 14.25 225.25
15.75 15.25 225.75
16.75 17.75 233.25
16.75 22.75 234.75
16.75 24.75 237.75
15.75 22.25 237.25
15.75 21.25 236.75
17.75 24.25 237.75
18.75 20.75 235.25
17.75 22.25 234.75
18.75 19.75 232.75
18.75 18.75 232.25
17.75 17.25 233.25
17.25 17.25 232.25
16.25 21.75 234.25
16.25 17.75 232.25
16.25 18.75 233.75
16.25 22.75 235.75
17.25 24.25 236.75
18.25 21.75 234.75
18.25 18.75 233.25
18.25 17.75 232.75
15.75 15.25 224.25
15.75 14.25 224.75
16.75 17.75 232.75
16.75 16.75 232.25
15.75 22.25 236.75
16.75 23.75 235.75
16.75 22.75 235.25
15.75 21.25 237.25
17.75 24.25 236.25
18.75 20.75 234.75
17.75 23.25 235.75
18.75 19.75 233.25
17.75 17.25 232.75
16.25 20.25 232.75
16.25 21.25 232.25
16.25 24.25 238.75
16.25 19.25 235.25
17.25 18.75 235.75
17.25 25.75 238.25
18.25 19.25 235.75
17.25 22.75 233.75
18.25 21.25 232.75
18.25 20.25 232.25
15.75 15.75 225.25
15.75 14.75 225.75
15.75 13.75 224.25
16.75 22.25 234.25
15.75 22.75 237.75
16.75 25.25 237.75
16.75 23.25 234.75
15.75 20.75 236.75
15.75 21.75 236.25
16.75 24.25 237.25
17.75 24.75 237.25
18.75 21.25 235.25
17.75 22.75 234.25
17.75 17.75 233.75
18.75 19.25 232.25
16.25 17.75 232.75
16.25 21.75 234.75
16.25 22.75 235.25
16.25 18.75 233.25
18.25 22.75 235.75
17.25 24.25 236.25
18.25 21.75 234.25
17.25 17.25 232.75
18.25 18.75 233.75
18.25 17.75 232.25
15.75 16.75 225.25
16.75 16.25 230.75
16.75 20.25 228.75
16.75 32.25 254.75
16.75 33.25 254.25
17.75 32.75 254.75
18.75 18.25 231.25
18.75 19.25 231.75
15.75 16.75 225.75
16.75 16.25 230.25
16.75 20.25 228.25
16.75 32.25 254.25
16.75 33.25 254.75
17.75 33.75 254.75
17.75 32.75 254.25
18.75 19.25 231.25
18.75 18.25 231.75
18.75 17.25 230.25
15.75 15.75 225.75
15.75 13.75 224.75
15.75 14.75 225.25
16.75 23.25 234.25
15.75 22.75 237.25
15.75 21.75 236.75
15.75 20.75 236.25
16.75 24.25 237.75
17.75 24.75 237.75
18.75 20.25 235.25
18.75 21.25 235.75
18.75 18.25 232.25
17.75 22.75 234.75
17.75 17.75 233.25
18.75 19.25 232.75
17.75 15.75 230.25
16.25 20.25 229.75
16.25 17.25 231.25
16.25 19.25 230.25
16.25 32.25 255.75
17.25 33.75 255.25
18.25 33.25 255.75
18.25 32.25 255.25
17.25 16.75 231.75
18.25 19.25 230.75
18.25 17.25 231.75
17.25 20.75 229.75
16.25 19.75 229.75
16.25 18.75 229.25
17.25 32.25 252.25
17.25 22.25 231.25
17.25 21.25 230.75
18.25 18.75 229.75
16.25 20.25 232.25
16.25 21.25 232.75
16.25 24.25 238.25
16.25 19.25 235.75
18.25 24.25 238.75
17.25 25.75 238.75
18.25 19.25 235.25
18.25 20.25 232.75
18.25 21.25 232.25
17.25 18.75 235.25
17.25 22.75 233.25
18.25 15.25 229.25
16.25 17.25 231.75
16.25 32.25 255.25
17.25 33.75 255.75
18.25 32.25 255.75
18.25 17.25 231.25
18.25 19.25 230.25
17.25 20.75 229.25
15.75 15.25 226.75
16.75 15.75 229.25
16.75 21.75 232.25
16.75 22.75 233.75
15.75 23.25 238.75
16.75 18.75 235.75
16.75 24.75 238.75
15.75 22.25 238.25
17.75 25.25 238.25
17.75 19.25 235.25
17.75 24.25 238.75
17.75 22.25 233.75
17.75 21.25 232.25
17.75 15.25 229.25
15.75 15.75 227.75
16.75 22.25 232.75
16.75 18.25 234.75
15.75 22.75 239.25
15.75 23.75 239.75
16.75 25.25 239.25
17.75 25.75 239.25
17.75 24.75 239.75
17.75 18.75 234.75
17.75 21.75 233.25
18.75 20.25 233.25
17.75 14.75 228.75
16.25 19.75 234.75
16.25 15.75 228.75
16.25 18.75 234.25
16.25 20.75 233.25
16.25 21.75 233.75
16.25 24.75 239.25
18.25 24.75 239.75
18.25 18.75 234.75
17.25 18.25 234.25
18.25 20.75 233.75
17.25 22.25 232.25
18.25 15.75 228.25
16.25 17.75 231.25
16.25 19.75 230.25
16.25 32.75 255.75
18.25 32.75 255.25
17.25 34.25 254.75
18.25 17.75 231.75
17.25 21.25 229.25
18.25 16.75 231.25
18.25 19.75 230.75
17.25 20.25 228.75
16.25 16.75 230.75
17.25 34.25 255.75
17.25 33.25 254.25
17.25 16.25 230.75
18.25 19.75 231.75
18.25 16.75 230.25
17.25 22.75 231.75
16.25 20.25 230.75
16.25 19.25 229.25
17.25 32.75 252.75
18.25 19.25 229.75
17.25 21.75 230.25
16.75 20.25 229.75
16.75 33.25 255.25
17.75 32.75 255.75
17.75 33.75 255.25
17.75 19.75 230.25
17.75 16.75 231.75
18.75 19.25 230.75
18.75 18.25 230.25
17.75 20.75 229.75
16.75 16.75 231.75
16.75 20.75 229.75
16.75 32.75 255.75
16.75 33.75 255.25
17.75 32.25 255.75
17.75 33.25 255.25
18.75 18.75 230.25
17.75 20.25 229.75
15.75 14.75 226.75
16.75 15.25 229.75
16.75 22.25 233.25
16.75 24.25 238.25
16.75 25.25 238.75
15.75 22.75 238.75
16.75 19.25 235.75
17.75 24.75 238.25
17.75 18.75 235.25
18.75 20.25 232.75
17.75 22.75 233.25
17.75 21.75 232.75
17.75 15.75 229.75
15.75 16.25 224.75
16.75 20.75 229.25
16.75 16.75 231.25
16.75 32.75 255.25
16.75 33.75 255.75
17.75 33.25 255.75
17.75 17.25 231.75
18.75 17.75 231.25
18.75 18.75 230.75
17.75 16.25 231.25
17.75 20.25 229.25
16.25 15.75 229.75
16.25 18.75 235.25
17.25 22.25 233.25
16.25 20.75 232.25
17.25 26.25 239.25
16.25 19.75 235.75
17.25 25.25 238.75
18.25 19.75 235.25
17.25 19.25 235.75
17.25 15.25 229.75
17.25 23.25 233.75
18.25 20.75 232.75
18.25 15.75 229.25
15.75 16.25 225.25
16.75 32.75 254.75
17.75 32.25 254.75
17.75 33.25 254.25
17.75 34.25 255.75
18.75 19.75 231.75
18.75 18.75 231.25
17.75 16.25 230.75
18.75 17.75 230.75
17.75 20.25 228.75
16.25 20.25 230.25
16.25 19.25 229.75
17.25 32.75 252.25
18.25 20.25 230.75
17.25 21.75 230.75
18.25 19.25 229.25
18.25 16.25 228.75
17.25 26.25 238.75
16.25 15.75 228.25
16.25 18.75 234.75
16.25 21.75 233.25
16.25 24.75 239.75
18.25 19.75 234.75
17.25 18.25 234.75
18.25 18.75 234.25
18.25 21.75 233.75
17.25 22.25 232.75
18.25 20.75 233.25
18.25 14.75 228.25
18.25 15.75 228.75
15.75 15.25 227.25
16.75 14.75 228.25
16.75 24.75 239.25
15.75 21.25 238.25
16.75 25.75 239.75
15.75 23.25 239.25
17.75 24.25 239.25
17.75 25.25 239.75
18.75 19.75 234.25
17.75 18.25 234.25
18.75 20.75 233.75
18.75 15.75 228.25
17.75 22.25 232.25
17.75 15.25 228.75
15.75 16.75 226.75
16.75 21.25 231.75
16.75 32.25 253.25
17.75 21.75 231.75
17.75 20.75 231.25
18.75 17.25 229.25
18.75 18.25 228.75
17.75 19.75 228.75
15.75 17.25 226.25
15.75 16.25 226.75
15.75 18.25 227.75
16.75 20.75 231.25
16.75 19.75 228.75
16.75 21.75 231.75
16.75 32.75 253.25
17.75 32.25 253.25
18.75 16.75 229.75
17.75 21.25 231.75
18.75 17.75 229.25
17.75 19.25 228.75
16.25 21.25 231.75
16.25 16.25 229.25
16.25 19.25 228.75
16.25 18.25 228.25
16.25 20.25 231.25
17.25 32.75 253.25
18.25 20.25 231.75
18.25 16.25 229.75
18.25 18.25 228.75
16.25 20.75 231.25
16.25 18.75 228.25
17.25 33.25 253.75
18.25 20.75 231.75
18.25 16.75 229.75
18.25 18.75 228.75
16.25 16.75 229.75
16.25 18.75 228.75
16.25 20.75 231.75
17.25 33.25 253.25
18.25 18.75 228.25
15.75 17.75 227.25
15.75 16.75 227.75
16.75 21.25 230.75
16.75 20.25 230.25
16.75 32.25 252.25
17.75 20.75 230.25
18.75 18.25 229.75
17.75 19.75 229.75
18.75 16.25 228.75
18.75 17.25 228.25
15.75 17.25 227.75
15.75 16.25 227.25
16.75 20.75 230.75
16.75 19.75 229.25
16.75 32.75 252.75
17.75 21.25 230.25
17.75 20.25 230.75
18.75 17.75 228.75
18.75 16.75 228.25
15.75 15.75 227.25
16.75 15.25 228.75
16.75 24.25 239.25
16.75 18.25 234.25
16.75 22.25 232.25
15.75 22.75 239.75
15.75 21.75 238.25
16.75 25.25 239.75
15.75 23.75 239.25
17.75 25.75 239.75
17.75 24.75 239.25
18.75 20.25 233.75
17.75 21.75 233.75
17.75 14.75 228.25
16.25 17.75 231.75
16.25 16.75 231.25
16.25 19.75 230.75
16.25 32.75 255.25
17.25 34.25 254.25
18.25 32.75 255.75
17.25 16.25 231.25
18.25 16.75 231.75
18.25 17.75 231.25
18.25 19.75 230.25
17.25 21.25 229.75
16.75 22.25 231.75
15.75 17.75 227.75
15.75 16.75 227.25
16.75 21.25 230.25
16.75 32.25 252.75
17.75 20.75 230.75
18.75 18.25 229.25
18.75 17.25 228.75
18.75 16.25 228.25
17.75 19.75 229.25
16.25 19.75 229.25
18.25 19.75 229.75
17.25 22.25 231.75
17.25 21.25 230.25
18.25 18.75 229.25
16.25 21.25 233.25
16.25 18.25 234.75
16.25 15.25 228.25
16.25 19.25 234.25
16.25 24.25 239.75
18.25 24.25 239.25
17.25 25.75 239.25
18.25 19.25 234.75
17.25 14.75 228.75
17.25 22.75 232.75
18.25 21.25 233.75
18.25 15.25 228.75
16.25 19.25 228.25
16.25 16.25 229.75
16.25 20.25 231.75
17.25 32.75 253.75
18.25 20.25 231.25
17.25 21.75 231.25
18.25 16.25 229.25
18.25 19.25 228.75
18.25 18.25 228.25
15.75 17.25 227.25
16.75 20.75 230.25
15.75 16.25 227.75
17.75 21.25 230.75
18.75 18.75 229.75
17.75 20.25 230.25
18.75 16.75 228.75
18.75 17.75 228.25
16.25 15.25 228.75
16.25 18.25 234.25
16.25 21.25 233.75
16.25 19.25 234.75
16.25 24.25 239.25
17.25 25.75 239.75
18.25 24.25 239.75
17.25 22.75 232.25
18.25 19.25 234.25
17.25 14.75 228.25
18.25 21.25 233.25
18.25 15.25 228.25
16.25 13.75 224.75
16.25 12.75 224.25
16.25 20.75 236.25
16.25 23.75 237.75
16.25 22.75 237.25
18.25 22.75 237.75
18.25 20.75 236.75
18.25 12.75 224.75
15.25 9.75 215.25
16.25 7.25 215.75
17.25 16.75 220.25
15.25 10.75 217.75
15.25 9.75 216.25
16.25 14.25 220.25
16.25 15.25 220.75
18.25 11.25 222.25
18.25 15.25 220.25
16.25 5.75 213.25
16.25 8.75 211.75
16.25 16.75 223.75
18.25 16.75 223.25
15.25 9.25 215.25
16.25 7.75 215.75
18.25 7.75 215.25
17.25 16.25 220.25
15.25 11.75 217.75
16.25 15.25 220.25
15.25 10.75 217.25
18.25 15.25 220.75
18.25 14.25 220.25
15.75 16.25 225.75
16.75 32.75 254.25
17.75 33.25 254.75
18.75 18.75 231.75
17.75 16.25 230.25
18.75 17.75 230.25
17.75 20.25 228.25
15.75 16.25 226.25
15.75 17.25 226.75
16.75 21.75 231.25
16.75 19.75 228.25
16.75 32.75 253.75
18.75 16.75 229.25
17.75 21.25 231.25
18.75 17.75 229.75
17.75 19.25 228.25
16.25 14.25 227.75
16.25 21.25 238.25
16.25 22.25 239.75
17.25 20.75 238.75
18.25 23.25 239.75
18.25 21.25 238.75
18.25 22.25 239.25
17.25 19.75 237.25
18.25 15.25 227.75
18.25 14.25 227.25
16.25 17.75 226.25
16.25 18.75 227.75
18.25 18.75 227.25
18.25 17.75 226.75
16.25 14.75 226.25
16.25 22.75 238.25
16.25 19.75 236.75
16.25 21.75 239.75
16.25 23.75 238.75
18.25 22.75 238.75
17.25 21.25 239.75
18.25 21.75 239.25
18.25 23.75 238.25
17.25 19.25 236.75
18.25 19.75 236.25
18.25 14.75 226.75
16.25 14.25 226.25
18.25 21.25 239.25
17.25 20.75 239.25
18.25 22.25 238.75
18.25 23.25 238.25
17.25 19.75 236.75
18.25 14.25 226.75
16.25 14.75 226.75
16.25 21.75 239.25
16.25 23.75 238.25
16.25 19.75 236.25
18.25 21.75 239.75
17.25 21.25 239.25
18.25 23.75 238.75
18.25 22.75 238.25
18.25 19.75 236.75
17.25 19.25 236.25
18.25 14.75 226.25
16.75 13.75 226.25
16.75 14.75 227.75
15.75 20.25 233.25
16.75 19.75 237.25
16.75 20.75 238.75
18.75 15.75 227.75
17.75 14.25 227.75
17.75 13.25 226.25
15.75 17.25 230.25
15.75 18.25 231.75
15.75 19.25 231.25
17.75 18.25 224.25
18.75 16.75 225.75
16.75 18.75 225.25
16.75 17.75 224.75
15.75 19.25 230.25
15.75 18.25 230.75
17.75 17.25 224.75
17.75 18.25 225.25
16.25 17.75 225.25
17.25 20.25 227.75
18.25 17.75 225.75
18.25 16.75 225.25
16.75 18.25 224.75
16.75 20.25 227.75
15.75 19.75 231.75
15.75 16.75 230.25
15.75 18.75 231.25
15.75 17.75 230.75
17.75 17.75 225.25
18.75 16.25 225.25
16.25 21.25 237.75
16.25 20.25 237.25
16.25 23.25 236.75
16.25 22.25 236.25
18.25 21.25 237.25
18.25 22.25 236.75
18.25 13.25 225.25
16.25 17.25 225.75
18.25 17.25 225.25
17.25 18.75 224.25
16.25 10.75 221.25
16.25 11.75 221.75
15.25 11.25 218.25
18.25 11.75 221.25
18.25 15.75 223.25
16.75 11.75 223.25
15.75 11.25 216.75
15.75 13.25 219.75
15.75 9.25 217.75
18.75 13.75 220.75
18.75 12.75 220.25
18.75 14.75 221.25
16.25 32.25 254.75
17.25 33.75 254.25
17.25 34.75 255.75
18.25 32.25 254.25
18.25 17.25 230.75
18.25 16.25 230.25
17.25 20.75 228.75
16.25 17.25 230.75
16.25 16.25 230.25
16.25 32.25 254.25
17.25 33.75 254.75
18.25 32.25 254.75
18.25 16.25 230.75
17.25 20.75 228.25
16.25 16.75 230.25
17.25 33.25 254.75
17.25 34.25 255.25
18.25 32.75 254.75
17.25 21.25 228.75
18.25 19.75 231.25
18.25 16.75 230.75
17.25 20.25 228.25
15.75 16.75 226.25
16.75 19.25 228.25
16.75 21.25 231.25
16.75 32.25 253.75
17.75 21.75 231.25
17.75 20.75 231.75
18.75 17.25 229.75
18.75 16.25 229.25
17.75 19.75 228.25
16.75 18.75 227.25
15.75 20.25 231.75
15.75 17.25 229.25
15.75 18.25 228.75
16.75 19.75 227.75
17.75 18.25 227.25
18.75 16.75 226.75
17.75 19.25 227.75
16.25 14.25 227.25
16.25 15.25 227.75
16.25 22.25 239.25
16.25 21.25 238.75
17.25 19.75 237.75
17.25 20.75 238.25
18.25 22.25 239.75
18.25 23.25 239.25
18.25 21.25 238.25
17.25 13.75 226.75
18.25 15.25 227.25
16.75 13.75 226.75
16.75 19.75 237.75
15.75 20.25 233.75
16.75 20.75 238.25
17.75 21.25 238.75
17.75 14.25 227.25
18.75 15.75 227.25
16.75 14.25 226.75
16.75 19.25 236.25
16.75 21.25 239.25
17.75 21.75 239.25
17.75 19.75 236.25
18.75 22.25 238.25
17.75 13.75 227.25
18.75 15.25 226.75
16.75 18.75 226.75
15.75 16.25 228.25
15.75 18.25 229.25
15.75 17.25 228.75
18.75 17.75 227.75
18.75 16.75 227.25
17.75 19.25 226.25
17.75 18.25 226.75
16.75 21.25 238.25
16.75 14.25 227.75
15.75 19.75 234.75
15.75 20.75 233.25
18.75 23.25 239.75
17.75 19.75 237.25
17.75 20.75 238.75
18.75 15.25 227.75
17.75 14.75 227.75
17.75 13.75 226.25
16.25 18.25 226.75
18.25 18.25 226.25
17.25 19.75 226.25
16.25 18.25 227.25
16.25 19.25 227.75
17.25 19.75 227.75
18.25 18.25 227.75
18.25 17.25 226.25
15.75 20.25 232.75
16.75 19.75 236.75
16.75 21.75 239.75
17.75 21.25 239.75
18.75 22.75 238.75
18.75 15.75 226.25
16.75 19.75 236.25
15.75 20.25 232.25
16.75 21.75 239.25
18.75 22.75 238.25
17.75 19.25 236.25
17.75 21.25 239.25
18.75 15.75 226.75
17.75 14.25 226.75
18.75 14.75 226.25
16.75 18.25 224.25
15.75 18.75 231.75
15.75 17.75 230.25
15.75 19.75 231.25
17.75 17.75 225.75
18.75 16.25 225.75
15.75 18.25 232.25
15.75 19.25 232.75
15.75 20.25 235.25
15.75 21.25 235.75
16.75 23.75 237.25
17.75 20.25 236.75
18.75 21.75 236.75
18.75 15.75 225.75
18.75 13.75 224.75
18.75 14.75 225.25
16.25 13.75 225.75
16.25 22.75 236.25
16.25 20.75 237.25
17.25 24.25 235.25
17.25 20.25 237.25
18.25 22.75 236.75
18.25 20.75 237.75
18.25 13.75 225.25
16.25 13.75 225.25
16.25 22.75 236.75
16.25 20.75 237.75
18.25 21.75 237.75
17.25 20.25 237.75
18.25 22.75 236.25
17.25 24.25 235.75
18.25 20.75 237.25
18.25 13.75 225.75
17.25 19.75 225.75
16.25 17.25 224.75
18.25 16.25 224.75
17.25 18.75 225.25
16.75 12.25 224.25
15.75 19.75 232.25
15.75 18.75 232.75
15.75 21.75 235.25
15.75 20.75 235.75
17.75 23.75 237.75
18.75 22.25 237.75
18.75 21.25 236.25
18.75 14.25 225.75
17.75 12.75 224.25
18.75 13.25 224.25
18.75 15.25 225.25
15.75 21.25 234.75
15.75 19.25 233.75
15.75 20.25 234.25
16.75 23.75 236.25
18.75 21.75 237.75
17.75 20.25 237.75
17.75 23.25 236.25
17.75 13.25 225.25
18.75 15.75 224.75
18.75 14.75 224.25
16.25 15.75 222.25
16.25 12.75 223.75
16.25 10.75 220.75
18.25 10.75 220.25
18.25 12.75 223.25
18.25 15.75 222.75
15.75 12.25 216.75
15.75 11.25 219.25
18.75 11.75 220.25
18.75 13.75 223.25
18.75 14.75 222.75
15.75 10.75 219.75
16.75 10.25 220.25
15.75 9.75 218.25
15.75 11.75 219.25
18.75 11.25 220.25
18.75 13.25 223.25
18.75 14.25 222.75
16.25 6.25 213.75
16.25 16.25 222.75
18.25 6.25 213.25
18.25 16.25 222.25
17.25 17.75 222.25
16.75 10.25 220.75
15.75 9.75 218.75
15.75 10.75 219.25
15.75 11.75 219.75
18.75 11.25 220.75
18.75 13.25 223.75
18.75 15.25 222.75
18.75 14.25 222.25
16.25 7.25 214.25
15.25 8.75 214.25
18.25 7.25 214.75
17.25 16.75 221.75
16.25 14.75 221.25
16.25 15.75 221.75
15.25 10.25 216.75
15.25 12.25 219.75
18.25 14.75 221.75
16.25 12.75 223.25
16.25 15.75 222.75
16.25 10.75 220.25
18.25 15.75 222.25
18.25 12.75 223.75
18.25 10.75 220.75
15.75 17.75 229.25
15.75 16.75 229.75
16.75 19.25 227.75
17.75 18.75 227.25
18.75 16.25 226.75
17.75 19.75 227.75
16.25 14.75 227.25
16.25 22.75 239.25
16.25 23.75 239.75
16.25 20.75 238.25
16.25 21.75 238.75
18.25 22.75 239.75
18.25 21.75 238.25
17.25 20.25 238.25
18.25 23.75 239.25
17.25 14.25 227.25
18.25 13.75 226.25
18.25 14.75 227.75
16.25 17.75 227.75
17.25 32.25 251.25
17.25 19.25 226.75
18.25 17.75 227.25
16.75 19.25 226.25
15.75 18.75 229.25
15.75 16.75 228.25
15.75 17.75 228.75
18.75 17.25 227.75
17.75 18.75 226.75
18.75 16.25 227.25
16.75 14.25 227.25
15.75 15.75 228.25
15.75 19.75 234.25
16.75 21.25 238.75
15.75 20.75 233.75
17.75 20.75 238.25
17.75 13.75 226.75
18.75 15.25 227.25
16.25 13.75 226.25
16.25 14.75 227.75
16.25 19.75 237.25
16.25 22.75 239.75
16.25 23.75 239.25
16.25 21.75 238.25
18.25 20.75 238.25
18.25 22.75 239.25
18.25 21.75 238.75
18.25 23.75 239.75
17.25 14.25 227.75
18.25 14.75 227.25
16.25 17.25 226.25
16.25 18.25 227.75
18.25 17.25 226.75
17.25 19.75 227.25
18.25 18.25 227.25
16.25 18.25 226.25
18.25 18.25 226.75
17.25 19.75 226.75
16.25 17.75 227.25
17.25 32.25 251.75
18.25 17.75 227.75
17.25 19.25 226.25
16.75 18.25 226.25
16.75 19.25 226.75
15.75 18.75 229.75
15.75 17.75 228.25
15.75 16.75 228.75
18.75 16.25 227.75
18.75 17.25 227.25
17.75 18.75 226.25
16.25 18.75 227.25
16.25 17.75 226.75
18.25 18.75 227.75
18.25 17.75 226.25
16.75 18.75 227.75
16.75 19.75 227.25
15.75 18.25 228.25
15.75 17.25 229.75
17.75 19.25 227.25
18.75 16.75 226.25
16.75 19.25 227.25
15.75 17.75 229.75
15.75 16.75 229.25
18.75 17.25 226.75
17.75 19.75 227.25
17.75 18.75 227.75
18.75 16.25 226.25
15.75 19.75 235.25
16.75 21.25 239.75
17.75 20.75 239.25
18.75 22.25 238.75
17.75 21.75 239.75
17.75 19.75 236.75
18.75 15.25 226.25
16.25 14.25 226.75
16.25 19.25 236.25
16.25 22.25 238.75
16.25 21.25 239.25
16.25 23.25 238.25
18.25 22.25 238.25
18.25 23.25 238.75
18.25 14.25 226.25
16.75 19.75 226.75
16.75 18.75 226.25
15.75 17.25 228.25
15.75 18.25 229.75
15.75 16.25 228.75
18.75 16.75 227.75
18.75 17.75 227.25
17.75 19.25 226.75
17.75 18.25 226.25
16.25 17.25 225.25
18.25 17.25 225.75
17.25 18.75 224.75
16.75 18.75 224.75
15.75 19.25 231.75
15.75 17.25 230.75
15.75 18.25 231.25
18.75 16.75 225.25
17.75 18.25 224.75
16.25 16.75 224.25
17.25 19.25 225.75
18.25 16.75 224.75
16.75 19.25 225.75
16.75 18.25 225.25
15.75 17.75 231.25
15.75 18.75 230.75
17.75 18.75 225.25
17.75 17.75 224.75
18.75 16.25 224.75
16.75 13.25 225.25
15.75 18.75 233.25
15.75 19.75 233.75
16.75 24.25 235.75
15.75 20.75 234.25
16.75 20.25 237.75
16.75 23.25 236.25
17.75 23.75 236.25
18.75 14.25 224.25
18.75 15.25 224.75
16.75 12.75 225.25
15.75 21.25 234.25
15.75 19.25 233.25
15.75 22.25 235.75
15.75 20.25 234.75
16.75 23.75 236.75
17.75 23.25 236.75
18.75 21.75 237.25
17.75 20.25 237.25
17.75 13.25 225.75
18.75 15.75 224.25
18.75 14.75 224.75
16.25 14.25 225.75
16.25 23.25 237.25
16.25 20.25 236.75
18.25 21.25 236.75
18.25 22.25 237.25
18.25 23.25 237.75
18.25 20.25 236.25
18.25 13.25 224.75
16.75 20.25 236.75
15.75 19.75 232.75
15.75 18.75 232.25
15.75 21.75 235.75
15.75 20.75 235.25
18.75 22.25 237.25
18.75 21.25 236.75
17.75 23.75 237.25
18.75 15.25 225.75
18.75 14.25 225.25
17.75 12.75 224.75
16.25 16.75 225.25
16.25 17.75 225.75
18.25 16.75 225.75
18.25 17.75 225.25
17.25 20.25 227.25
17.25 18.25 224.25
16.75 18.75 225.75
16.75 17.75 224.25
15.75 19.25 230.75
15.75 18.25 230.25
17.75 18.25 225.75
17.75 17.25 224.25
16.25 16.75 224.75
17.25 19.25 225.25
18.25 16.75 224.25
16.25 17.25 224.25
17.25 18.75 225.75
18.25 17.25 224.75
18.25 16.25 224.25
16.75 13.25 225.75
15.75 19.75 233.25
15.75 20.75 234.75
16.75 20.25 237.25
18.75 21.25 237.25
18.75 22.25 236.75
17.75 23.75 236.75
17.75 12.75 225.25
18.75 14.25 224.75
18.75 15.25 224.25
16.75 12.75 224.25
15.75 19.25 232.25
15.75 21.25 235.25
15.75 20.25 235.75
18.75 21.75 236.25
17.75 12.25 224.25
18.75 15.75 225.25
18.75 14.75 225.75
18.75 13.75 224.25
16.25 13.25 224.75
16.25 22.25 237.25
16.25 23.25 237.75
16.25 20.25 236.25
18.25 20.25 236.75
18.25 23.25 237.25
18.25 14.25 225.75
18.25 13.25 224.25
16.25 12.75 224.75
17.25 24.25 234.75
16.25 23.75 237.25
16.25 22.75 237.75
16.25 20.75 236.75
18.25 20.75 236.25
18.25 23.75 237.75
18.25 22.75 237.25
18.25 13.75 224.75
18.25 12.75 224.25
16.75 18.25 225.75
15.75 19.75 230.75
15.75 17.75 231.75
15.75 18.75 230.25
18.75 16.25 224.25
17.75 18.75 225.75
17.75 17.75 224.25
16.25 10.25 220.75
16.25 12.25 223.75
16.25 15.25 222.25
18.25 11.25 220.75
18.25 10.25 220.25
18.25 13.25 223.75
18.25 15.25 222.75
18.25 12.25 223.25
16.25 7.75 216.25
16.25 11.75 222.25
15.25 11.25 217.75
16.25 14.75 220.75
18.25 14.75 220.25
18.25 11.75 222.75
16.25 10.25 220.25
16.25 11.25 220.75
15.25 11.75 219.25
16.25 12.25 223.25
18.25 10.25 220.75
18.25 12.25 223.75
18.25 15.25 222.25
15.75 11.75 218.25
15.75 12.75 217.75
15.75 10.75 218.75
17.75 10.75 221.25
18.75 14.25 223.75
18.75 15.25 223.25
18.75 13.25 222.25
15.75 10.75 218.25
18.75 15.25 223.75
18.75 14.25 223.25
18.75 13.25 222.75
18.75 12.25 222.25
15.25 11.25 217.25
16.25 14.75 220.25
16.25 11.75 222.75
18.25 14.75 220.75
18.25 11.75 222.25
15.75 10.25 216.75
15.75 11.25 216.25
15.75 9.25 217.25
15.75 13.25 219.25
18.75 12.75 220.75
18.75 13.75 220.25
18.75 14.75 221.75
15.25 10.25 215.75
16.25 6.75 214.25
17.25 17.25 221.75
15.75 11.75 216.25
15.75 12.75 219.75
15.75 13.75 219.25
15.75 9.75 217.25
18.75 12.25 220.75
18.75 13.25 220.25
17.75 15.75 221.75
18.75 14.25 221.75
16.75 10.75 221.75
15.75 11.25 218.75
15.75 10.25 218.25
15.75 12.25 217.25
18.75 15.75 223.75
18.75 14.75 223.25
18.75 13.75 222.75
18.75 12.75 222.25
18.75 11.75 221.75
16.25 11.25 221.25
15.25 11.75 218.75
16.25 12.25 222.75
18.25 11.25 221.75
15.25 8.75 214.75
16.25 7.25 214.75
17.25 17.75 221.75
17.25 16.75 221.25
15.25 10.75 216.75
16.25 15.25 221.75
18.25 15.25 221.25
15.75 11.25 218.25
16.75 10.75 221.25
15.75 12.25 217.75
15.75 10.25 218.75
18.75 14.75 223.75
17.75 11.25 221.75
17.75 10.25 221.25
18.75 12.75 222.75
18.75 13.75 222.25
18.75 11.75 221.25
15.25 11.75 218.25
16.25 12.25 222.25
16.25 11.25 221.75
18.25 12.25 222.75
18.25 11.25 221.25
15.25 8.75 215.25
15.25 9.75 215.75
16.25 7.25 215.25
17.25 16.75 220.75
16.25 15.25 221.25
18.25 15.25 221.75
15.75 12.25 218.25
16.75 7.75 216.25
15.75 10.25 217.25
15.75 9.25 216.75
15.75 8.25 216.25
16.75 15.75 220.25
15.75 13.25 218.75
17.75 15.25 220.25
17.75 11.25 222.25
18.75 12.75 221.25
18.75 13.75 221.75
16.25 15.75 221.25
15.25 10.25 216.25
15.25 12.25 219.25
18.25 15.75 221.75
18.25 14.75 221.25
15.75 8.25 216.75
16.75 11.75 222.75
15.75 13.25 218.25
15.75 12.25 218.75
15.75 10.25 217.75
15.75 11.25 217.25
15.75 9.25 216.25
16.75 15.75 220.75
17.75 15.25 220.75
17.75 11.25 222.75
18.75 12.75 221.75
18.75 13.75 221.25
15.75 9.75 216.25
16.75 11.25 222.75
15.75 10.75 217.75
15.75 11.75 217.25
15.75 8.75 216.75
15.75 12.75 218.75
17.75 15.75 220.75
18.75 14.25 220.75
17.75 11.75 222.75
18.75 12.25 221.75
18.75 13.25 221.25
15.75 9.75 216.75
16.75 11.25 222.25
15.75 11.75 217.75
15.75 8.75 216.25
15.75 12.75 218.25
18.75 14.25 220.25
17.75 15.75 220.25
18.75 13.25 221.75
18.75 12.25 221.25
18.25 15.75 223.75
18.25 11.75 221.75
18.25 10.75 221.25
15.75 8.75 217.25
15.75 13.75 219.75
15.75 9.75 217.75
15.75 11.75 216.75
15.75 10.75 216.25
15.75 12.75 219.25
18.75 12.25 220.25
18.75 14.25 221.25
17.75 11.75 223.25
17.75 15.75 221.25
18.75 13.25 220.75
15.75 10.25 219.25
16.75 10.75 220.75
15.75 11.25 219.75
18.75 12.75 223.25
17.75 10.25 220.75
18.75 13.75 223.75
17.75 12.25 223.75
18.75 14.75 222.25
18.75 11.75 220.75
18.75 10.75 220.25
15.25 8.25 214.25
16.25 6.75 214.75
15.25 9.25 214.75
17.25 17.25 221.25
18.25 7.75 214.75
16.25 7.75 215.25
15.25 9.25 215.75
17.25 16.25 220.75
18.25 7.75 215.75
16.25 8.75 216.75
16.25 13.75 218.25
16.25 14.75 219.75
18.25 12.75 218.25
18.25 13.75 218.75
15.25 8.25 213.75
16.25 5.75 212.75
17.25 8.25 210.25
17.25 17.25 222.75
17.25 18.25 223.25
18.25 6.75 213.75
16.25 9.25 217.75
16.25 14.25 218.25
16.25 8.25 217.25
18.25 13.25 219.25
18.25 11.25 216.25
17.25 15.75 218.75
18.25 14.25 218.75
16.25 14.75 219.25
16.25 13.75 218.75
18.25 14.75 219.75
18.25 13.75 218.25
16.25 14.25 218.75
18.25 8.25 217.25
17.25 15.75 218.25
18.25 9.25 217.75
16.25 9.75 218.25
16.25 12.75 216.75
18.25 8.75 218.25
17.25 13.25 216.25
18.25 9.75 218.75
17.25 15.25 217.25
18.25 12.75 216.25
16.25 13.25 218.25
16.25 8.25 216.75
16.25 14.25 219.75
17.25 15.75 219.25
18.25 14.25 219.25
18.25 13.25 218.75
18.25 8.25 216.25
17.25 15.25 216.75
16.25 9.75 219.75
16.25 13.75 217.75
16.25 12.75 217.25
18.25 9.75 219.25
18.25 12.75 217.75
17.25 14.25 216.25
15.25 8.75 213.75
16.25 6.25 213.25
16.25 16.25 222.25
18.25 16.25 222.75
17.25 17.75 222.75
18.25 8.25 210.75
16.25 8.75 217.75
18.25 13.75 219.75
18.25 11.75 216.75
18.25 8.75 217.25
17.25 15.25 218.25
16.25 15.25 219.75
16.25 8.25 216.25
16.25 14.25 219.25
17.25 15.75 219.75
18.25 14.25 219.75
18.25 8.25 216.75
18.25 13.25 218.25
15.75 12.25 222.75
15.75 13.25 222.25
16.75 9.75 219.75
15.75 14.25 223.75
15.75 15.25 223.25
18.75 11.75 218.25
18.75 10.75 218.75
18.75 12.75 217.75
16.75 9.75 219.25
15.75 15.25 223.75
15.75 14.25 223.25
15.75 13.25 222.75
15.75 12.25 222.25
17.75 14.25 216.75
17.75 13.25 217.25
18.75 11.75 218.75
18.75 10.75 218.25
15.75 11.75 221.75
16.75 14.25 216.75
15.75 15.75 223.75
15.75 14.75 223.25
15.75 13.75 222.75
15.75 12.75 222.25
18.75 12.25 217.25
18.75 11.25 218.75
18.75 10.25 218.25
17.75 13.75 217.25
15.75 6.25 208.25
16.75 16.75 220.75
15.75 9.25 215.75
15.75 10.25 214.25
15.75 5.25 209.75
15.75 4.25 209.25
15.75 8.25 215.25
17.75 16.25 220.75
18.75 7.75 215.75
16.25 12.75 216.25
16.25 9.75 218.75
18.25 10.75 219.75
17.25 14.25 217.25
18.25 9.75 218.25
18.25 12.75 216.75
17.25 15.25 217.75
15.75 10.75 220.25
15.75 14.75 222.25
16.75 14.25 217.75
16.75 13.25 216.25
15.75 13.75 223.75
15.75 12.75 223.25
15.75 11.75 220.75
18.75 11.25 219.75
17.75 12.75 216.75
17.75 13.75 216.25
18.75 10.25 219.25
17.75 14.75 217.75
16.75 13.75 216.25
15.75 13.25 223.75
15.75 15.25 222.75
16.75 14.75 217.75
15.75 14.25 222.25
15.75 11.25 220.75
18.75 11.75 219.75
18.75 9.75 218.75
18.75 10.75 219.25
17.75 13.25 216.25
17.75 14.25 217.75
16.25 13.25 217.25
18.25 12.25 217.25
17.25 14.75 216.75
18.25 13.25 217.75
16.75 14.25 216.25
15.75 15.75 223.25
15.75 13.75 222.25
15.75 11.75 221.25
15.75 14.75 223.75
15.75 12.75 222.75
18.75 10.25 218.75
18.75 11.25 218.25
17.75 13.75 217.75
18.75 12.25 217.75
16.25 13.25 217.75
18.25 13.25 217.25
16.75 8.25 217.25
15.75 14.75 221.75
16.75 15.25 218.75
16.75 14.25 218.25
15.75 13.75 220.25
15.75 12.75 220.75
18.75 13.25 219.25
18.75 12.25 219.75
17.75 14.75 218.25
18.75 10.25 216.75
18.75 11.25 216.25
18.75 9.25 217.25
16.25 13.75 217.25
16.25 9.75 219.25
18.25 13.75 217.75
18.25 12.75 217.25
17.25 14.25 216.75
15.75 15.25 222.25
16.75 14.75 217.25
15.75 11.25 220.25
16.75 8.75 218.25
16.75 13.75 216.75
15.75 13.25 223.25
15.75 14.25 222.75
18.75 10.75 219.75
18.75 11.75 219.25
17.75 15.25 217.75
17.75 14.25 217.25
18.75 9.75 218.25
17.75 13.25 216.75
17.25 15.75 217.75
16.25 13.25 216.75
16.25 12.25 216.25
16.25 10.25 219.25
16.25 9.25 218.75
18.25 10.25 219.75
18.25 9.25 218.25
17.25 14.75 217.25
18.25 12.25 216.75
16.75 15.25 218.25
15.75 12.75 220.25
15.75 14.75 221.25
15.75 13.75 220.75
18.75 12.25 219.25
18.75 13.25 219.75
17.75 14.75 218.75
18.75 9.25 217.75
18.75 10.25 216.25
18.75 11.25 216.75
16.25 12.25 216.75
16.25 13.25 216.25
16.25 10.25 219.75
16.25 9.25 218.25
18.25 9.25 218.75
17.25 14.75 217.75
18.25 13.25 216.75
18.25 10.25 219.25
17.25 13.75 216.25
18.25 12.25 216.25
15.75 14.25 220.25
16.75 15.75 219.25
15.75 12.25 221.25
15.75 13.25 221.75
17.75 15.25 219.25
18.75 12.75 218.25
18.75 11.75 217.75
18.75 10.75 217.25
18.75 9.75 216.75
18.75 8.75 216.25
16.75 6.75 215.25
15.75 5.25 209.25
15.75 6.25 208.75
16.75 7.75 215.75
15.75 8.25 215.75
15.75 10.25 214.75
17.75 16.25 220.25
18.75 7.75 215.25
15.75 14.25 221.75
15.75 13.25 220.25
16.75 14.75 218.25
15.75 12.25 220.75
18.75 13.75 219.25
18.75 12.75 219.75
18.75 11.75 216.25
17.75 14.25 218.25
17.75 15.25 218.75
18.75 9.75 217.25
18.75 10.75 216.75
16.75 15.25 219.25
16.75 8.25 216.75
15.75 13.75 221.75
15.75 12.75 221.25
17.75 15.75 219.25
18.75 13.25 218.75
17.75 14.75 219.75
17.75 13.75 218.25
18.75 12.25 218.25
18.75 8.25 216.25
18.75 10.25 217.25
18.75 11.25 217.75
18.75 9.25 216.75
15.75 12.25 221.75
16.75 15.75 219.75
16.75 14.75 219.25
15.75 13.25 221.25
15.75 14.25 220.75
17.75 15.25 219.75
18.75 12.75 218.75
18.75 10.75 217.75
18.75 11.75 217.25
18.75 9.75 216.25
18.75 8.75 216.75
16.75 9.25 218.75
15.75 12.75 223.75
15.75 11.75 220.25
16.75 14.25 217.25
15.75 13.75 223.25
15.75 14.75 222.75
18.75 11.25 219.25
17.75 14.75 217.25
17.75 13.75 216.75
17.75 12.75 216.25
16.25 8.75 217.25
18.25 13.75 219.25
18.25 8.75 217.75
17.25 15.25 218.75
18.25 11.75 216.25
16.75 14.75 218.75
15.75 14.25 221.25
15.75 13.25 220.75
15.75 12.25 220.25
18.75 13.75 219.75
18.75 12.75 219.25
17.75 14.25 218.75
18.75 8.75 217.25
17.75 15.25 218.25
18.75 11.75 216.75
18.75 9.75 217.75
18.75 10.75 216.25
15.75 14.75 220.75
16.75 15.25 219.75
15.75 13.75 221.25
15.75 12.75 221.75
17.75 14.75 219.25
17.75 15.75 219.75
18.75 12.25 218.75
18.75 13.25 218.25
18.75 11.25 217.25
18.75 10.25 217.75
18.75 9.25 216.25
16.25 4.75 209.75
16.25 10.75 214.75
16.25 6.75 208.75
18.25 11.75 214.75
17.25 16.25 219.75
17.25 11.25 214.25
18.25 10.75 214.25
15.75 5.25 208.25
15.75 4.25 208.75
15.75 9.25 214.25
15.75 6.25 209.75
15.75 11.25 215.25
15.75 8.25 214.75
15.75 10.25 215.75
16.75 16.75 221.25
17.75 16.25 221.25
18.75 7.75 214.25
16.25 9.25 212.25
16.25 10.25 213.75
15.25 7.75 212.75
18.25 5.25 210.75
17.25 12.75 214.75
17.25 9.75 212.25
18.25 10.25 213.25
18.25 9.25 212.75
18.25 8.25 212.25
17.25 10.75 213.75
15.75 9.25 213.25
15.75 6.25 210.75
15.75 7.25 210.25
15.75 5.25 211.25
16.75 16.75 222.25
17.75 17.25 222.75
17.75 16.25 222.25
18.75 6.75 213.75
18.75 5.75 212.25
18.75 7.75 213.25
15.25 8.25 212.75
16.25 8.75 211.25
16.25 16.75 223.25
18.25 16.75 223.75
17.25 9.25 211.75
18.25 8.75 211.75
17.25 8.25 211.25
15.75 8.75 212.75
15.75 7.75 211.25
15.75 6.75 211.75
15.75 5.75 210.25
16.75 17.25 223.75
17.75 17.75 223.75
17.75 16.75 223.25
17.75 8.75 211.25
18.75 8.25 211.75
18.75 7.25 212.25
18.75 6.25 212.75
16.75 8.25 211.25
15.75 8.75 214.75
15.75 4.75 208.75
15.75 9.75 214.25
15.75 5.75 208.25
16.75 17.25 221.75
15.75 6.75 209.75
15.75 10.75 215.75
16.75 16.25 221.25
17.75 16.75 221.25
18.75 7.25 214.25
16.25 9.75 212.75
16.25 8.75 212.25
15.25 7.25 212.25
16.25 4.75 210.25
17.25 12.25 214.25
18.25 10.75 213.75
17.25 11.25 213.75
18.25 8.75 212.75
18.25 7.75 211.25
17.25 10.25 213.25
16.75 8.25 210.25
15.75 3.75 208.25
15.75 9.75 213.25
15.75 6.75 210.75
15.75 5.75 211.25
16.75 17.25 222.75
17.75 16.75 222.25
18.75 7.25 213.25
17.25 11.75 213.75
16.25 4.25 210.25
16.25 9.25 212.75
16.25 10.25 213.25
16.25 5.25 210.75
18.25 9.25 212.25
17.25 10.75 213.25
18.25 10.25 213.75
17.25 8.75 212.25
17.25 9.75 212.75
16.25 3.75 208.25
16.25 9.75 213.25
16.25 12.75 215.75
16.25 7.75 210.25
17.25 13.25 215.25
17.25 10.25 212.75
18.25 9.75 213.75
18.25 7.75 210.75
16.25 6.25 212.75
16.25 8.25 211.75
16.25 16.25 223.75
17.25 17.75 223.25
18.25 16.25 223.25
18.25 8.25 211.25
17.25 8.75 211.75
15.75 10.25 213.75
15.75 8.25 212.75
16.75 8.75 211.25
15.75 6.25 211.75
15.75 7.25 211.25
15.75 5.25 210.25
16.75 16.75 223.25
16.75 17.75 223.75
17.75 17.25 223.75
18.75 6.75 212.75
17.75 8.25 211.25
18.75 7.75 212.25
15.75 9.75 212.75
15.75 8.75 212.25
15.75 7.75 211.75
15.75 6.75 211.25
15.75 5.75 210.75
15.75 4.75 210.25
16.75 17.25 223.25
17.75 16.75 223.75
17.75 17.75 223.25
17.75 8.75 211.75
18.75 7.25 212.75
18.75 6.25 212.25
16.25 3.25 208.25
17.25 13.75 215.25
16.25 5.25 211.25
16.25 12.25 215.75
17.25 12.75 215.75
17.25 7.75 210.25
15.75 9.25 212.75
15.75 5.25 210.75
15.75 6.25 211.25
15.75 8.25 212.25
15.75 7.25 211.75
16.75 17.75 223.25
17.75 17.25 223.25
16.75 8.75 211.75
18.75 7.75 212.75
18.75 6.75 212.25
16.25 8.25 211.25
16.25 16.25 223.25
17.25 17.75 223.75
18.25 16.25 223.75
18.25 6.25 212.75
18.25 8.25 211.75
17.25 8.75 211.25
16.75 10.75 213.25
15.75 7.25 212.25
15.75 8.25 211.75
15.75 6.25 212.75
17.75 11.25 213.75
18.75 7.75 211.25
17.75 9.25 212.75
18.75 8.75 212.75
17.75 10.25 213.25
16.75 9.75 212.75
18.75 6.75 211.75
18.75 5.75 210.25
16.25 6.75 213.75
16.25 5.75 212.25
16.25 16.75 222.75
17.25 18.25 223.75
17.25 17.25 222.25
17.25 8.25 210.75
15.75 6.25 213.25
15.75 7.25 213.75
16.75 10.75 212.75
16.75 12.75 215.75
18.75 5.75 211.75
18.75 9.75 213.75
18.75 7.75 210.75
18.75 8.75 213.25
17.75 12.25 215.75
18.75 3.75 208.75
16.75 7.75 210.25
18.75 6.75 210.25
16.25 4.75 209.25
16.25 6.75 208.25
16.25 10.75 214.25
16.25 11.75 214.75
17.25 16.25 219.25
18.25 10.75 214.75
18.25 4.75 209.75
17.25 7.25 208.75
16.25 6.25 208.25
16.25 4.25 209.25
16.25 11.25 214.75
18.25 10.25 214.75
17.25 10.75 214.25
18.25 11.25 214.25
17.25 11.75 214.75
17.25 6.75 208.25
18.25 6.25 208.75
18.25 4.25 209.75
16.25 6.75 209.25
16.25 7.75 209.75
16.25 11.75 215.75
18.25 10.75 215.75
18.25 11.75 215.25
18.25 5.75 208.25
18.25 6.75 209.75
16.25 11.25 215.25
16.25 7.25 209.25
18.25 11.25 215.75
18.25 7.25 209.75
18.25 6.25 209.25
16.75 11.75 214.25
18.75 8.75 215.25
18.75 9.75 215.75
17.75 11.25 214.25
18.75 5.75 209.75
18.75 4.75 209.25
17.25 11.25 213.25
16.25 3.75 209.25
16.25 4.75 210.75
16.25 10.75 213.75
17.25 14.25 215.75
18.25 9.75 212.75
18.25 8.75 212.25
17.25 12.25 214.75
17.25 9.25 212.25
18.25 4.75 210.25
16.75 7.25 208.75
15.75 7.75 215.25
18.75 10.25 214.75
18.75 8.25 215.75
17.75 11.75 214.75
17.75 10.75 214.25
18.75 9.25 215.25
18.75 5.25 209.25
17.75 6.75 208.25
18.75 6.25 208.75
15.75 7.75 215.75
16.75 11.25 214.25
16.75 16.25 219.75
17.75 11.75 214.25
18.75 10.25 214.25
18.75 8.25 215.25
18.75 9.25 215.75
17.75 6.75 208.75
18.75 5.25 209.75
18.75 4.25 209.25
15.75 6.75 214.25
15.75 7.75 214.75
18.75 11.25 215.75
18.75 10.25 215.25
17.75 11.75 215.25
18.75 8.25 214.25
18.75 9.25 214.75
18.75 5.25 208.75
18.75 6.25 209.25
16.75 7.25 209.25
18.75 4.25 208.25
15.75 7.75 213.75
16.75 10.25 212.75
16.75 3.25 208.25
15.75 6.75 213.25
17.75 12.75 215.75
18.75 9.25 213.75
17.75 9.75 213.25
18.75 8.25 213.25
18.75 6.25 210.25
17.75 7.75 210.25
18.75 7.25 210.75
18.75 10.75 215.25
18.75 8.75 214.25
18.75 9.75 214.75
18.75 5.75 208.75
18.75 4.75 208.25
17.75 7.25 209.25
16.25 7.25 209.75
18.25 11.25 215.25
17.25 7.75 209.75
18.25 4.25 208.75
18.25 7.25 209.25
16.75 4.25 210.25
15.75 7.75 212.25
16.75 11.25 213.75
15.75 6.75 212.75
16.75 10.25 213.25
17.75 10.75 213.25
17.75 9.75 212.75
17.75 8.75 212.25
18.75 8.25 212.75
18.75 7.25 211.25
18.75 6.25 211.75
18.75 5.25 210.25
15.75 7.75 213.25
15.75 6.75 213.75
16.75 12.25 215.25
16.75 3.25 208.75
15.75 5.75 212.25
16.75 5.25 211.75
16.75 13.25 215.75
17.75 12.75 215.25
18.75 9.25 213.25
18.75 8.25 213.75
18.75 6.25 210.75
18.75 7.25 210.25
16.75 9.75 212.25
15.75 7.25 212.75
15.75 6.25 212.25
16.75 10.75 213.75
16.75 4.75 210.75
17.75 10.25 213.75
18.75 8.75 212.25
17.75 12.25 214.75
18.75 4.75 210.25
18.75 7.75 211.75
18.75 6.75 211.25
17.75 9.25 212.25
18.75 5.75 210.75
16.25 6.75 209.75
17.25 16.25 218.75
16.25 11.75 215.25
18.25 10.75 215.25
18.25 11.75 215.75
17.25 7.25 209.25
18.25 6.75 209.25
16.25 4.25 209.75
16.25 11.25 214.25
17.25 16.75 219.75
17.25 11.75 214.25
18.25 11.25 214.75
18.25 10.25 214.25
18.25 6.25 208.25
15.75 7.25 214.25
16.75 7.75 209.75
18.75 10.75 215.75
18.75 9.75 214.25
18.75 8.75 214.75
17.75 7.25 209.75
18.75 4.75 208.75
18.75 5.75 208.25
15.75 8.25 213.25
15.75 6.25 210.25
15.75 7.25 210.75
15.75 9.25 213.75
16.75 16.75 222.75
17.75 17.25 222.25
17.75 16.25 222.75
18.75 7.75 213.75
18.75 6.75 213.25
17.75 8.25 210.75
15.75 7.75 214.25
18.75 10.25 215.75
18.75 8.25 214.75
18.75 9.25 214.25
16.75 7.25 209.75
17.75 6.75 209.25
18.75 5.25 208.25
18.75 4.25 208.75
18.75 6.25 209.75
16.75 11.75 214.75
18.75 10.75 214.75
17.75 11.25 214.75
18.75 8.75 215.75
18.75 9.75 215.25
16.75 6.75 208.25
17.75 6.25 208.25
18.75 4.75 209.75
18.75 5.75 209.25
16.25 3.75 203.25
21.25 4.25 201.75
20.25 1.75 203.25
20.25 2.75 202.75
42.25 5.75 198.75
19.25 2.25 203.25
17.25 4.25 200.75
18.25 3.75 203.75
23.25 5.25 201.75
27.25 5.25 202.75
31.25 5.25 203.75
25.25 5.25 202.25
29.25 5.25 203.25
35.25 5.25 196.75
33.25 5.25 196.25
37.25 5.25 197.25
39.25 5.25 197.75
41.25 5.25 198.25
43.25 5.25 198.75
47.25 5.25 199.75
45.25 5.25 199.25
21.25 3.25 203.75
20.25 1.75 202.75
46.25 5.75 198.25
21.25 4.25 200.25
17.25 4.25 201.25
16.25 3.75 202.75
19.25 3.25 202.25
18.25 3.75 202.25
23.25 5.25 200.25
25.25 5.25 203.75
29.25 5.25 202.75
27.25 5.25 203.25
31.25 5.25 202.25
35.25 5.25 197.25
33.25 5.25 197.75
37.25 5.25 196.75
39.25 5.25 196.25
41.25 5.25 199.75
43.25 5.25 199.25
45.25 5.25 198.75
44.25 5.75 198.75
47.25 5.25 198.25
20.25 3.25 200.25
47.25 5.75 197.75
22.25 5.25 203.75
19.25 3.75 201.75
26.25 5.25 200.75
24.25 5.25 200.25
28.25 5.25 201.25
30.25 5.25 201.75
32.25 5.25 198.25
34.25 5.25 198.75
36.25 5.25 199.25
38.25 5.25 199.75
40.25 5.25 196.25
46.25 5.25 197.75
42.25 5.25 196.75
44.25 5.25 197.25
45.25 5.75 197.25
16.25 3.75 201.25
19.25 3.25 201.75
20.25 3.75 200.25
18.25 3.75 201.75
23.25 5.25 203.75
25.25 5.25 200.25
27.25 5.25 200.75
29.25 5.25 201.25
31.25 5.25 201.75
37.25 5.25 199.25
33.25 5.25 198.25
35.25 5.25 198.75
39.25 5.25 199.75
41.25 5.25 196.25
47.25 5.25 197.75
43.25 5.25 196.75
45.25 5.25 197.25
24.25 5.75 203.25
21.25 3.25 203.25
21.25 4.25 200.75
19.25 1.25 203.75
17.25 4.25 201.75
19.25 3.25 202.75
16.25 3.75 202.25
18.25 3.75 202.75
23.25 5.25 200.75
27.25 5.25 203.75
25.25 5.25 203.25
31.25 5.25 202.75
29.25 5.25 202.25
44.25 5.75 198.25
35.25 5.25 197.75
33.25 5.25 197.25
37.25 5.25 196.25
41.25 5.25 199.25
39.25 5.25 196.75
43.25 5.25 199.75
47.25 5.25 198.75
45.25 5.25 198.25
46.25 5.75 198.75
14.75 0.25 203.75
14.75 1.25 203.25
16.75 0.25 204.25
13.75 0.75 203.25
18.75 1.25 204.25
14.75 3.25 202.25
12.75 2.25 202.25
14.75 2.25 202.75
15.75 3.75 202.25
13.75 2.75 202.25
16.75 6.25 207.25
18.75 4.25 206.75
18.75 3.25 205.25
17.75 5.75 206.75
24.75 5.25 204.75
28.75 5.25 205.75
26.75 5.25 204.25
37.75 4.75 195.25
38.75 5.25 195.25
30.75 5.25 205.25
33.75 4.75 194.25
36.75 5.25 195.75
35.75 4.75 194.75
48.75 5.25 198.75
54.75 2.25 196.75
54.75 1.25 197.25
50.75 5.25 198.25
54.75 5.25 199.25
52.75 5.25 199.75
51.75 5.75 198.25
21.25 3.75 203.75
21.25 4.75 200.25
19.25 2.75 202.75
16.25 4.25 201.25
16.25 3.25 202.75
17.25 3.75 202.75
24.25 5.25 203.75
22.25 5.25 200.25
26.25 5.25 203.25
28.25 5.25 202.75
30.25 5.25 202.25
36.25 5.25 196.75
32.25 5.25 197.75
34.25 5.25 197.25
42.25 5.25 199.25
38.25 5.25 196.25
40.25 5.25 199.75
44.25 5.25 198.75
46.25 5.25 198.25
47.25 5.75 198.25
46.25 5.75 199.25
21.25 4.25 201.25
20.25 2.75 202.25
18.25 3.75 203.25
19.25 2.25 203.75
16.25 3.75 203.75
17.25 4.25 200.25
23.25 5.25 201.25
25.25 5.25 202.75
27.25 5.25 202.25
29.25 5.25 203.75
35.25 5.25 196.25
31.25 5.25 203.25
37.25 5.25 197.75
33.25 5.25 196.75
39.25 5.25 197.25
41.25 5.25 198.75
47.25 5.25 199.25
43.25 5.25 198.25
45.25 5.25 199.75
42.25 5.75 198.25
20.25 1.25 203.75
21.25 4.75 201.25
21.25 3.75 202.75
17.25 3.75 203.75
16.25 3.25 203.75
16.25 4.25 200.25
18.25 3.25 203.25
18.25 4.25 200.75
22.25 5.25 201.25
26.25 5.25 202.25
24.25 5.25 202.75
28.25 5.25 203.75
36.25 5.25 197.75
30.25 5.25 203.25
32.25 5.25 196.75
34.25 5.25 196.25
38.25 5.25 197.25
40.25 5.25 198.75
46.25 5.25 199.25
42.25 5.25 198.25
44.25 5.25 199.75
45.25 5.75 199.75
21.25 4.75 201.75
21.25 3.75 202.25
20.25 3.25 202.25
20.25 2.25 202.75
20.25 1.25 203.25
16.25 3.25 203.25
18.25 3.25 203.75
19.25 2.75 203.25
17.25 3.75 203.25
16.25 4.25 200.75
18.25 4.25 200.25
22.25 5.25 201.75
28.25 5.25 203.25
26.25 5.25 202.75
24.25 5.25 202.25
30.25 5.25 203.75
34.25 5.25 196.75
32.25 5.25 196.25
38.25 5.25 197.75
36.25 5.25 197.25
44.25 5.25 199.25
40.25 5.25 198.25
46.25 5.25 199.75
42.25 5.25 198.75
45.25 5.75 199.25
22.25 5.25 203.25
20.25 3.25 200.75
19.25 3.75 201.25
48.25 5.25 194.75
17.25 3.75 201.75
27.25 5.75 200.25
24.25 5.25 200.75
26.25 5.25 200.25
30.25 5.25 201.25
28.25 5.25 201.75
34.25 5.25 198.25
32.25 5.25 198.75
38.25 5.25 199.25
36.25 5.25 199.75
45.25 5.75 197.75
40.25 5.25 196.75
46.25 5.25 197.25
52.25 5.25 195.75
44.25 5.25 197.75
42.25 5.25 196.25
47.25 5.75 197.25
21.25 4.25 203.25
22.25 4.75 203.75
20.25 3.75 200.75
16.25 3.75 201.75
18.25 3.75 201.25
23.25 5.25 203.25
29.25 5.25 201.75
25.25 5.25 200.75
27.25 5.25 200.25
35.25 5.25 198.25
31.25 5.25 201.25
33.25 5.25 198.75
39.25 5.25 199.25
37.25 5.25 199.75
43.25 5.25 196.25
41.25 5.25 196.75
45.25 5.25 197.75
47.25 5.25 197.25
46.25 5.75 197.25
44.25 5.75 197.75
53.25 5.25 195.75
15.75 3.75 207.75
41.75 5.75 197.25
21.75 4.75 202.75
16.75 4.25 203.75
19.75 3.75 200.75
22.75 5.25 202.75
24.75 5.25 201.25
29.75 5.75 200.25
26.75 5.25 201.75
28.75 5.25 200.25
30.75 5.25 200.75
32.75 5.25 199.25
38.75 5.25 198.75
36.75 5.25 198.25
34.75 5.25 199.75
40.75 5.25 197.25
46.75 5.25 196.75
42.75 5.25 197.75
44.75 5.25 196.25
43.75 5.75 197.75
50.75 5.25 195.75
48.75 5.25 195.25
21.25 2.75 203.75
21.25 3.75 203.25
47.25 5.75 198.75
19.25 1.75 203.75
16.25 3.25 202.25
21.25 4.75 200.75
18.25 3.25 202.75
18.25 4.25 201.25
17.25 3.75 202.25
22.25 5.25 200.75
26.25 5.25 203.75
24.25 5.25 203.25
28.25 5.25 202.25
30.25 5.25 202.75
32.25 5.25 197.25
34.25 5.25 197.75
40.25 5.25 199.25
36.25 5.25 196.25
38.25 5.25 196.75
46.25 5.25 198.75
42.25 5.25 199.75
44.25 5.25 198.25
45.25 5.75 198.25
43.25 5.75 199.75
11.75 1.25 202.25
21.75 3.25 204.75
11.75 0.25 202.75
14.75 1.75 203.25
14.75 0.75 203.75
17.75 5.25 206.75
12.75 2.75 202.25
14.75 2.75 202.75
18.75 2.75 205.75
52.75 5.75 199.75
17.75 6.25 207.25
15.75 3.25 202.25
18.75 1.75 204.25
16.75 5.75 206.75
18.75 4.75 206.75
18.75 3.75 205.25
27.75 5.25 204.25
25.75 5.25 204.75
31.75 5.25 205.25
29.75 5.25 205.75
32.75 4.75 194.25
36.75 4.75 195.25
34.75 4.75 194.75
37.75 5.25 195.75
39.75 5.25 195.25
53.75 5.25 199.75
49.75 5.25 198.75
48.75 5.75 198.75
51.75 5.25 198.25
54.75 5.75 199.25
50.75 5.75 198.25
20.25 3.25 201.75
19.25 3.75 200.25
22.25 5.25 202.25
24.25 5.25 201.75
26.25 5.25 201.25
28.25 5.25 200.75
34.25 5.25 199.25
30.25 5.25 200.25
32.25 5.25 199.75
36.25 5.25 198.75
38.25 5.25 198.25
40.25 5.25 197.75
42.25 5.25 197.25
44.25 5.25 196.75
50.25 5.25 195.25
46.25 5.25 196.25
45.25 5.75 196.75
48.25 5.25 195.75
15.75 3.25 207.75
21.75 4.25 202.75
20.75 3.75 201.25
21.75 5.25 202.25
19.75 3.25 200.75
17.75 4.25 203.75
18.75 3.75 200.75
25.75 5.25 201.25
23.75 5.25 202.75
27.75 5.25 201.75
30.75 5.75 200.75
29.75 5.25 200.25
33.75 5.25 199.25
31.75 5.25 200.75
35.75 5.25 199.75
39.75 5.25 198.75
37.75 5.25 198.25
41.75 5.25 197.25
49.75 5.25 195.25
46.75 5.75 196.75
47.75 5.25 196.75
45.75 5.25 196.25
43.75 5.25 197.75
42.75 5.75 197.75
51.75 5.25 195.75
16.25 4.25 203.75
39.25 5.75 198.75
49.25 4.75 195.75
20.25 3.25 201.25
19.25 3.75 200.75
22.25 5.25 202.75
24.25 5.25 201.25
26.25 5.25 201.75
28.25 5.25 200.25
32.25 5.25 199.25
30.25 5.25 200.75
40.25 5.25 197.25
36.25 5.25 198.25
34.25 5.25 199.75
38.25 5.25 198.75
48.25 5.25 195.25
42.25 5.25 197.75
44.25 5.25 196.25
46.25 5.25 196.75
43.25 5.75 197.75
45.25 5.75 196.25
50.25 5.25 195.75
21.25 4.25 202.25
16.25 3.75 200.75
23.25 5.25 202.25
25.25 5.25 201.75
30.25 5.75 200.25
27.25 5.25 201.25
29.25 5.25 200.75
35.25 5.25 199.25
32.25 5.75 199.75
31.25 5.25 200.25
33.25 5.25 199.75
37.25 5.25 198.75
39.25 5.25 198.25
41.25 5.25 197.75
43.25 5.25 197.25
48.25 4.75 195.25
45.25 5.25 196.75
47.25 5.25 196.25
49.25 5.25 195.75
21.25 4.25 202.75
20.25 3.75 201.25
16.25 3.75 200.25
18.25 3.75 200.75
17.25 4.25 203.75
23.25 5.25 202.75
25.25 5.25 201.25
29.25 5.25 200.25
27.25 5.25 201.75
33.25 5.25 199.25
48.25 4.75 195.75
31.25 5.25 200.75
37.25 5.25 198.25
35.25 5.25 199.75
41.25 5.25 197.25
39.25 5.25 198.75
45.25 5.25 196.25
42.25 5.75 197.75
47.25 5.25 196.75
43.25 5.25 197.75
51.25 5.25 195.75
49.25 5.25 195.25
21.25 4.75 197.75
45.25 5.75 203.25
20.25 3.25 198.25
19.25 3.75 199.75
22.25 5.25 197.75
24.25 5.25 198.25
33.25 5.75 200.25
28.25 5.25 199.25
26.25 5.25 198.75
30.25 5.25 199.75
36.25 5.25 201.25
32.25 5.25 200.25
38.25 5.25 201.75
34.25 5.25 200.75
52.25 5.25 205.25
46.25 5.25 203.75
40.25 5.25 202.25
42.25 5.25 202.75
44.25 5.25 203.25
50.25 5.25 204.75
54.25 5.25 205.75
48.25 5.25 204.25
53.25 5.75 205.25
49.25 5.75 204.25
43.25 5.75 202.75
55.25 5.75 205.75
55.25 4.75 205.25
39.25 5.75 200.25
20.25 3.25 199.75
17.25 3.75 198.75
19.25 3.75 198.25
47.25 5.75 202.25
22.25 5.25 196.25
26.25 5.25 199.25
24.25 5.25 199.75
28.25 5.25 198.75
30.25 5.25 198.25
34.25 5.25 201.25
32.25 5.25 201.75
52.25 5.25 204.75
36.25 5.25 200.75
40.25 5.25 203.75
38.25 5.25 200.25
46.25 5.25 202.25
42.25 5.25 203.25
50.25 5.25 205.25
54.25 5.25 204.25
48.25 5.25 205.75
44.25 5.25 202.75
51.25 5.75 205.25
45.25 5.75 202.75
55.25 4.75 204.75
55.25 5.75 204.25
50.25 5.75 204.75
21.25 4.25 197.75
16.25 3.75 199.25
25.25 5.25 198.25
23.25 5.25 197.75
32.25 5.75 200.25
29.25 5.25 199.25
27.25 5.25 198.75
31.25 5.25 199.75
39.25 5.25 201.75
33.25 5.25 200.25
35.25 5.25 200.75
37.25 5.25 201.25
41.25 5.25 202.25
43.25 5.25 202.75
51.25 5.25 204.75
47.25 5.25 203.75
45.25 5.25 203.25
49.25 5.25 204.25
53.25 5.25 205.25
42.25 5.75 202.75
46.25 5.75 203.75
44.25 5.75 203.25
55.25 5.25 205.75
55.25 4.25 205.25
23.25 5.75 196.75
20.25 3.25 199.25
19.25 3.75 198.75
45.25 5.75 202.25
17.25 3.75 198.25
22.25 5.25 196.75
24.25 5.25 199.25
26.25 5.25 199.75
28.25 5.25 198.25
34.25 5.25 201.75
32.25 5.25 201.25
30.25 5.25 198.75
36.25 5.25 200.25
40.25 5.25 203.25
38.25 5.25 200.75
46.25 5.25 202.75
42.25 5.25 203.75
54.25 5.25 204.75
44.25 5.25 202.25
48.25 5.25 205.25
50.25 5.25 205.75
52.25 5.25 204.25
43.25 5.75 203.75
47.25 5.75 202.75
49.25 5.75 205.25
55.25 4.75 204.25
20.25 3.25 198.75
19.25 3.75 199.25
22.25 5.25 197.25
30.25 5.25 199.25
26.25 5.25 198.25
24.25 5.25 198.75
28.25 5.25 199.75
32.25 5.25 200.75
34.25 5.25 200.25
38.25 5.25 201.25
36.25 5.25 201.75
40.25 5.25 202.75
46.25 5.25 203.25
50.25 5.25 204.25
42.25 5.25 202.25
54.25 5.25 205.25
44.25 5.25 203.75
52.25 5.25 205.75
48.25 5.25 204.75
49.25 5.75 204.75
47.25 5.75 203.25
43.25 5.75 202.25
55.25 4.75 205.75
24.25 5.75 198.75
21.25 4.25 197.25
50.25 5.75 204.25
48.25 5.75 204.75
16.25 3.75 199.75
18.25 3.75 199.25
17.25 4.25 196.25
23.25 5.25 197.25
53.25 5.25 205.75
34.25 5.75 200.25
25.25 5.25 198.75
27.25 5.25 198.25
32.25 5.75 200.75
29.25 5.25 199.75
31.25 5.25 199.25
35.25 5.25 200.25
37.25 5.25 201.75
33.25 5.25 200.75
39.25 5.25 201.25
41.25 5.25 202.75
47.25 5.25 203.25
43.25 5.25 202.25
49.25 5.25 204.75
45.25 5.25 203.75
51.25 5.25 204.25
42.25 5.75 202.25
55.25 4.25 205.75
55.25 5.25 205.25
21.25 4.25 198.25
20.25 1.75 196.75
16.25 3.75 196.75
19.25 2.25 196.75
17.25 4.25 199.25
23.25 5.25 198.25
18.25 3.75 196.25
27.25 5.25 197.25
25.25 5.25 197.75
29.25 5.25 196.75
33.25 5.25 203.75
31.25 5.25 196.25
37.25 5.25 202.75
35.25 5.25 203.25
39.25 5.25 202.25
43.25 5.25 201.25
41.25 5.25 201.75
45.25 5.25 200.75
47.25 5.25 200.25
44.25 5.75 200.75
46.25 5.75 200.25
55.25 3.25 205.25
55.25 2.25 205.75
55.25 1.25 204.25
55.25 0.25 204.75
17.25 4.75 204.25
16.25 3.25 207.75
22.25 4.25 205.75
40.25 5.25 194.75
16.25 4.25 204.25
18.25 4.25 204.75
15.25 3.75 200.25
18.25 3.25 207.25
46.25 5.25 195.25
41.25 4.75 194.25
52.25 5.25 197.75
48.25 5.25 196.75
43.25 4.75 194.75
54.25 5.25 197.25
44.25 5.25 195.75
45.25 4.75 195.25
50.25 5.25 196.25
49.25 5.75 196.75
53.25 5.75 197.75
55.25 1.75 199.25
55.25 5.75 197.25
55.25 4.75 197.75
55.25 2.75 198.75
55.25 3.75 198.25
55.25 0.75 199.75
24.25 5.75 196.25
21.25 3.25 196.25
16.25 3.75 197.25
49.25 5.25 206.25
21.25 4.25 199.75
20.25 1.75 197.25
17.25 3.25 197.25
19.25 3.25 197.75
17.25 4.25 198.75
18.25 3.75 197.75
23.25 5.25 199.75
25.25 5.25 196.25
31.25 5.25 197.75
35.25 5.25 202.75
27.25 5.25 196.75
29.25 5.25 197.25
39.25 5.25 203.75
33.25 5.25 202.25
37.25 5.25 203.25
41.25 5.25 200.25
47.25 5.25 201.75
45.25 5.25 201.25
43.25 5.25 200.75
42.25 5.75 200.75
44.25 5.75 201.25
55.25 3.25 204.75
55.25 1.25 205.75
55.25 0.25 205.25
55.25 2.25 204.25
42.75 -5.75 203.75
53.75 -5.25 204.25
45.75 -5.25 202.25
43.75 -5.25 203.75
47.75 -5.25 202.75
51.75 -5.25 205.75
19.75 -3.25 198.75
17.75 -24.25 203.75
25.75 -5.25 199.25
21.75 -4.25 196.75
15.75 -15.25 199.75
15.75 -19.25 201.75
15.75 -14.25 199.25
15.75 -20.25 202.25
16.75 -3.75 198.25
16.75 -24.75 203.75
16.75 -23.75 204.25
15.75 -18.25 201.25
16.75 -25.75 203.25
18.75 -31.75 200.75
18.75 -30.75 200.25
18.75 -29.75 201.75
17.75 -25.25 203.25
23.75 -5.25 196.75
18.75 -28.75 201.25
20.75 -3.75 199.25
37.75 -5.25 200.25
41.75 -5.25 203.25
18.75 -26.75 202.25
49.75 -5.25 205.25
35.75 -5.25 201.75
33.75 -5.25 201.25
39.75 -5.25 200.75
16.25 -12.25 201.25
22.25 -4.25 204.75
53.25 -4.75 196.25
55.25 -2.75 199.75
45.25 -4.75 194.25
55.25 -0.75 198.75
55.25 -1.75 198.25
55.25 -4.75 196.75
55.25 -3.75 199.25
52.25 -5.25 196.75
54.25 -5.25 196.25
42.25 -5.25 195.25
16.25 -19.25 198.75
17.25 -19.75 198.75
16.25 -13.25 201.75
15.25 -3.75 201.25
10.25 -1.25 201.25
22.25 -5.25 204.25
10.25 -0.25 201.75
11.25 -2.75 200.75
14.25 -3.25 201.25
16.25 -16.25 199.25
23.25 -5.75 204.25
18.25 -12.25 201.75
50.25 -5.25 197.25
47.25 -4.75 194.75
18.25 -17.25 199.25
40.25 -5.25 195.75
48.25 -5.25 197.75
22.25 -3.75 205.75
55.25 -0.25 196.25
55.25 -5.25 198.75
55.25 -4.25 198.25
55.25 -3.25 197.75
55.25 -1.25 196.75
55.25 -2.25 197.25
38.25 -4.75 194.25
18.25 -23.75 198.75
51.25 -5.25 199.75
35.25 -5.25 195.75
29.25 -5.25 204.25
53.25 -5.25 198.25
16.25 -21.75 199.25
16.25 -22.75 198.75
15.25 -4.25 200.25
16.25 -15.75 202.25
21.25 -2.25 205.75
15.25 -2.25 203.25
16.25 -8.75 201.75
25.25 -5.25 205.25
24.25 -5.75 205.25
26.25 -5.75 205.75
16.25 -9.75 201.25
18.25 -20.75 199.25
33.25 -5.25 195.25
49.25 -5.25 199.25
31.25 -5.25 204.75
36.25 -4.75 194.75
39.75 -5.75 200.75
50.75 -5.25 205.75
54.75 -5.25 204.75
37.75 -5.75 200.25
46.75 -5.25 202.75
48.75 -5.25 205.25
52.75 -5.25 204.25
32.75 -5.25 201.25
38.75 -5.25 200.75
26.75 -5.25 199.75
24.75 -5.25 199.25
34.75 -5.25 201.75
44.75 -5.25 202.25
30.75 -5.25 198.75
21.75 -4.75 196.75
15.75 -19.75 201.75
15.75 -14.75 199.25
15.75 -18.75 201.25
15.75 -20.75 202.25
15.75 -15.75 199.75
15.75 -21.75 202.75
16.75 -23.25 204.25
16.75 -24.25 203.75
22.75 -5.25 196.75
16.75 -25.25 203.25
18.75 -31.25 200.75
17.75 -25.75 203.25
17.75 -24.75 203.75
40.75 -5.25 203.25
42.75 -5.25 203.75
18.75 -29.25 201.75
18.75 -28.25 201.25
18.75 -30.25 200.25
36.75 -5.25 200.25
48.75 -5.25 205.75
52.75 -5.25 204.75
42.75 -5.25 203.25
39.75 -5.75 200.25
37.75 -5.75 200.75
46.75 -5.25 202.25
44.75 -5.25 202.75
38.75 -5.25 200.25
34.75 -5.25 201.25
50.75 -5.25 205.25
54.75 -5.25 204.25
40.75 -5.25 203.75
21.75 -4.75 196.25
15.75 -21.75 202.25
15.75 -15.75 199.25
16.75 -22.25 204.25
15.75 -14.75 199.75
15.75 -18.75 201.75
16.75 -25.25 203.75
22.75 -5.25 196.25
15.75 -19.75 201.25
23.75 -5.75 196.25
15.75 -17.75 200.25
16.75 -24.25 203.25
18.75 -31.25 200.25
18.75 -30.25 200.75
18.75 -29.25 201.25
18.75 -28.25 201.75
17.75 -22.75 204.25
36.75 -5.25 200.75
17.75 -25.75 203.75
10.25 0.75 198.25
22.25 4.75 195.25
11.25 2.25 199.25
48.25 5.75 202.25
14.25 2.75 198.25
12.25 2.75 198.75
15.25 3.25 198.75
18.25 4.75 194.25
18.25 2.75 193.25
23.25 5.25 195.75
17.25 5.25 194.25
41.25 5.25 204.25
47.25 5.25 205.75
45.25 5.25 205.25
43.25 5.25 204.75
49.25 5.25 202.25
53.25 5.25 203.25
51.25 5.25 202.75
55.25 5.25 203.75
55.25 4.25 203.25
55.25 3.25 200.75
55.25 2.25 200.25
55.25 1.25 201.75
55.25 0.25 201.25
16.25 4.75 194.75
22.25 1.75 193.75
10.25 1.75 199.25
17.25 4.25 195.25
11.25 2.25 198.75
14.25 3.75 199.25
13.25 3.25 199.75
12.25 2.75 199.25
50.25 5.75 203.25
26.25 4.75 193.75
41.25 5.25 205.75
51.25 5.25 203.25
49.25 5.25 203.75
53.25 5.25 202.75
47.25 5.25 204.25
45.25 5.25 204.75
43.25 5.25 205.25
55.25 4.25 202.75
55.25 2.25 201.75
55.25 5.25 202.25
55.25 3.25 201.25
55.25 1.25 200.25
55.25 0.25 200.75
16.25 1.75 193.75
16.25 2.75 192.25
18.25 2.75 192.75
11.25 1.75 198.25
16.25 4.25 194.25
11.25 2.75 199.75
12.25 2.25 198.25
14.25 3.25 198.25
18.25 3.25 193.25
13.25 2.75 198.25
17.25 4.75 194.25
18.25 4.25 194.75
52.25 5.25 203.75
46.25 5.25 205.25
40.25 5.25 204.75
44.25 5.25 205.75
42.25 5.25 204.25
50.25 5.25 202.25
54.25 5.25 203.25
48.25 5.25 202.75
53.25 5.75 203.75
49.25 5.75 202.75
55.25 3.75 200.25
55.25 4.75 203.75
55.25 2.75 200.75
55.25 0.75 201.75
55.25 1.75 201.25
16.25 2.25 193.25
22.25 0.25 193.75
10.25 0.25 198.75
18.25 2.25 193.75
22.25 4.25 194.25
12.25 3.25 199.25
49.25 5.75 203.25
16.25 4.25 195.75
15.25 3.75 199.75
18.25 3.25 192.75
18.25 4.25 195.25
23.25 4.75 194.25
40.25 5.25 205.25
46.25 5.25 204.75
44.25 5.25 204.25
54.25 5.25 202.75
52.25 5.25 202.25
50.25 5.25 203.75
48.25 5.25 203.25
42.25 5.25 205.75
51.25 5.75 203.75
45.25 5.75 204.25
55.25 4.75 202.25
55.25 2.75 201.25
55.25 3.75 201.75
55.25 0.75 200.25
55.25 1.75 200.75
16.25 3.25 192.25
16.25 2.25 192.75
17.25 1.75 193.25
26.25 -0.25 190.75
26.25 -1.25 190.25
27.25 -2.75 191.75
27.75 -2.75 190.25
26.75 -2.25 190.25
26.75 -1.25 191.75
42.75 -5.75 200.25
47.75 -5.25 201.25
33.75 -5.25 202.75
45.75 -5.25 201.75
18.75 -27.75 201.25
29.75 -5.25 197.75
18.75 -7.75 199.25
19.75 -3.25 197.25
17.75 -29.25 202.75
16.75 -1.75 196.75
15.75 -23.25 200.25
16.75 -5.75 198.75
15.75 -9.25 199.25
16.75 -3.75 197.75
15.75 -20.25 201.75
15.75 -19.25 202.25
19.75 -1.25 196.25
20.75 -2.75 196.25
21.75 -5.25 199.75
16.75 -30.75 203.25
17.75 -4.25 198.25
15.75 -8.25 199.75
16.75 -31.75 203.75
25.75 -5.25 196.75
27.75 -5.25 196.25
17.75 -3.25 197.75
24.75 -5.75 196.75
26.75 -5.75 196.25
18.75 -25.75 200.25
18.75 -24.75 200.75
18.75 -26.75 201.75
17.75 -30.25 203.25
17.75 -31.25 203.75
39.75 -5.25 203.25
41.75 -5.25 200.75
35.75 -5.25 202.25
43.75 -5.25 200.25
37.75 -5.25 203.75
52.25 -4.75 196.25
55.25 -0.25 198.75
44.25 -4.75 194.25
46.25 -4.75 194.75
55.25 -3.25 199.25
55.25 -5.25 196.25
55.25 -1.25 198.25
51.25 -5.25 197.25
55.25 -4.25 196.75
55.25 -2.25 199.75
49.25 -5.25 197.75
41.25 -5.25 195.75
53.25 -5.25 196.75
17.25 -19.25 198.75
16.25 -19.75 198.75
16.25 -16.75 199.25
12.25 -2.75 201.25
10.25 -1.75 201.25
22.25 -4.75 204.75
10.25 -0.75 201.75
16.25 -13.75 201.75
13.25 -3.25 201.75
17.25 -13.25 201.75
14.25 -3.75 201.25
23.25 -5.25 204.25
18.25 -17.75 199.25
43.25 -5.25 195.25
18.25 -12.75 201.75
48.25 -5.25 205.75
55.25 -4.75 204.75
54.25 -5.25 204.25
44.25 -5.25 202.75
40.25 -5.25 203.75
42.25 -5.25 203.25
38.25 -5.25 200.25
26.25 -5.25 199.25
18.25 -27.25 202.25
52.25 -5.25 204.75
32.25 -5.25 201.75
22.25 -5.25 196.25
15.25 -16.75 200.75
15.25 -19.75 201.25
15.25 -17.75 200.25
15.25 -14.75 199.75
16.25 -27.25 202.75
16.25 -26.25 202.25
16.25 -24.25 203.25
17.25 -23.75 204.75
23.25 -5.75 196.25
17.25 -22.75 204.25
18.25 -26.25 202.75
30.25 -5.25 198.25
50.25 -5.25 205.25
36.25 -5.25 200.75
28.25 -5.25 198.75
24.25 -5.25 199.75
34.25 -5.25 201.25
46.25 -5.25 202.25
54.75 -0.25 200.75
45.75 -5.75 204.75
44.75 -5.25 204.75
50.75 -5.25 203.25
54.75 -5.25 202.25
52.75 -5.25 202.75
40.75 -5.25 205.75
18.75 -13.25 199.25
46.75 -5.25 204.25
18.75 -12.25 199.75
48.75 -5.25 203.75
22.75 -4.25 194.75
16.75 -21.25 203.75
16.75 -20.25 203.25
16.75 -15.25 198.75
15.75 -25.75 202.25
15.75 -28.75 200.75
15.75 -29.75 200.25
15.75 -30.75 201.75
13.75 -3.75 199.75
12.75 -3.25 199.75
11.75 -2.75 198.75
10.75 -2.25 198.75
9.75 -0.75 199.25
15.75 -31.75 201.25
23.75 -4.75 194.75
16.75 -26.25 204.25
17.75 -21.75 203.75
17.75 -20.75 203.25
18.75 -18.25 200.75
18.75 -19.25 200.25
42.75 -5.25 205.25
22.25 4.75 195.75
50.25 5.75 202.25
46.25 5.75 205.25
11.25 2.25 199.75
54.25 5.75 203.25
13.25 3.25 198.75
48.25 5.75 202.75
52.25 5.75 203.75
18.25 2.75 193.75
18.25 4.75 194.75
23.25 5.25 195.25
53.25 5.25 203.75
43.25 5.25 204.25
41.25 5.25 204.75
51.25 5.25 202.25
47.25 5.25 205.25
45.25 5.25 205.75
49.25 5.25 202.75
55.25 0.25 201.75
55.25 3.25 200.25
55.25 4.25 203.75
55.25 5.25 203.25
55.25 2.25 200.75
55.25 1.25 201.25
16.25 4.75 194.25
16.25 2.75 193.25
22.25 0.75 193.75
15.25 3.25 198.25
10.25 0.75 198.75
17.25 2.25 193.25
20.75 2.75 197.75
21.75 5.25 198.25
18.75 2.75 196.25
16.75 3.75 196.25
17.75 4.25 199.75
27.75 5.25 197.75
25.75 5.25 197.25
23.75 5.25 198.75
33.75 5.25 203.25
29.75 5.25 196.25
35.75 5.25 203.75
39.75 5.25 202.75
31.75 5.25 196.75
43.75 5.25 201.75
37.75 5.25 202.25
41.75 5.25 201.25
47.75 5.25 200.75
45.75 5.25 200.25
46.75 5.75 200.75
44.75 5.75 200.25
15.75 5.25 192.75
15.75 4.25 192.25
15.75 2.25 195.25
15.75 3.25 195.75
55.25 -3.75 198.75
55.25 -0.75 199.25
55.25 -1.75 199.75
48.25 -5.25 196.25
55.25 -2.75 198.25
55.25 -4.75 197.25
44.25 -5.25 195.25
47.25 -4.75 195.25
43.25 -4.75 194.25
50.25 -5.25 196.75
54.25 -5.25 197.75
46.25 -5.25 195.75
16.25 -19.25 199.25
16.25 -16.25 198.75
17.25 -16.75 198.75
22.25 -4.25 205.25
12.25 -3.25 200.25
15.25 -3.75 200.75
16.25 -14.25 201.75
11.25 -2.75 201.25
14.25 -3.25 200.75
13.25 -3.75 200.25
23.25 -5.75 205.75
52.25 -5.25 197.25
18.25 -18.25 199.25
18.25 -14.25 201.25
41.25 -4.75 194.75
17.25 -9.25 201.75
55.25 -1.25 196.25
55.25 -2.25 197.75
55.25 -3.25 197.25
55.25 -5.25 198.25
55.25 -0.25 196.75
55.25 -4.25 198.75
49.25 -5.25 199.75
36.25 -4.75 194.25
31.25 -5.25 204.25
51.25 -5.25 199.25
38.25 -4.75 194.75
53.25 -5.25 198.75
16.25 -23.75 198.75
16.25 -20.75 199.25
17.25 -23.25 198.75
21.25 -2.25 205.25
12.25 -1.75 202.75
16.25 -9.75 201.75
15.25 -4.25 200.75
26.25 -5.75 205.25
16.25 -8.75 201.25
27.25 -5.25 205.25
18.25 -21.75 199.25
25.25 -5.25 205.75
18.25 -22.75 198.75
55.25 -1.25 198.75
42.25 -4.75 195.25
55.25 -2.25 199.25
55.25 -0.25 198.25
55.25 -4.25 196.25
55.25 -3.25 199.75
43.25 -5.25 195.75
55.25 -5.25 196.75
41.25 -5.25 195.25
18.25 -16.75 199.25
53.25 -5.25 196.25
51.25 -5.25 197.75
23.25 -5.25 204.75
16.25 -18.75 198.75
16.25 -17.75 199.25
12.25 -2.75 201.75
22.25 -4.75 204.25
15.25 -3.25 201.75
13.25 -3.25 201.25
16.25 -12.75 201.75
10.25 -1.75 201.75
11.25 -2.25 200.25
18.25 -13.75 201.75
49.25 -5.25 197.25
44.25 -4.75 194.75
55.25 -1.75 196.25
55.25 -3.75 197.25
55.25 -2.75 197.75
55.25 -4.75 198.75
54.25 -5.25 198.25
55.25 -0.75 196.75
37.25 -4.75 194.25
18.25 -22.25 198.75
48.25 -5.25 199.75
32.25 -3.25 192.75
18.25 -21.25 199.25
24.25 -5.25 205.75
16.25 -23.25 198.75
16.25 -20.25 199.25
16.25 -9.25 201.75
21.25 -2.75 205.25
21.25 -1.75 204.75
26.25 -5.25 205.25
17.25 -23.75 198.75
27.25 -5.75 205.25
17.25 -9.75 201.75
25.25 -5.75 205.75
16.25 -8.25 201.25
52.25 -5.25 198.75
18.25 -9.25 201.25
18.25 -15.25 202.25
50.25 -5.25 199.25
39.25 -4.75 194.75
32.25 -5.25 195.75
34.25 -5.25 195.25
52.25 -5.25 205.75
43.25 -5.75 202.25
46.25 -5.25 203.25
55.25 -4.75 205.75
48.25 -5.25 204.75
44.25 -5.25 203.75
54.25 -5.25 205.25
42.25 -5.25 202.25
50.25 -5.25 204.25
38.25 -5.25 201.25
26.25 -5.25 198.25
32.25 -5.25 200.75
22.25 -5.25 197.25
15.25 -19.75 200.25
15.25 -18.75 200.75
15.25 -17.75 201.25
16.25 -25.25 202.75
16.25 -26.25 203.25
17.25 -20.75 204.25
17.25 -21.75 204.75
23.25 -5.75 197.25
16.25 -24.25 202.25
24.25 -5.25 198.75
34.25 -5.25 200.25
18.25 -24.25 202.75
36.25 -5.25 201.75
28.25 -5.25 199.75
30.25 -5.25 199.25
15.75 -9.25 198.75
42.75 -5.75 201.75
43.75 -5.25 201.75
37.75 -5.25 202.25
31.75 -5.25 196.75
39.75 -5.25 202.75
29.75 -5.25 196.25
41.75 -5.25 201.25
17.75 -30.25 202.75
20.75 -1.75 196.25
16.75 -2.75 196.75
21.75 -5.25 198.25
15.75 -23.25 201.75
16.75 -6.75 198.75
15.75 -10.25 199.25
15.75 -20.25 200.25
20.75 -2.75 197.75
16.75 -28.75 203.75
15.75 -11.25 199.75
24.75 -5.75 197.25
16.75 -29.75 203.25
25.75 -5.25 197.25
17.75 -2.25 196.75
16.75 -30.75 202.75
18.75 -26.75 200.25
17.75 -29.25 203.25
18.75 -27.75 200.75
18.75 -25.75 201.75
47.75 -5.25 200.75
18.75 -24.75 201.25
23.75 -5.25 198.75
45.75 -5.25 200.25
33.75 -5.25 203.25
17.75 -28.25 203.75
35.75 -5.25 203.75
38.25 -5.25 200.75
55.25 -4.75 204.25
52.25 -5.25 204.25
39.25 -5.75 200.75
54.25 -5.25 204.75
44.25 -5.25 202.25
24.25 -5.25 199.25
40.25 -5.25 203.25
22.25 -5.25 196.75
15.25 -16.75 200.25
15.25 -17.75 200.75
15.25 -15.75 199.75
15.25 -18.75 201.25
16.25 -26.25 202.75
16.25 -25.25 203.25
17.25 -22.75 204.75
17.25 -3.75 198.25
16.25 -27.25 202.25
23.25 -5.75 196.75
17.25 -23.75 204.25
48.25 -5.25 205.25
18.25 -26.25 202.25
28.25 -5.25 198.25
26.25 -5.25 199.75
18.25 -27.25 202.75
30.25 -5.25 198.75
36.25 -5.25 200.25
32.25 -5.25 201.25
46.25 -5.25 202.75
50.25 -5.25 205.75
42.25 -5.25 203.75
21.75 -3.25 193.75
54.75 -0.75 200.75
55.75 -5.25 202.25
47.75 -5.25 204.25
53.75 -5.25 202.75
51.75 -5.25 203.25
17.75 -21.25 203.75
17.75 -15.25 198.75
18.75 -13.75 199.25
45.75 -5.25 204.75
41.75 -5.25 205.75
18.75 -18.75 200.75
22.75 -4.75 194.75
16.75 -15.75 198.75
15.75 -29.25 200.25
15.75 -28.25 200.75
15.75 -25.25 202.25
16.75 -21.75 203.75
15.75 -30.25 201.75
14.75 -3.75 199.25
13.75 -3.25 199.75
9.75 -0.25 199.25
16.75 -26.75 204.25
9.75 -1.25 199.75
11.75 -2.25 198.75
16.75 -20.75 203.25
10.75 -1.75 199.25
15.75 -31.25 201.25
18.75 -17.75 201.25
18.75 -23.75 202.25
18.75 -19.75 200.25
49.75 -5.25 203.75
43.75 -5.25 205.25
10.75 1.75 198.75
14.75 3.75 198.75
21.75 4.25 195.75
9.75 0.25 198.75
13.75 3.25 198.25
12.75 2.75 198.75
16.75 4.75 194.75
18.75 3.75 193.75
22.75 4.75 195.25
23.75 5.25 195.75
18.75 2.75 193.25
17.75 5.25 194.25
41.75 5.25 204.25
45.75 5.25 205.25
43.75 5.25 204.75
49.75 5.25 202.25
51.75 5.25 202.75
47.75 5.25 205.75
53.75 5.25 203.25
52.75 5.75 203.25
44.75 5.75 205.25
42.75 5.75 204.75
50.75 5.75 202.75
48.75 5.75 202.25
54.75 5.75 203.75
22.75 1.75 193.75
10.75 0.75 198.25
24.75 4.75 193.75
9.75 1.25 199.25
11.75 2.25 198.25
50.75 5.75 203.75
14.75 3.75 199.75
13.75 3.25 199.25
17.75 4.25 195.75
18.75 3.75 192.75
22.75 4.75 194.25
47.75 5.25 204.75
49.75 5.25 203.25
43.75 5.25 205.75
41.75 5.25 205.25
53.75 5.25 202.25
45.75 5.25 204.25
51.75 5.25 203.75
46.75 5.75 204.75
48.75 5.75 203.25
52.75 5.75 202.25
54.75 5.75 202.75
16.75 1.75 193.25
16.75 2.75 192.75
17.75 2.25 192.75
9.75 0.25 199.75
45.75 -5.25 198.75
47.75 -5.25 198.25
41.75 -5.25 199.75
25.75 -5.25 203.75
31.75 -5.25 202.25
37.75 -5.25 196.75
18.75 -7.75 200.25
35.75 -5.25 197.25
29.75 -5.25 202.75
18.75 -5.75 201.25
39.75 -5.25 196.25
43.75 -5.25 199.25
15.75 -22.25 199.75
15.75 -23.25 199.25
16.75 -27.75 198.75
15.75 -8.25 200.75
15.75 -11.25 201.25
16.75 -3.75 202.75
15.75 -9.25 200.25
16.75 -5.75 201.75
16.75 -1.75 203.75
24.75 -5.75 203.75
20.75 -2.75 203.25
18.75 -3.75 202.25
27.75 -5.25 203.25
17.75 -3.25 202.75
19.75 -3.25 202.25
26.75 -5.75 203.25
18.75 -24.75 199.75
33.75 -5.25 197.75
21.75 -5.25 200.75
54.75 -2.25 204.25
37.75 -5.75 203.25
36.75 -5.25 203.25
46.75 -5.25 201.75
17.75 -30.75 203.75
18.75 -26.25 201.25
17.75 -28.75 202.75
26.75 -5.25 196.75
34.75 -5.25 202.75
44.75 -5.25 201.25
40.75 -5.25 200.25
28.75 -5.25 197.25
32.75 -5.25 202.25
18.75 -25.25 200.75
18.75 -6.25 199.25
20.75 -2.25 196.75
15.75 -22.75 200.25
21.75 -3.75 196.25
15.75 -8.75 199.25
16.75 -3.25 197.25
15.75 -9.75 199.75
15.75 -18.75 202.25
15.75 -21.75 201.75
19.75 -2.75 197.25
15.75 -23.75 200.75
17.75 -1.75 196.25
16.75 -1.25 196.25
19.75 -1.75 196.75
16.75 -4.25 198.75
16.75 -30.25 203.75
16.75 -31.25 203.25
24.75 -5.25 196.25
18.75 -3.25 197.75
25.75 -5.75 196.25
17.75 -31.75 203.25
18.75 -24.25 200.25
18.75 -27.25 201.75
22.75 -5.25 199.75
38.75 -5.25 203.75
18.75 -7.25 199.75
41.75 -5.75 200.25
42.75 -5.25 200.75
15.75 -0.25 204.25
42.75 -5.75 199.75
43.75 -5.25 199.75
47.75 -5.25 198.75
45.75 -5.25 198.25
18.75 -1.75 203.75
18.75 -6.75 200.25
33.75 -5.25 197.25
18.75 -7.75 200.75
19.75 -1.25 203.75
39.75 -5.25 196.75
15.75 -23.25 199.75
15.75 -22.25 199.25
15.75 -9.25 200.75
16.75 -3.75 202.25
15.75 -8.25 200.25
16.75 -4.75 201.75
15.75 -10.25 201.25
20.75 -2.75 203.75
16.75 -26.75 198.75
17.75 -4.25 201.75
25.75 -5.25 203.25
24.75 -5.75 203.25
18.75 -25.75 199.75
21.75 -5.25 200.25
37.75 -5.25 196.25
41.75 -5.25 199.25
35.75 -5.25 197.75
20.75 -1.75 203.25
17.75 -6.25 201.75
39.75 -5.25 197.75
43.75 -5.25 198.75
41.75 -5.25 198.25
47.75 -5.25 199.75
31.75 -5.25 203.75
17.75 -2.25 203.75
18.75 -6.75 201.25
45.75 -5.25 199.25
18.75 -4.75 200.25
33.75 -5.25 196.25
29.75 -5.25 203.25
15.75 -21.25 199.75
15.75 -20.25 199.25
15.75 -10.25 200.25
15.75 -11.25 200.75
15.75 -8.25 201.25
17.75 -3.25 203.25
16.75 -6.75 201.75
20.75 -2.75 202.75
18.75 -2.75 203.25
19.75 -2.25 203.25
16.75 -24.75 198.75
18.75 -27.75 199.75
35.75 -5.25 196.75
21.75 -5.25 201.25
37.75 -5.25 197.25
25.75 -5.25 202.25
27.75 -5.25 202.75
45.75 -5.75 199.25
46.75 -5.25 199.75
44.75 -5.25 199.25
32.75 -5.25 196.25
36.75 -5.25 197.25
24.75 -5.25 202.25
40.75 -5.25 198.25
42.75 -5.25 198.75
22.75 -5.25 201.75
15.75 -20.75 199.25
15.75 -21.75 199.75
15.75 -11.75 200.75
15.75 -10.75 200.25
16.75 -24.25 198.75
15.75 -8.75 201.25
16.75 -6.25 201.75
16.75 -2.25 203.75
16.75 -3.25 203.25
17.75 -2.75 203.75
19.75 -2.75 203.25
20.75 -3.25 202.25
38.75 -5.25 197.75
34.75 -5.25 196.75
18.75 -6.25 201.25
18.75 -5.25 200.75
18.75 -27.25 199.75
21.75 -4.75 201.75
46.75 -5.25 198.75
38.75 -5.25 196.75
44.75 -5.25 198.25
30.75 -5.25 202.75
15.75 -23.75 199.75
15.75 -22.75 199.25
15.75 -8.75 200.25
15.75 -10.75 201.25
15.75 -9.75 200.75
20.75 -3.25 203.25
16.75 -4.25 201.75
20.75 -2.25 203.75
24.75 -5.25 203.25
26.75 -5.25 203.75
18.75 -3.25 202.75
25.75 -5.75 203.25
15.75 -0.75 204.25
16.75 -26.25 198.75
17.75 -26.75 198.75
18.75 -6.25 200.25
32.75 -5.25 197.25
40.75 -5.25 199.25
22.75 -5.25 200.75
17.75 -3.75 202.25
18.75 -4.25 201.25
42.75 -5.25 199.75
54.75 -2.75 199.75
54.75 -4.75 196.75
44.75 -4.75 194.25
53.75 -5.25 196.75
46.75 -4.75 194.75
51.75 -5.25 197.25
49.75 -5.25 197.75
17.75 -13.25 201.75
18.75 -13.75 201.25
18.75 -17.75 199.25
18.75 -14.75 200.75
17.75 -19.25 198.75
16.75 -19.75 198.75
15.75 -30.25 199.75
14.75 -3.75 201.25
13.75 -3.25 201.75
9.75 -0.25 201.25
21.75 -4.25 204.25
16.75 -13.75 201.75
10.75 -1.75 201.25
22.75 -5.75 204.25
34.75 -4.75 193.75
41.75 -5.25 195.75
18.75 -15.75 200.25
16.75 -10.25 201.75
13.75 -0.75 203.75
18.75 -0.25 204.25
49.75 -5.75 198.25
54.75 -5.25 199.75
36.75 -5.25 195.25
52.75 -5.25 199.25
38.75 -5.25 195.75
28.75 -5.25 205.25
33.75 -4.75 194.75
15.75 -1.75 203.75
16.75 -20.25 198.75
15.75 -25.75 199.75
15.75 -7.75 200.75
21.75 -3.75 204.25
13.75 -2.75 202.75
12.75 -2.25 202.75
12.75 -1.25 203.25
10.75 -0.25 202.25
11.75 -1.75 202.75
13.75 -1.75 203.25
16.75 -1.25 204.25
15.75 -6.75 200.25
14.75 -1.25 203.75
15.75 -4.75 201.25
24.75 -5.25 204.25
25.75 -5.75 204.25
15.75 -24.75 199.25
18.75 -8.25 200.25
18.75 -10.25 201.25
48.75 -5.25 198.25
50.75 -5.25 198.75
17.75 -10.75 201.75
46.25 -5.75 202.75
55.25 -5.25 204.75
55.25 -4.25 204.25
45.25 -5.25 202.25
39.25 -5.25 200.75
53.25 -5.25 204.25
35.25 -5.25 201.75
49.25 -5.25 205.25
27.25 -5.25 199.75
18.25 -26.75 202.25
21.25 -4.25 196.75
15.25 -17.25 200.75
22.25 -4.75 196.25
15.25 -18.25 201.25
16.25 -3.75 198.25
15.25 -16.25 200.25
16.25 -26.75 202.75
16.25 -25.75 203.25
17.25 -22.25 204.75
23.25 -5.25 196.75
16.25 -27.75 202.25
17.25 -23.25 204.25
18.25 -27.75 202.75
33.25 -5.25 201.25
31.25 -5.25 198.75
51.25 -5.25 205.75
37.25 -5.25 200.25
29.25 -5.25 198.25
43.25 -5.25 203.75
20.25 -3.75 199.25
47.25 -5.25 202.75
41.25 -5.25 203.25
43.75 -5.75 202.25
52.75 -5.25 205.75
44.75 -5.25 203.75
48.75 -5.25 204.75
50.75 -5.25 204.25
36.75 -5.25 201.75
40.75 -5.25 202.75
32.75 -5.25 200.75
54.75 -5.25 205.25
42.75 -5.25 202.25
34.75 -5.25 200.25
18.75 -31.25 201.25
21.75 -4.75 197.25
15.75 -13.75 199.25
15.75 -12.75 199.75
15.75 -23.75 202.25
15.75 -19.75 200.25
15.75 -17.75 201.25
15.75 -16.75 201.75
16.75 -26.25 203.25
16.75 -27.25 203.75
23.75 -5.75 197.25
17.75 -26.75 203.25
22.75 -5.25 197.25
18.75 -29.25 200.25
18.75 -28.25 200.75
18.75 -25.25 202.25
38.75 -5.25 201.25
19.75 -3.75 199.25
46.75 -5.25 203.25
54.75 -3.25 205.25
54.75 -1.25 204.25
32.75 -5.25 203.75
44.75 -5.25 200.75
22.75 -5.25 198.25
24.75 -5.25 197.75
18.75 -25.25 201.25
18.75 -5.25 199.25
34.75 -5.25 203.25
20.75 -0.25 196.25
15.75 -11.75 199.25
17.75 -7.75 198.75
15.75 -21.75 200.25
15.75 -22.75 201.75
15.75 -10.75 199.75
16.75 -7.25 198.75
20.75 -3.25 197.75
16.75 -2.25 196.25
21.75 -4.75 198.25
20.75 -2.25 197.25
15.75 -17.75 202.25
16.75 -29.25 203.75
16.75 -28.25 203.25
18.75 -2.25 196.75
16.75 -31.25 202.75
18.75 -27.25 200.25
17.75 -31.75 202.75
18.75 -26.25 200.75
36.75 -5.25 202.75
42.75 -5.25 201.25
40.75 -5.25 201.75
46.75 -5.25 200.25
17.75 -28.75 203.25
18.75 -24.25 201.75
38.75 -5.25 202.25
54.75 -2.75 205.75
44.75 -5.75 200.75
37.75 -5.25 202.75
23.75 -5.25 198.25
27.75 -5.25 197.25
33.75 -5.25 203.75
20.75 -0.75 196.25
15.75 -11.25 199.25
15.75 -10.25 199.75
15.75 -21.25 200.25
16.75 -7.75 198.75
21.75 -5.25 198.75
20.75 -1.75 196.75
19.75 -2.25 196.75
20.75 -3.75 197.75
20.75 -2.75 197.25
16.75 -29.75 203.75
16.75 -28.75 203.25
15.75 -22.25 201.75
15.75 -17.25 202.25
17.75 -2.25 196.25
16.75 -31.75 202.75
18.75 -27.75 200.25
18.75 -26.75 200.75
18.75 -25.75 201.25
17.75 -31.25 202.75
17.75 -28.25 203.25
39.75 -5.25 202.25
17.75 -29.25 203.75
25.75 -5.25 197.75
18.75 -24.75 201.75
35.75 -5.25 203.25
47.75 -5.25 200.25
41.75 -5.25 201.75
18.75 -5.75 199.25
45.75 -5.25 200.75
43.75 -5.25 201.25
46.75 -5.75 200.25
42.75 -5.75 200.75
39.75 -5.25 203.75
45.75 -5.25 201.25
47.75 -5.25 201.75
33.75 -5.25 202.25
18.75 -7.75 199.75
17.75 -28.25 202.75
20.75 -2.75 196.75
15.75 -22.25 200.25
16.75 -1.75 196.25
15.75 -8.25 199.25
15.75 -9.25 199.75
21.75 -5.25 199.25
16.75 -4.75 198.75
19.75 -3.25 197.75
16.75 -30.75 203.75
15.75 -18.25 202.25
15.75 -21.25 201.75
15.75 -20.25 201.25
17.75 -3.25 197.25
18.75 -3.75 197.75
18.75 -2.75 197.25
16.75 -31.75 203.25
19.75 -2.25 197.25
24.75 -5.75 196.25
18.75 -25.75 200.75
18.75 -26.75 201.25
18.75 -24.75 200.25
18.75 -27.75 201.75
17.75 -30.25 203.75
35.75 -5.25 202.75
23.75 -5.25 199.75
41.75 -5.25 200.25
18.75 -6.75 199.25
43.75 -5.25 200.75
37.75 -5.25 203.25
17.75 -31.25 203.25
43.25 -5.75 200.25
55.25 -0.75 205.75
41.25 -5.75 200.75
55.25 -1.75 205.25
55.25 -2.75 204.75
55.25 -3.75 204.25
38.25 -5.25 203.25
36.25 -5.25 203.75
46.25 -5.25 201.25
40.25 -5.25 200.75
30.25 -5.25 197.25
42.25 -5.25 200.25
21.25 -3.75 196.75
21.25 -2.75 196.25
16.25 -5.25 198.75
15.25 -21.75 201.25
16.25 -4.25 198.25
16.25 -3.25 197.75
15.25 -22.75 200.75
17.25 -5.75 198.75
17.25 -3.75 197.75
22.25 -5.25 199.25
17.25 -0.75 196.25
16.25 -0.25 196.25
16.25 -6.25 199.25
15.25 -20.75 201.75
16.25 -29.25 202.75
16.25 -28.25 202.25
27.25 -5.75 196.25
17.25 -4.75 198.25
18.25 -3.25 197.25
17.25 -31.75 203.75
18.25 -29.25 202.25
34.25 -5.25 202.25
26.25 -5.25 196.25
44.25 -5.25 201.75
21.25 -4.75 199.25
18.25 -4.25 198.75
28.25 -5.25 197.75
18.25 -28.25 202.75
24.25 -5.25 196.75
44.25 -4.25 205.75
55.25 -1.75 201.75
46.25 -5.25 205.75
55.25 -4.75 203.25
55.25 -3.75 200.75
55.25 -2.75 200.25
42.25 -5.25 204.75
44.25 -5.25 205.25
52.25 -5.25 203.25
55.25 -0.75 201.25
54.25 -5.25 203.75
40.25 -5.25 204.25
18.25 -14.25 199.25
22.25 -5.25 195.75
22.25 -4.25 195.25
22.25 -1.25 193.75
16.25 -12.25 198.75
16.25 -20.25 202.75
16.25 -23.25 203.25
14.25 -3.25 198.75
17.25 -25.75 204.25
16.25 -15.25 199.25
10.25 -1.25 198.75
10.25 -0.25 198.25
15.25 -3.75 198.75
16.25 -21.25 202.25
11.25 -2.75 199.25
19.25 -17.75 200.75
18.25 -22.25 203.25
48.25 -5.25 202.25
50.25 -5.25 202.75
18.25 -21.25 202.75
47.75 5.75 201.25
20.75 4.25 199.25
19.75 2.75 197.75
18.75 3.25 197.25
17.75 3.75 197.75
22.75 5.25 199.25
28.75 5.25 197.75
24.75 5.25 196.75
26.75 5.25 196.25
32.75 5.25 202.75
30.75 5.25 197.25
38.75 5.25 203.25
36.75 5.25 203.75
34.75 5.25 202.25
40.75 5.25 200.75
43.75 5.75 200.25
44.75 5.25 201.75
46.75 5.25 201.25
42.75 5.25 200.25
45.75 5.75 201.75
15.75 3.75 194.25
15.75 1.75 195.25
15.75 2.75 194.75
21.75 4.75 199.25
15.75 4.75 193.75
15.75 0.75 195.75
22.75 5.75 196.75
48.75 4.75 205.75
48.75 5.75 205.25
21.75 4.25 196.75
20.75 3.75 199.25
44.75 5.75 202.25
19.75 3.25 198.75
18.75 3.75 198.75
25.75 5.25 199.25
23.75 5.25 196.75
27.75 5.25 199.75
29.75 5.25 198.25
35.75 5.25 201.75
33.75 5.25 201.25
31.75 5.25 198.75
39.75 5.25 200.75
37.75 5.25 200.25
43.75 5.25 203.75
41.75 5.25 203.25
47.75 5.25 202.75
51.75 5.25 205.75
49.75 5.25 205.25
45.75 5.25 202.25
53.75 5.25 204.25
46.75 5.75 202.75
52.75 5.75 204.25
54.75 5.75 204.75
15.75 4.25 194.25
15.75 3.25 193.75
16.75 3.75 198.25
54.75 -2.75 200.75
54.75 -3.75 200.25
45.75 -5.25 205.75
51.75 -5.25 202.25
47.75 -5.25 205.25
41.75 -5.25 204.75
53.75 -5.25 203.75
49.75 -5.25 202.75
43.75 -5.25 204.25
22.75 -0.75 193.75
16.75 -13.75 198.75
16.75 -23.75 203.75
15.75 -3.25 198.25
21.75 -4.25 195.25
15.75 -30.25 200.75
15.75 -29.25 201.25
12.75 -2.75 198.25
15.75 -27.25 202.25
13.75 -3.25 198.75
10.75 -1.75 198.25
15.75 -28.25 201.75
15.75 -31.25 200.25
16.75 -24.75 204.25
23.75 -5.25 195.25
18.75 -19.75 201.25
18.75 -16.75 200.75
18.75 -17.75 200.25
18.75 -21.75 202.25
55.25 -3.75 201.75
55.25 -2.75 201.25
55.25 -0.75 200.25
42.25 -5.25 205.75
54.25 -5.25 202.75
55.25 -4.75 202.25
55.25 -1.75 200.75
50.25 -5.25 203.75
46.25 -5.25 204.75
18.25 -17.25 201.75
22.25 -4.25 194.25
22.25 -3.25 193.75
16.25 -21.25 203.25
16.25 -16.25 201.75
17.25 -14.75 198.75
16.25 -14.25 198.75
15.25 -3.75 199.75
16.25 -22.25 202.75
16.25 -13.25 199.25
17.25 -27.75 204.25
23.25 -4.75 194.25
12.25 -3.25 199.25
16.25 -23.25 202.25
17.25 -20.75 203.75
52.25 -5.25 202.25
44.25 -5.25 204.25
18.25 -23.25 202.75
40.25 -5.25 205.25
18.25 -12.25 199.25
48.25 -5.25 203.25
20.75 2.75 196.25
40.75 5.75 200.75
19.75 1.25 196.25
18.75 1.75 196.25
16.75 3.75 197.75
25.75 5.25 196.75
23.75 5.25 199.25
27.75 5.25 196.25
29.75 5.25 197.75
33.75 5.25 202.75
31.75 5.25 197.25
39.75 5.25 203.25
35.75 5.25 202.25
37.75 5.25 203.75
45.75 5.25 201.75
41.75 5.25 200.75
47.75 5.25 201.25
43.75 5.25 200.25
42.75 5.75 200.25
15.75 5.25 193.25
15.75 3.25 194.25
21.75 5.25 199.75
15.75 2.25 194.75
15.75 4.25 193.75
15.75 0.25 195.75
15.75 1.25 195.25
20.75 4.25 199.75
19.75 1.75 196.75
19.75 0.75 196.25
21.75 4.75 199.75
19.75 2.75 197.25
16.75 4.25 198.75
18.75 3.25 197.75
16.75 3.25 197.25
22.75 5.25 199.75
17.75 3.75 197.25
24.75 5.25 196.25
26.75 5.25 196.75
28.75 5.25 197.25
30.75 5.25 197.75
36.75 5.25 203.25
32.75 5.25 202.25
34.75 5.25 202.75
38.75 5.25 203.75
54.75 0.25 205.25
40.75 5.25 200.25
43.75 5.75 200.75
44.75 5.25 201.25
46.75 5.25 201.75
42.75 5.25 200.75
45.75 5.75 201.25
15.75 2.75 194.25
15.75 4.75 193.25
15.75 3.75 194.75
15.75 1.75 195.75
21.75 4.25 196.25
20.75 3.75 199.75
19.75 3.25 198.25
16.75 3.75 198.75
18.75 3.75 198.25
25.75 5.25 199.75
27.75 5.25 199.25
23.75 5.25 196.25
33.75 5.25 201.75
29.75 5.25 198.75
45.75 5.25 202.75
39.75 5.25 200.25
35.75 5.25 201.25
31.75 5.25 198.25
37.75 5.25 200.75
41.75 5.25 203.75
49.75 5.25 205.75
47.75 5.25 202.25
53.75 5.25 204.75
43.75 5.25 203.25
51.75 5.25 205.25
48.75 5.75 205.75
42.75 5.75 203.25
44.75 5.75 202.75
50.75 5.75 205.25
15.75 3.25 193.25
15.75 4.25 194.75
15.75 2.25 193.75
22.25 4.25 195.25
10.25 1.25 198.75
22.25 5.25 195.75
13.25 2.75 198.75
12.25 2.25 198.75
15.25 3.75 198.75
14.25 3.25 198.75
23.25 4.75 195.25
17.25 4.75 194.75
18.25 4.25 194.25
29.25 4.75 193.75
40.25 5.25 204.25
46.25 5.25 205.75
44.25 5.25 205.25
54.25 5.25 203.75
42.25 5.25 204.75
52.25 5.25 203.25
50.25 5.25 202.75
48.25 5.25 202.25
45.25 5.75 205.25
47.25 5.75 205.75
51.25 5.75 202.75
55.25 4.75 203.25
55.25 3.75 200.75
55.25 2.75 200.25
55.25 1.75 201.75
55.25 0.75 201.25
16.25 2.25 193.75
22.25 1.25 193.75
16.25 4.25 194.75
16.25 5.25 194.25
10.25 0.25 198.25
13.25 -1.25 203.25
21.25 -0.25 205.75
17.25 -1.25 204.25
55.25 -2.25 196.25
55.25 -4.25 199.25
55.25 -0.25 197.25
55.25 -1.25 197.75
55.25 -3.25 196.75
55.25 -5.25 199.75
51.25 -5.25 198.75
14.25 -2.75 202.25
31.25 -5.25 205.75
16.25 -20.75 198.75
16.25 -23.75 199.25
17.25 -20.25 198.75
21.25 -3.25 204.25
21.25 -1.25 205.25
16.25 -10.75 201.75
11.25 -1.25 202.75
21.25 -2.25 204.75
13.25 -2.25 202.75
10.25 -0.75 202.25
26.25 -5.75 204.75
15.25 -3.25 202.75
27.25 -5.25 204.75
25.25 -5.25 204.25
24.25 -5.75 204.25
16.25 -11.75 201.25
29.25 -5.25 205.25
49.25 -5.25 198.25
18.25 -22.75 199.25
39.25 -5.25 195.75
32.25 -4.75 194.75
37.25 -5.25 195.25
53.25 -5.25 199.25
13.25 -0.75 203.25
16.25 -0.25 204.25
15.25 -1.75 203.25
55.25 -3.75 196.25
55.25 -1.75 197.25
55.25 -0.75 197.75
55.25 -4.75 199.75
55.25 -2.75 196.75
52.25 -5.25 199.75
54.25 -5.25 199.25
38.25 -5.25 195.25
50.25 -5.25 198.25
48.25 -5.25 198.75
18.25 -20.25 198.75
17.25 -11.75 201.75
16.25 -21.25 198.75
16.25 -22.25 199.25
17.25 -21.75 198.75
21.25 -2.75 204.25
12.25 -2.25 202.25
15.25 -2.75 202.75
11.25 -0.75 202.75
12.25 -0.25 203.25
16.25 -11.25 201.75
21.25 -1.75 205.75
11.25 -1.75 202.25
21.25 -0.75 205.25
13.25 -2.75 202.25
14.25 -2.25 202.75
24.25 -5.25 204.75
26.25 -5.25 204.25
27.25 -5.75 204.25
14.25 -3.25 202.25
16.25 -10.25 201.25
30.25 -5.25 205.25
33.25 -4.75 194.25
36.25 -5.25 195.75
35.25 -4.75 194.75
18.25 -23.25 199.25
11.75 -0.25 203.25
16.75 -8.75 201.75
22.75 -3.75 205.75
53.75 -5.25 198.25
38.75 -4.75 194.25
40.75 -4.75 193.75
51.75 -5.25 199.75
29.75 -5.25 204.25
18.75 -10.75 200.25
18.75 -8.75 201.25
49.75 -5.25 199.25
16.75 -22.75 198.75
15.75 -27.25 199.75
15.75 -6.25 201.25
11.75 -2.25 202.25
21.75 -3.25 205.25
15.75 -2.25 203.25
20.75 -1.75 204.25
15.75 -5.25 200.75
16.75 -15.75 202.25
26.75 -5.75 205.75
25.75 -5.25 205.25
20.75 -0.75 204.75
24.75 -5.75 205.25
15.75 -26.25 199.25
36.75 -4.75 194.75
35.75 -5.25 195.75
17.75 -15.25 202.25
44.25 -4.75 205.75
55.25 -1.25 201.75
55.25 -2.25 200.25
55.25 -3.25 200.75
47.25 -5.25 205.75
55.25 -4.25 203.25
55.25 -0.25 201.25
55.25 -5.25 203.75
53.25 -5.25 203.25
45.25 -5.25 205.25
51.25 -5.25 202.75
18.25 -14.75 199.25
43.25 -5.25 204.75
22.25 -4.75 195.25
16.25 -20.75 202.75
16.25 -12.75 198.75
16.25 -23.75 203.25
22.25 -1.75 193.75
17.25 -12.25 198.75
16.25 -15.75 199.25
12.25 -2.75 198.75
17.25 -25.25 204.25
15.25 -28.25 201.25
15.25 -3.25 198.75
11.25 -2.25 199.25
10.25 -0.75 198.25
23.25 -5.25 195.75
14.25 -2.75 198.25
10.25 -1.75 198.75
17.25 -24.25 204.75
18.25 -21.75 202.75
41.25 -5.25 204.25
18.25 -13.75 198.75
49.25 -5.25 202.25
18.75 3.25 198.25
21.75 4.75 196.25
17.75 3.75 198.75
26.75 5.25 199.25
22.75 5.25 196.25
25.75 5.75 199.75
24.75 5.25 199.75
31.75 5.75 198.25
28.75 5.25 198.75
30.75 5.25 198.25
34.75 5.25 201.25
32.75 5.25 201.75
36.75 5.25 200.75
38.75 5.25 200.25
40.75 5.25 203.75
44.75 5.25 202.75
50.75 5.25 205.25
46.75 5.25 202.25
48.75 5.25 205.75
52.75 5.25 204.75
54.75 5.25 204.25
42.75 5.25 203.25
51.75 5.75 205.25
47.75 5.75 202.25
53.75 5.75 204.75
15.75 3.75 193.25
15.75 2.75 193.75
10.75 1.25 198.75
9.75 0.75 198.75
10.75 2.25 199.25
23.75 4.75 195.25
14.75 3.25 198.75
49.75 5.75 202.25
11.75 2.75 199.25
51.75 5.75 202.75
15.75 3.75 198.75
18.75 4.25 194.25
18.75 3.25 193.75
17.75 4.75 194.75
22.75 5.25 195.75
54.75 1.25 201.75
46.75 5.25 205.75
40.75 5.25 204.25
50.75 5.25 202.75
44.75 5.25 205.25
43.75 5.75 204.75
54.75 5.25 203.75
48.75 5.25 202.25
42.75 5.25 204.75
52.75 5.25 203.25
22.75 1.25 193.75
16.75 5.25 194.25
10.75 0.25 198.25
21.75 4.25 195.25
12.75 2.75 198.25
50.75 5.75 202.25
13.75 3.25 198.75
18.75 2.75 193.75
16.75 4.75 194.25
18.75 3.75 193.25
23.75 5.25 195.25
54.75 3.75 200.25
41.75 5.25 204.75
51.75 5.25 202.25
49.75 5.25 202.75
53.75 5.25 203.75
47.75 5.25 205.25
45.75 5.25 205.75
43.75 5.25 204.25
46.75 5.75 205.25
54.75 5.75 203.25
42.75 5.75 204.25
52.75 5.75 203.75
48.75 5.75 202.75
22.75 0.75 193.75
15.75 3.25 198.25
21.75 1.25 193.75
16.75 1.75 192.75
54.75 -0.25 201.75
54.75 -2.25 200.75
42.75 -5.25 204.25
49.75 -5.75 202.75
40.75 -5.25 204.75
44.75 -5.25 205.75
52.75 -5.25 203.75
54.75 -5.25 203.25
18.75 -19.25 201.25
18.75 -18.25 201.75
22.75 -0.25 193.75
16.75 -23.25 203.75
15.75 -3.75 198.25
16.75 -13.25 198.75
14.75 -3.25 198.25
15.75 -29.75 201.25
15.75 -28.75 201.75
15.75 -27.75 202.25
16.75 -24.25 204.25
10.75 -2.25 199.75
11.75 -2.75 199.75
13.75 -2.75 198.25
15.75 -30.75 200.75
10.75 -1.25 198.25
22.75 -5.25 195.25
15.75 -31.75 200.25
12.75 -3.25 198.75
18.75 -21.25 202.25
17.75 -13.75 198.75
18.75 -17.25 200.25
18.75 -15.25 199.25
17.75 -22.75 203.25
17.75 -23.75 203.75
50.75 -5.25 202.25
46.75 -5.25 205.25
18.75 -16.25 200.75
48.75 -5.25 202.75
54.75 -2.75 200.25
53.75 -5.25 203.25
42.75 -5.75 204.75
47.75 -5.25 205.75
51.75 -5.25 202.75
49.75 -5.25 202.25
43.75 -5.25 204.75
18.75 -15.75 199.75
41.75 -5.25 204.25
17.75 -22.25 203.75
18.75 -17.75 200.75
21.75 -4.25 195.75
22.75 -1.75 193.75
16.75 -22.75 203.75
15.75 -26.25 202.25
16.75 -12.75 198.75
21.75 -0.25 193.75
15.75 -28.25 201.25
15.75 -29.25 201.75
13.75 -3.25 198.25
10.75 -1.75 198.75
22.75 -4.75 195.25
10.75 -0.75 198.25
12.75 -2.75 198.75
15.75 -30.25 200.25
9.75 -0.25 198.75
15.75 -31.25 200.75
23.75 -5.25 195.75
16.75 -25.75 204.25
16.75 -23.75 203.25
17.75 -23.25 203.25
18.75 -19.75 201.75
18.75 -14.75 199.25
18.75 -16.75 200.25
45.75 -5.25 205.25
55.25 -3.75 201.25
55.25 -2.75 201.75
55.25 -4.75 202.75
40.25 -5.25 205.75
52.25 -5.25 202.75
55.25 -1.75 200.25
55.25 -0.75 200.75
44.25 -5.25 204.75
54.25 -5.25 202.25
50.25 -5.25 203.25
22.25 -2.25 193.75
22.25 -4.25 194.75
16.25 -15.25 198.75
16.25 -23.25 202.75
16.25 -12.25 199.25
16.25 -20.25 203.25
10.25 -1.25 199.25
15.25 -3.75 199.25
14.25 -3.25 199.25
23.25 -4.75 194.75
12.25 -3.25 199.75
17.25 -26.75 204.25
18.25 -16.25 201.75
46.25 -5.25 204.25
42.25 -5.25 205.25
48.25 -5.25 203.75
18.25 -13.25 199.25
18.25 -22.25 202.75
23.75 5.75 196.75
47.75 5.75 202.75
21.75 4.75 196.75
19.75 3.75 198.75
17.75 3.75 198.25
22.75 5.25 196.75
24.75 5.25 199.25
26.75 5.25 199.75
33.75 5.75 201.25
28.75 5.25 198.25
30.75 5.25 198.75
32.75 5.25 201.25
34.75 5.25 201.75
36.75 5.25 200.25
40.75 5.25 203.25
38.75 5.25 200.75
42.75 5.25 203.75
54.75 5.25 204.75
48.75 5.25 205.25
43.75 5.75 203.75
50.75 5.25 205.75
44.75 5.25 202.25
52.75 5.25 204.25
46.75 5.25 202.75
53.75 5.75 204.25
49.75 5.75 205.25
15.75 3.75 193.75
15.75 2.75 193.25
11.75 1.75 198.25
10.75 1.25 198.25
49.75 5.75 202.75
10.75 2.25 199.75
12.75 2.25 198.25
13.75 2.75 198.25
11.75 2.75 199.75
18.75 2.25 193.75
22.75 5.25 195.25
15.75 3.75 198.25
18.75 4.25 194.75
17.75 4.75 194.25
18.75 3.25 193.25
54.75 2.25 200.75
40.75 5.25 204.75
52.75 5.25 203.75
48.75 5.25 202.75
44.75 5.25 205.75
50.75 5.25 202.25
54.75 5.25 203.25
46.75 5.25 205.25
42.75 5.25 204.25
22.75 0.25 193.75
16.75 2.25 193.25
14.75 3.25 198.25
45.75 -2.75 205.75
54.75 -2.25 203.25
54.75 -4.25 200.25
48.75 -5.25 201.25
32.75 -5.25 205.25
29.75 -4.75 194.75
54.75 -5.25 200.75
52.75 -5.25 200.25
29.75 -3.75 193.25
18.75 -20.25 201.25
26.75 -5.25 195.75
36.75 -5.25 204.25
18.75 -21.25 201.75
17.75 -10.75 198.75
34.75 -5.25 205.75
21.75 -3.75 195.25
26.75 -1.25 193.75
27.75 -2.75 192.25
14.75 -0.25 196.25
15.75 -2.75 197.25
13.75 -2.75 197.75
16.75 -0.25 195.75
14.75 -2.25 197.25
15.75 -1.75 196.75
13.75 -0.75 196.75
15.75 -6.75 199.25
14.75 -1.25 196.75
15.75 -0.75 196.25
12.75 -0.25 196.75
20.75 -2.25 195.75
14.75 -3.25 197.75
15.75 -24.75 200.25
16.75 -10.25 198.75
15.75 -25.75 200.75
15.75 -7.75 199.75
26.75 -2.25 192.25
12.75 -2.25 197.75
15.75 -28.75 202.25
11.75 -1.75 197.75
15.75 -27.75 201.75
15.75 -26.75 201.25
11.75 -0.75 197.25
16.75 -18.25 202.75
24.75 -5.25 195.25
18.75 -22.25 200.25
18.75 -23.25 200.75
38.75 -5.25 204.75
17.75 -18.75 202.75
18.75 -8.25 199.25
50.75 -5.25 201.75
15.75 2.75 192.25
45.75 5.75 203.25
43.75 5.75 202.75
20.75 3.25 198.25
21.75 4.75 197.75
19.75 3.75 199.75
47.75 5.75 203.75
22.75 5.25 197.75
24.75 5.25 198.25
28.75 5.25 199.25
26.75 5.25 198.75
30.75 5.25 199.75
38.75 5.25 201.75
34.75 5.25 200.75
32.75 5.25 200.25
36.75 5.25 201.25
44.75 5.25 203.25
40.75 5.25 202.25
48.75 5.25 204.25
54.75 5.25 205.75
52.75 5.25 205.25
50.75 5.25 204.75
46.75 5.25 203.75
42.75 5.25 202.75
15.75 3.75 192.75
24.75 5.75 198.25
21.75 5.25 197.25
20.75 3.75 198.25
50.75 5.75 204.75
18.75 3.75 199.75
23.75 5.25 197.75
29.75 5.25 199.25
25.75 5.25 198.25
27.75 5.25 198.75
37.75 5.25 201.25
31.75 5.25 199.75
39.75 5.25 201.75
33.75 5.25 200.25
35.75 5.25 200.75
47.75 5.25 203.75
41.75 5.25 202.25
51.75 5.25 204.75
49.75 5.25 204.25
53.75 5.25 205.25
43.75 5.25 202.75
45.75 5.25 203.25
52.75 5.75 205.25
42.75 5.75 202.75
48.75 5.75 204.25
15.75 3.25 192.75
13.75 3.75 199.25
12.75 3.25 199.25
16.75 4.25 195.75
15.75 3.75 199.75
18.75 3.25 192.75
23.75 4.75 194.25
40.75 5.25 205.25
54.75 3.25 201.75
54.75 1.25 200.75
50.75 5.25 203.75
44.75 5.25 204.25
42.75 5.25 205.75
54.75 5.25 202.75
46.75 5.25 204.75
48.75 5.25 203.25
52.75 5.25 202.25
51.75 5.75 203.75
45.75 5.75 204.25
49.75 5.75 203.25
53.75 5.75 202.25
16.75 2.25 192.75
17.75 2.75 192.75
9.75 0.75 199.75
17.75 1.75 193.25
10.75 1.75 199.25
39.75 5.25 206.25
48.75 5.75 203.75
13.75 3.25 199.75
12.75 2.75 199.25
11.75 2.25 198.75
14.75 3.75 199.25
22.75 4.75 194.75
18.75 3.75 192.25
16.75 4.75 195.25
17.75 4.25 195.25
26.75 4.75 193.75
41.75 5.25 205.75
47.75 5.25 204.25
43.75 5.25 205.25
45.75 5.25 204.75
51.75 5.25 203.25
46.75 5.75 204.25
53.75 5.25 202.75
49.75 5.25 203.75
42.75 5.75 205.25
52.75 5.75 202.75
54.75 5.75 202.25
16.75 2.75 192.25
16.75 1.75 193.75
9.75 0.25 199.25
9.75 1.25 199.75
21.25 -3.75 195.75
45.25 -3.75 205.75
55.25 -0.75 202.75
55.25 -3.75 203.25
50.25 -5.25 201.25
55.25 -4.75 200.75
39.25 -5.75 204.25
55.25 -2.75 203.75
55.25 -1.75 202.25
38.25 -5.25 204.25
18.25 -19.25 202.25
54.25 -5.25 200.25
31.25 -4.75 194.75
21.25 -0.75 194.25
21.25 -1.75 194.75
21.25 -2.75 195.25
26.25 -0.25 193.75
27.25 -2.75 192.75
16.25 -11.25 198.75
26.25 -1.25 193.25
17.25 -11.75 198.75
15.25 -2.75 197.75
16.25 -19.25 202.75
16.25 -8.25 199.25
16.25 -18.25 202.25
11.25 -0.75 197.75
15.25 -24.75 200.75
15.25 -27.75 201.25
17.25 -30.75 204.25
26.25 -5.25 195.25
24.25 -5.25 195.75
15.25 -26.75 201.75
52.25 -5.25 200.75
29.25 -4.75 194.25
34.25 -5.25 205.25
32.25 -5.25 205.75
18.25 -18.25 202.75
48.25 -5.25 201.75
21.25 -2.75 194.25
43.25 -2.75 205.75
55.25 -2.75 202.75
55.25 -1.75 203.25
55.25 -3.75 202.25
55.25 -4.75 201.75
55.25 -0.75 203.75
38.25 -5.25 205.25
54.25 -5.25 201.25
29.25 -3.75 192.75
52.25 -5.25 201.75
50.25 -5.25 200.25
28.25 -5.25 195.75
21.25 -1.75 195.75
26.25 -0.25 192.75
21.25 -0.75 195.25
22.25 -3.25 194.25
16.25 -16.25 202.25
26.25 -1.25 192.25
16.25 -9.25 198.75
17.25 -9.75 198.75
15.25 -25.75 201.25
12.25 -0.25 197.25
17.25 -28.75 204.25
16.25 -10.25 199.25
16.25 -17.25 202.75
17.25 -19.75 203.75
23.25 -4.75 193.75
27.25 -4.75 194.75
25.25 -4.75 194.25
15.25 -24.75 201.75
49.25 -5.75 200.75
32.25 -5.25 204.75
34.25 -5.25 204.25
48.25 -5.25 200.75
18.25 -11.25 199.25
17.25 -18.75 203.25
20.75 2.75 197.25
20.75 3.75 197.75
19.75 2.25 196.75
44.75 5.75 200.75
18.75 2.75 196.75
17.75 3.25 196.75
17.75 4.25 199.25
16.75 3.75 196.75
25.75 5.25 197.75
23.75 5.25 198.25
27.75 5.25 197.25
29.75 5.25 196.75
33.75 5.25 203.75
31.75 5.25 196.25
41.75 5.25 201.75
35.75 5.25 203.25
37.75 5.25 202.75
39.75 5.25 202.25
42.75 5.75 201.25
47.75 5.25 200.25
43.75 5.25 201.25
45.75 5.25 200.75
20.75 0.75 196.25
15.75 5.25 192.25
15.75 3.25 195.25
21.75 5.25 198.75
15.75 2.25 195.75
15.75 4.25 192.75
27.75 -2.75 191.75
26.75 -1.25 190.25
26.75 -2.25 191.75
26.25 -0.25 191.25
26.25 -1.25 191.75
27.25 -2.75 190.25
26.75 -2.25 189.25
27.75 -2.75 189.25
26.75 -1.25 188.75
15.75 -12.25 198.75
49.75 -5.25 205.75
40.75 -5.75 203.75
53.75 -5.25 204.75
45.75 -5.25 202.75
47.75 -5.25 202.25
29.75 -5.25 198.75
35.75 -5.25 201.25
51.75 -5.25 205.25
43.75 -5.25 203.25
17.75 -24.25 203.25
41.75 -5.25 203.75
17.75 -22.25 204.25
17.75 -25.25 203.75
21.75 -4.25 196.25
15.75 -15.25 199.25
15.75 -21.25 202.25
15.75 -18.25 201.75
15.75 -14.25 199.75
16.75 -22.75 204.25
15.75 -19.25 201.25
19.75 -3.25 198.25
16.75 -25.75 203.75
15.75 -16.25 200.75
23.75 -5.25 196.25
18.75 -3.75 198.25
22.75 -5.75 196.25
16.75 -24.75 203.25
18.75 -31.75 200.25
18.75 -28.75 201.75
18.75 -30.75 200.75
18.75 -29.75 201.25
37.75 -5.25 200.75
25.75 -5.25 199.75
39.75 -5.25 200.25
55.25 -0.25 201.75
55.25 -2.25 200.75
55.25 -1.25 201.25
41.25 -5.25 204.75
55.25 -4.25 203.75
55.25 -3.25 200.25
55.25 -5.25 203.25
43.25 -5.25 204.25
18.25 -15.75 199.25
47.25 -5.25 205.25
45.25 -5.25 205.75
51.25 -5.25 202.25
22.25 -4.75 195.75
22.25 -0.75 193.75
17.25 -13.25 198.75
15.25 -3.25 198.25
16.25 -13.75 198.75
16.25 -22.75 203.25
16.25 -14.75 199.25
16.25 -21.75 202.75
13.25 -3.25 198.75
10.25 -0.75 198.75
17.25 -24.25 204.25
23.25 -5.25 195.25
11.25 -1.25 198.25
16.25 -20.75 202.25
12.25 -2.75 198.25
21.25 -1.25 193.75
17.25 -25.25 204.75
53.25 -5.25 203.75
49.25 -5.25 202.75
18.25 -20.75 202.75
12.25 0.25 196.75
13.25 2.75 197.75
12.25 2.25 197.75
21.25 2.75 195.75
47.25 4.75 206.25
18.25 5.25 193.75
27.25 4.75 195.25
17.25 5.75 193.25
24.25 5.25 195.25
26.25 5.25 195.75
29.25 4.75 194.75
29.25 3.75 193.25
31.25 4.75 194.25
32.25 5.25 205.25
34.25 5.25 205.75
36.25 5.25 204.25
38.25 5.25 204.75
52.25 5.25 200.25
50.25 5.25 201.75
48.25 5.25 201.25
54.25 5.25 200.75
51.25 5.75 201.75
49.25 5.75 201.25
53.25 5.75 200.25
55.25 5.75 200.75
55.25 2.75 203.25
55.25 3.75 203.75
55.25 4.75 200.25
55.25 1.75 202.75
55.25 0.75 202.25
25.25 0.75 193.75
16.25 5.25 193.25
21.25 1.75 194.25
21.25 0.75 194.75
26.25 0.25 193.25
16.25 1.25 195.25
16.25 0.25 195.75
14.25 1.25 196.75
15.25 2.75 197.25
15.25 1.75 196.75
14.25 2.25 197.25
27.25 2.75 192.25
15.25 0.75 196.25
13.25 0.75 196.75
54.75 -0.25 200.25
54.75 -3.25 201.75
42.75 -5.25 205.75
48.75 -5.25 203.25
54.75 -5.25 202.75
44.75 -5.25 204.25
52.75 -5.25 202.25
18.75 -22.25 202.25
46.75 -5.25 204.75
17.75 -21.75 203.25
40.75 -5.25 205.25
18.75 -17.25 201.75
22.75 -4.25 194.25
16.75 -14.25 198.75
15.75 -28.75 200.25
15.75 -29.75 200.75
15.75 -30.75 201.25
15.75 -24.75 202.25
16.75 -27.25 204.25
16.75 -20.25 203.75
9.75 -0.75 199.75
12.75 -3.25 199.25
15.75 -31.75 201.75
23.75 -4.75 194.25
21.75 -2.75 193.75
16.75 -21.25 203.25
50.75 -5.25 203.75
18.75 -19.25 200.75
17.75 -20.75 203.75
18.75 -18.25 200.25
54.75 -1.25 203.25
54.75 -5.25 201.25
52.75 -5.25 201.75
32.75 -5.25 204.75
17.75 -17.75 202.75
28.75 -5.25 195.75
29.75 -3.75 192.75
34.75 -5.25 204.25
38.75 -5.25 205.25
18.75 -22.25 201.75
20.75 -0.25 195.25
20.75 -1.25 195.75
21.75 -3.75 194.75
27.75 -2.75 193.75
21.75 -2.75 194.25
26.75 -1.25 192.25
12.75 -0.25 197.25
16.75 -9.25 198.75
15.75 -5.75 199.25
22.75 -4.25 193.75
15.75 -24.75 201.75
14.75 -2.25 196.75
15.75 -27.75 200.25
15.75 -4.75 199.75
15.75 -26.75 200.75
16.75 -19.25 203.75
16.75 -18.25 203.25
16.75 -16.25 202.25
15.75 -2.75 196.75
16.75 -17.25 202.75
25.75 -4.75 194.25
23.75 -4.75 193.75
27.75 -4.75 194.75
15.75 -25.75 201.25
16.75 -28.25 204.25
18.75 -20.25 200.75
18.75 -23.25 201.25
18.75 -21.25 200.25
50.75 -5.25 200.25
36.75 -5.25 205.75
18.75 -10.25 199.75
48.75 -5.25 200.75
17.75 -18.75 203.25
24.25 4.75 193.75
22.25 3.75 193.75
10.25 1.75 199.75
13.25 3.25 199.25
12.25 2.75 199.75
14.25 3.75 199.75
17.25 4.25 195.75
41.25 5.25 205.25
43.25 5.25 205.75
45.25 5.25 204.25
51.25 5.25 203.75
50.25 5.75 203.75
53.25 5.25 202.25
47.25 5.25 204.75
49.25 5.25 203.25
54.25 5.75 202.75
52.25 5.75 202.25
55.25 3.25 201.75
55.25 5.25 202.75
55.25 2.25 201.25
55.25 4.25 202.25
55.25 0.25 200.25
55.25 1.25 200.75
16.25 2.75 192.75
17.25 2.25 192.75
15.75 2.75 192.75
23.75 5.75 197.25
43.75 5.75 202.25
21.75 4.75 197.25
16.75 4.25 196.25
19.75 3.75 199.25
22.75 5.25 197.25
24.75 5.25 198.75
30.75 5.25 199.25
26.75 5.25 198.25
28.75 5.25 199.75
36.75 5.25 201.75
32.75 5.25 200.75
34.75 5.25 200.25
38.75 5.25 201.25
54.75 4.25 205.75
46.75 5.25 203.25
40.75 5.25 202.75
44.75 5.25 203.75
52.75 5.25 205.75
48.75 5.25 204.75
50.75 5.25 204.25
42.75 5.25 202.25
54.75 5.25 205.25
53.75 5.75 205.75
15.75 3.75 192.25
12.25 1.25 197.25
18.25 5.25 192.75
25.25 4.75 194.75
28.25 5.25 195.25
27.25 4.75 194.25
31.25 3.75 192.75
29.25 3.75 192.25
30.25 5.25 195.75
31.25 4.75 195.25
32.25 5.25 204.25
38.25 5.25 205.75
36.25 5.25 205.25
34.25 5.25 204.75
52.25 5.25 201.25
54.25 5.25 201.75
50.25 5.25 200.75
48.25 5.25 200.25
51.25 5.75 200.75
49.25 5.75 200.25
55.25 5.75 201.75
55.25 4.75 201.25
55.25 2.75 202.25
55.25 3.75 202.75
55.25 1.75 203.75
55.25 0.75 203.25
26.25 0.25 192.25
13.25 1.75 197.25
27.25 2.75 193.25
21.25 1.75 195.25
21.25 2.75 194.75
17.25 1.75 194.25
17.25 0.75 194.75
26.25 -1.25 189.75
26.25 -0.25 189.25
27.25 -2.75 188.25
24.25 5.25 194.75
17.25 5.75 192.75
13.25 1.75 197.75
15.25 2.75 196.75
23.25 4.75 193.75
49.25 5.75 200.75
29.25 4.75 195.25
25.25 4.75 194.25
29.25 3.75 192.75
30.25 5.25 195.25
27.25 4.75 194.75
28.25 5.25 195.75
34.25 5.25 204.25
31.25 3.75 192.25
36.25 5.25 205.75
32.25 5.25 204.75
38.25 5.25 205.25
54.25 5.25 201.25
50.25 5.25 200.25
52.25 5.25 201.75
48.25 5.25 200.75
51.25 5.75 200.25
53.25 5.75 201.75
55.25 4.75 201.75
55.25 3.75 202.25
55.25 2.75 202.75
55.25 1.75 203.25
55.25 0.75 203.75
26.25 0.25 192.75
27.25 2.75 193.75
16.25 5.25 192.75
21.25 0.75 195.25
16.25 1.25 194.75
26.25 1.25 192.25
12.25 0.25 197.25
12.25 1.25 197.75
11.25 0.75 197.75
21.25 2.75 195.25
17.25 5.75 193.75
18.25 4.25 193.75
18.25 5.25 193.25
31.25 3.75 193.25
26.25 5.25 195.25
25.25 4.75 195.25
24.25 5.25 195.75
29.25 4.75 194.25
31.25 4.75 194.75
32.25 5.25 205.75
34.25 5.25 205.25
36.25 5.25 204.75
38.25 5.25 204.25
48.25 5.25 201.75
52.25 5.25 200.75
54.25 5.25 200.25
50.25 5.25 201.25
49.25 5.75 201.75
53.25 5.75 200.75
55.25 5.75 200.25
55.25 3.75 203.25
55.25 2.75 203.75
55.25 4.75 200.75
55.25 0.75 202.75
55.25 1.75 202.25
16.25 5.25 193.75
25.25 1.75 193.75
16.25 6.25 192.25
26.25 0.25 193.75
21.25 1.75 194.75
21.25 0.75 194.25
14.25 0.25 196.75
15.25 1.75 196.25
14.25 2.25 197.75
15.25 2.75 197.75
26.25 1.25 193.25
16.25 2.25 194.25
17.25 0.75 195.25
27.25 2.75 192.75
16.25 1.25 195.75
10.75 0.75 197.75
47.75 5.25 206.25
50.75 5.75 201.25
18.75 0.75 195.75
18.75 1.75 195.25
18.75 2.75 194.75
17.75 5.25 193.75
18.75 3.75 194.25
17.75 6.25 192.25
24.75 4.75 195.25
18.75 4.75 193.75
27.75 5.25 195.25
25.75 5.25 195.75
30.75 3.75 193.25
28.75 4.75 194.25
30.75 4.75 194.75
33.75 5.25 205.75
35.75 5.25 205.25
39.75 5.25 204.25
37.75 5.25 204.75
54.75 4.75 200.75
51.75 5.25 201.25
49.75 5.25 201.75
53.75 5.25 200.75
52.75 5.75 200.75
54.75 5.75 200.25
24.75 1.75 193.75
26.75 1.75 193.25
14.75 0.75 196.75
13.75 1.25 196.75
14.75 2.75 197.75
16.75 0.75 195.25
15.75 1.25 196.25
13.75 2.25 197.25
15.75 3.25 197.25
11.75 0.25 197.75
17.75 0.25 195.25
23.75 5.75 198.25
20.75 3.25 197.75
18.75 2.25 196.75
21.75 4.75 198.25
18.75 3.25 196.25
16.75 4.25 199.25
16.75 3.25 196.75
22.75 5.25 198.25
17.75 3.75 196.75
24.75 5.25 197.75
28.75 5.25 196.75
26.75 5.25 197.25
30.75 5.25 196.25
32.75 5.25 203.75
36.75 5.25 202.75
34.75 5.25 203.25
40.75 5.25 201.75
38.75 5.25 202.25
42.75 5.25 201.25
44.75 5.25 200.75
46.75 5.25 200.25
45.75 5.75 200.75
47.75 5.75 200.25
15.75 4.75 192.75
15.75 5.75 192.25
15.75 2.75 195.75
15.75 3.75 195.25
20.75 0.25 196.25
15.75 1.75 194.25
26.25 -0.25 191.75
27.25 -2.75 190.75
26.25 -1.25 191.25
26.75 -1.75 191.25
27.75 -3.25 190.25
26.75 -1.25 191.25
27.75 -2.75 190.75
26.75 -2.25 190.75
18.25 6.25 191.25
17.25 6.75 191.75
29.25 3.75 190.25
31.25 3.75 190.75
16.25 10.25 185.75
16.25 6.25 191.75
27.25 2.75 191.25
26.25 1.25 190.75
26.25 0.25 190.25
18.75 4.75 189.75
26.75 1.75 189.25
15.75 6.25 187.75
16.75 3.75 190.75
17.75 3.25 190.75
21.75 3.25 195.25
11.75 1.25 197.75
14.75 2.75 197.25
48.75 5.75 201.25
18.75 4.75 193.25
18.75 1.75 195.75
17.75 5.25 193.25
16.75 5.75 193.25
18.75 2.75 194.25
18.75 3.75 194.75
17.75 6.25 192.75
28.75 4.75 194.75
25.75 5.25 195.25
28.75 3.75 193.25
27.75 5.25 195.75
30.75 4.75 194.25
33.75 5.25 205.25
35.75 5.25 205.75
37.75 5.25 204.25
54.75 4.75 200.25
54.75 0.75 202.25
39.75 5.25 204.75
49.75 5.25 201.25
53.75 5.25 200.25
51.75 5.25 201.75
52.75 5.75 200.25
50.75 5.75 201.75
26.75 1.75 193.75
14.75 1.75 196.75
13.75 0.25 196.75
15.75 3.25 197.75
15.75 0.25 196.25
14.75 0.75 196.25
17.75 0.25 195.75
13.75 2.25 197.75
16.75 0.75 195.75
11.75 0.25 197.25
53.75 -5.25 200.25
39.75 -5.25 204.75
51.75 -5.25 201.75
49.75 -5.25 201.25
33.75 -5.25 205.25
28.75 -4.75 194.75
17.75 -10.25 198.75
30.75 -4.75 194.25
21.75 -3.25 195.25
26.75 -1.75 193.75
15.75 -0.25 196.25
13.75 -0.25 196.75
14.75 -1.75 196.75
14.75 -0.75 196.25
14.75 -2.75 197.25
16.75 -0.75 195.75
15.75 -3.25 197.75
15.75 -6.25 199.25
12.75 -0.75 196.75
16.75 -10.75 198.75
27.75 -3.25 192.75
17.75 -0.25 195.75
15.75 -25.25 200.75
15.75 -27.25 201.75
11.75 -0.25 197.25
15.75 -28.25 202.25
15.75 -2.25 197.25
15.75 -24.25 200.25
15.75 -1.25 196.75
11.75 -1.25 197.75
16.75 -17.75 203.25
15.75 -7.25 199.75
12.75 -2.75 197.75
26.75 -4.75 195.25
15.75 -26.25 201.25
25.75 -5.25 195.25
27.75 -5.25 195.75
26.75 -5.75 195.75
18.75 -22.75 200.25
18.75 -23.75 200.75
18.75 -21.75 201.75
18.75 -8.75 199.25
18.75 -9.75 199.75
55.25 -1.75 202.75
55.25 -2.75 203.25
55.25 -0.75 202.25
55.25 -3.75 203.75
55.25 -4.75 200.25
54.25 -5.25 200.75
48.25 -5.25 201.25
28.25 -3.25 193.25
38.25 -5.25 204.75
29.25 -4.75 194.75
50.25 -5.25 201.75
21.25 -0.75 194.75
25.25 -0.75 193.75
21.25 -1.75 194.25
26.25 -0.25 193.25
16.25 -19.25 202.25
14.25 -1.25 196.75
13.25 -0.75 196.75
27.25 -2.75 192.25
14.25 -0.25 196.25
15.25 -2.75 197.25
16.25 -18.25 202.75
17.25 -0.75 195.75
17.25 -10.75 198.75
16.25 -10.25 198.75
15.25 -1.75 196.75
16.25 -0.25 195.75
14.25 -2.25 197.25
21.25 -2.75 195.75
15.25 -0.75 196.25
16.25 -9.25 199.25
15.25 -26.75 201.25
13.25 -2.75 197.75
14.25 -3.25 197.75
17.25 -17.75 203.25
12.25 -2.25 197.75
24.25 -5.25 195.25
15.25 -25.75 200.75
26.25 -5.25 195.75
27.25 -5.75 195.75
17.25 -31.75 204.25
15.25 -27.75 201.75
29.25 -3.75 193.25
31.25 -4.75 194.25
52.25 -5.25 200.25
18.25 -8.25 199.25
18.25 -18.25 202.25
32.25 -5.25 205.25
36.25 -5.25 204.25
18.25 -19.25 202.75
11.75 -1.25 197.25
45.75 -3.25 205.75
44.75 -3.75 205.75
51.75 -5.25 201.25
53.75 -5.25 200.75
35.75 -5.25 205.25
39.75 -5.25 204.25
24.75 -1.75 193.75
26.75 -1.75 193.25
15.75 -1.25 196.25
13.75 -2.25 197.25
16.75 -11.75 198.75
15.75 -7.25 199.25
15.75 -4.25 198.75
13.75 -1.25 196.75
17.75 -1.25 195.75
14.75 -2.75 197.75
15.75 -27.25 201.25
15.75 -25.25 200.25
15.75 -6.25 199.75
15.75 -24.25 200.75
15.75 -26.25 201.75
27.75 -3.25 192.25
15.75 -3.25 197.25
10.75 -0.75 197.75
25.75 -5.25 195.75
21.75 -3.25 195.75
24.75 -5.75 195.75
15.75 -29.25 202.25
18.75 -23.75 200.25
18.75 -22.75 200.75
49.75 -5.25 201.75
37.75 -5.25 204.75
28.75 -4.75 194.25
18.75 -9.75 199.25
18.75 -20.75 201.75
17.75 -11.25 198.75
18.75 -8.75 199.75
55.25 -1.75 203.75
55.25 -2.75 202.25
55.25 -0.75 203.25
55.25 -4.75 201.25
55.25 -3.75 202.75
54.25 -5.25 201.75
34.25 -5.25 204.75
31.25 -3.75 192.75
18.25 -16.25 202.25
32.25 -5.25 204.25
52.25 -5.25 201.25
30.25 -5.25 195.75
18.25 -10.25 199.25
26.25 -1.25 192.75
21.25 -2.75 194.75
21.25 -1.75 195.25
26.25 -0.25 192.25
16.25 -17.25 202.25
16.25 -8.25 198.75
16.25 -19.25 203.25
13.25 -1.75 197.25
27.25 -2.75 193.25
15.25 -24.75 201.25
12.25 -1.25 197.25
15.25 -25.75 201.75
16.25 -11.25 199.25
17.25 -29.75 204.25
25.25 -4.75 194.75
27.25 -4.75 194.25
19.25 -22.75 201.25
17.25 -18.75 203.75
29.25 -3.75 192.25
48.25 -5.25 200.25
50.25 -5.25 200.75
49.25 -5.75 200.25
36.25 -5.25 205.25
18.25 7.25 190.25
29.25 3.75 191.75
27.25 2.75 190.75
15.25 7.75 185.25
26.25 1.25 191.25
26.25 0.25 191.75
16.25 7.25 190.75
26.25 -0.75 191.75
27.25 -2.25 190.75
26.75 -1.75 190.25
26.75 -2.25 189.75
27.75 -2.75 189.75
17.25 10.75 184.75
29.25 3.75 191.25
31.25 3.75 191.75
27.25 2.75 190.25
16.25 10.25 184.75
16.25 7.25 190.25
26.25 1.25 191.75
26.25 0.25 191.25
15.25 7.75 185.75
14.75 2.25 196.75
23.75 4.75 193.75
22.75 4.25 193.75
21.75 3.75 194.75
49.75 5.75 200.75
18.75 2.25 195.75
17.75 3.75 195.75
18.75 3.25 195.25
17.75 5.75 192.75
18.75 4.25 192.75
29.75 4.75 195.25
25.75 4.75 194.25
27.75 4.75 194.75
28.75 5.25 195.75
29.75 3.75 192.75
36.75 5.25 205.75
30.75 5.25 195.25
38.75 5.25 205.25
34.75 5.25 204.25
32.75 5.25 204.75
54.75 5.25 201.25
52.75 5.25 201.75
48.75 5.25 200.75
50.75 5.25 200.25
51.75 5.75 200.25
16.75 1.25 194.75
20.75 1.25 195.75
26.75 2.25 193.75
20.75 0.25 195.25
26.75 1.25 192.25
27.75 2.75 193.75
15.75 2.75 196.75
12.75 0.25 197.25
21.75 2.75 194.25
18.75 5.25 192.75
53.75 5.75 201.25
18.75 3.25 195.75
18.75 2.25 195.25
18.75 4.25 192.25
25.75 4.75 194.75
27.75 4.75 194.25
28.75 5.25 195.25
30.75 5.25 195.75
29.75 3.75 192.25
38.75 5.25 205.75
34.75 5.25 204.75
32.75 5.25 204.25
36.75 5.25 205.25
54.75 2.25 202.25
52.75 5.25 201.25
48.75 5.25 200.25
54.75 5.25 201.75
50.75 5.25 200.75
49.75 5.75 200.25
51.75 5.75 200.75
16.75 1.25 194.25
20.75 0.25 195.75
26.75 1.25 192.75
27.75 2.75 193.25
26.75 2.25 193.25
15.75 2.75 196.25
13.75 1.75 197.25
12.75 1.25 197.25
17.75 1.75 194.25
13.25 2.25 197.25
21.25 3.25 195.75
47.25 5.25 206.25
18.25 0.75 195.75
24.25 4.75 195.25
17.25 5.25 193.75
18.25 4.75 193.75
17.25 6.25 192.25
25.25 5.25 195.75
27.25 5.25 195.25
28.25 4.75 194.25
30.25 3.75 193.25
33.25 5.25 205.75
30.25 4.75 194.75
35.25 5.25 205.25
37.25 5.25 204.75
39.25 5.25 204.25
49.25 5.25 201.75
51.25 5.25 201.25
53.25 5.25 200.75
54.25 5.75 200.25
50.25 5.75 201.25
55.25 4.25 200.75
55.25 3.25 203.25
55.25 5.25 200.25
55.25 1.25 202.25
55.25 2.25 203.75
55.25 0.25 202.75
25.25 1.25 193.75
21.25 1.25 194.75
21.25 0.25 194.25
27.25 2.25 192.75
26.25 0.75 193.75
15.25 1.25 196.25
14.25 2.75 197.75
17.25 0.25 195.25
14.25 0.75 196.75
16.25 0.75 195.25
11.25 0.25 197.75
45.25 -3.25 205.75
55.25 -2.25 203.75
55.25 -0.25 202.75
50.25 -5.75 201.25
55.25 -3.25 203.25
51.25 -5.25 201.25
55.25 -5.25 200.25
55.25 -1.25 202.25
55.25 -4.25 200.75
19.25 -21.25 201.25
49.25 -5.25 201.75
25.25 -1.25 193.75
21.25 -3.25 195.75
21.25 -0.25 194.25
21.25 -1.25 194.75
27.25 -2.25 192.75
26.25 -0.75 193.75
21.25 -2.25 195.25
14.25 -0.75 196.75
17.25 -1.25 195.75
13.25 -2.25 197.25
14.25 -2.75 197.75
16.25 -11.75 198.75
13.25 -1.25 196.75
15.25 -27.25 201.25
16.25 -19.75 202.75
16.25 -8.75 199.25
15.25 -24.25 200.75
11.25 -0.25 197.75
16.25 -18.75 202.25
17.25 -30.25 204.25
25.25 -5.25 195.75
15.25 -1.25 196.25
27.25 -5.25 195.25
15.25 -26.25 201.75
28.25 -4.75 194.25
33.25 -5.25 205.75
30.25 -3.75 193.25
53.25 -5.25 200.75
18.25 -18.75 202.75
39.25 -5.25 204.25
52.25 -5.75 200.75
35.25 -5.25 205.25
37.25 -5.25 204.75
55.25 -5.25 201.75
55.25 -2.25 202.25
55.25 -4.25 201.25
55.25 -0.25 203.25
55.25 -3.25 202.75
55.25 -1.25 203.75
53.25 -5.25 201.25
48.25 -5.75 200.25
39.25 -5.25 205.75
35.25 -5.25 204.75
19.25 -22.25 201.25
31.25 -5.25 195.75
37.25 -5.25 205.25
33.25 -5.25 204.25
51.25 -5.25 200.75
18.25 -16.75 202.25
21.25 -2.25 194.75
26.25 -0.75 192.25
27.25 -2.25 193.25
22.25 -3.75 194.75
21.25 -1.25 195.25
16.25 -8.75 198.75
17.25 -8.25 198.75
16.25 -17.75 202.25
15.25 -24.25 201.25
16.25 -11.75 199.25
13.25 -1.25 197.25
15.25 -25.25 201.75
15.25 -4.25 199.25
17.25 -16.25 202.75
17.25 -29.25 204.25
26.25 -4.75 194.25
24.25 -4.75 194.75
16.25 -19.75 203.25
27.25 -5.25 194.75
18.25 -10.75 199.25
49.25 -5.25 200.25
30.25 -3.75 192.75
18.25 -17.75 202.75
12.75 1.75 197.25
21.75 3.25 194.25
18.75 2.75 195.25
29.75 5.25 195.25
18.75 4.75 192.25
26.75 4.75 194.25
24.75 4.75 194.75
30.75 4.75 195.25
28.75 3.75 192.25
33.75 5.25 204.25
31.75 5.25 195.75
31.75 3.25 192.75
30.75 3.75 192.75
35.75 5.25 204.75
39.75 5.25 205.75
37.75 5.25 205.25
53.75 5.25 201.25
51.75 5.25 200.75
49.75 5.25 200.25
48.75 5.75 200.25
50.75 5.75 200.75
16.75 1.75 194.25
20.75 0.75 195.75
26.75 1.75 192.75
15.75 3.25 196.75
16.75 0.75 194.75
15.75 2.25 196.25
13.75 1.25 197.25
17.75 1.25 194.25
22.25 3.75 194.25
12.25 1.75 197.75
43.25 5.25 206.25
50.25 5.75 200.25
18.25 4.75 192.75
18.25 3.75 195.25
18.25 5.75 192.25
28.25 4.75 195.25
26.25 4.75 194.75
24.25 4.75 194.25
31.25 3.25 192.25
30.25 3.75 192.25
29.25 5.25 195.75
31.25 5.25 195.25
35.25 5.25 204.25
33.25 5.25 204.75
37.25 5.25 205.75
39.25 5.25 205.25
53.25 5.25 201.75
49.25 5.25 200.75
51.25 5.25 200.25
54.25 5.75 201.25
55.25 4.25 201.75
55.25 1.25 203.25
55.25 3.25 202.25
55.25 5.25 201.25
55.25 2.25 202.75
55.25 0.25 203.75
21.25 2.25 194.25
16.25 5.75 192.75
27.25 2.25 193.75
26.25 0.75 192.75
16.25 3.75 195.75
14.25 1.75 197.25
15.25 2.25 196.75
16.25 1.75 194.75
12.25 0.75 197.25
21.25 0.25 195.25
17.25 1.25 194.75
44.25 -1.75 205.75
55.25 -4.25 201.75
55.25 -0.25 203.75
55.25 -5.25 201.25
55.25 -1.25 203.25
55.25 -2.25 202.75
55.25 -3.25 202.25
19.25 -20.25 200.75
29.25 -5.25 195.75
51.25 -5.25 200.25
37.25 -5.25 205.75
35.25 -5.25 204.25
21.25 -2.25 194.25
22.25 -3.75 194.25
27.25 -2.25 193.75
26.25 -0.75 192.75
16.25 -9.75 198.75
16.25 -16.75 202.25
16.25 -17.75 202.75
15.25 -2.25 196.75
15.25 -25.25 201.25
12.25 -0.75 197.25
15.25 -24.25 201.75
21.25 -0.25 195.25
17.25 -9.25 198.75
12.25 -1.75 197.75
16.25 -10.75 199.25
17.25 -28.25 204.25
17.25 -16.25 202.25
17.25 -19.25 203.75
15.25 -4.25 199.75
24.25 -4.75 194.25
17.25 -18.25 203.25
26.25 -4.75 194.75
18.25 -17.75 202.25
31.25 -5.25 195.25
18.25 -11.75 199.25
30.25 -3.75 192.25
33.25 -5.25 204.75
49.25 -5.25 200.75
39.25 -5.25 205.25
53.25 -5.25 201.75
13.75 -0.75 196.25
54.75 -4.25 200.75
36.75 -5.25 204.75
38.75 -5.25 204.25
32.75 -5.25 205.75
54.75 -5.25 200.25
52.75 -5.25 200.75
29.75 -4.75 194.25
50.75 -5.25 201.25
48.75 -5.25 201.75
15.75 -2.75 197.75
18.75 -22.25 200.75
21.75 -3.75 195.75
27.75 -2.75 192.75
21.75 -2.75 195.25
26.75 -1.25 193.25
13.75 -1.75 196.75
15.75 -7.75 199.25
16.75 -11.25 198.75
15.75 -25.75 200.25
15.75 -24.75 200.75
15.75 -26.75 201.75
15.75 -27.75 201.25
11.75 -0.75 197.75
10.75 -0.25 197.75
13.75 -2.75 197.25
15.75 -1.75 196.25
15.75 -6.75 199.75
24.75 -5.25 195.75
26.75 -5.25 195.25
25.75 -5.75 195.75
15.75 -29.75 202.25
34.75 -5.25 205.25
18.75 -21.25 201.25
18.75 -20.25 201.75
17.75 -11.75 198.75
18.75 -23.25 200.25
18.75 -9.25 199.25
22.25 3.75 194.75
50.25 5.75 200.75
52.25 5.75 201.25
18.25 5.75 192.75
18.25 3.75 195.75
26.25 4.75 194.25
24.25 4.75 194.75
29.25 5.25 195.25
35.25 5.25 204.75
31.25 5.25 195.75
30.25 3.75 192.75
31.25 3.25 192.75
37.25 5.25 205.25
33.25 5.25 204.25
39.25 5.25 205.75
51.25 5.25 200.75
49.25 5.25 200.25
53.25 5.25 201.25
54.25 5.75 201.75
48.25 5.75 200.25
55.25 5.25 201.75
55.25 3.25 202.75
55.25 4.25 201.25
55.25 0.25 203.25
55.25 2.25 202.25
55.25 1.25 203.75
25.25 2.25 193.75
16.25 1.75 194.25
21.25 1.25 195.25
27.25 2.25 193.25
26.25 0.75 192.25
16.25 5.75 192.25
13.25 1.25 197.25
17.25 1.25 194.25
21.25 2.25 194.75
15.25 2.25 196.25
16.25 3.75 195.25
53.75 -5.25 201.75
55.75 -5.25 201.25
18.75 -11.75 199.25
39.75 -5.25 205.25
51.75 -5.25 200.25
17.75 -18.25 203.25
21.75 -2.25 194.25
20.75 -1.75 195.75
20.75 -0.75 195.25
21.75 -3.25 194.75
26.75 -1.75 192.25
15.75 -2.25 196.75
15.75 -5.25 199.25
16.75 -9.75 198.75
15.75 -26.25 200.75
22.75 -4.75 193.75
27.75 -3.25 193.25
15.75 -27.25 200.25
12.75 -0.75 197.25
12.75 -1.75 197.75
15.75 -24.25 201.75
16.75 -16.75 202.25
16.75 -18.75 203.25
15.75 -4.25 199.75
16.75 -17.75 202.75
16.75 -19.75 203.75
24.75 -4.75 194.25
26.75 -4.75 194.75
18.75 -21.75 200.25
35.75 -5.25 204.25
37.75 -5.25 205.75
30.75 -3.75 192.25
18.75 -20.75 200.75
50.75 -5.75 200.25
49.75 -5.25 200.75
18.75 -22.75 201.75
26.75 -1.75 191.75
27.75 -3.25 190.75
27.75 -2.75 191.25
26.75 -2.25 191.25
26.75 -1.75 190.75
27.75 -3.25 191.75
27.25 2.25 188.75
15.25 7.25 187.25
17.25 4.25 189.25
16.25 3.75 190.75
26.25 0.75 189.75
16.25 4.75 189.25
16.25 7.75 188.75
16.25 8.75 187.25
16.75 10.75 184.75
18.75 5.75 191.75
18.75 4.75 191.25
28.75 3.75 191.25
30.75 3.75 191.75
31.75 3.25 191.75
26.75 1.75 191.75
15.75 7.25 185.75
16.25 5.75 191.75
17.25 7.25 190.75
31.25 3.25 191.25
30.25 3.75 191.25
16.25 9.75 185.75
26.25 0.75 191.75
27.25 2.25 190.75
16.25 10.75 184.25
16.25 6.75 190.25
54.75 -4.25 201.25
54.75 -2.25 202.25
52.75 -5.25 201.25
34.75 -5.25 204.75
30.75 -5.25 195.75
54.75 -5.25 201.75
18.75 -22.25 201.25
36.75 -5.25 205.25
26.75 -1.25 192.75
20.75 -0.25 195.75
21.75 -2.75 194.75
27.75 -2.75 193.25
16.75 -8.25 198.75
12.75 -1.25 197.25
13.75 -1.75 197.25
26.75 -2.25 193.25
20.75 -1.25 195.25
21.75 -3.75 194.25
15.75 -26.75 200.25
15.75 -27.75 200.75
15.75 -5.75 199.75
15.75 -25.75 201.75
16.75 -19.25 203.25
15.75 -4.75 199.25
27.75 -4.75 194.25
25.75 -4.75 194.75
15.75 -30.75 202.25
18.75 -21.25 200.75
18.75 -20.25 200.25
17.75 -19.75 203.25
50.75 -5.25 200.75
48.75 -5.25 200.25
18.75 -11.25 199.75
49.75 -5.75 200.25
18.75 -23.25 201.75
12.75 1.25 196.75
14.75 1.25 196.25
21.75 3.75 195.75
14.75 2.25 197.75
18.75 2.25 194.75
16.75 6.25 192.25
16.75 5.25 193.75
18.75 4.25 193.75
18.75 3.25 194.25
25.75 4.75 195.25
26.75 5.25 195.25
24.75 5.25 195.75
32.75 5.25 205.75
29.75 4.75 194.25
36.75 5.25 204.75
38.75 5.25 204.25
34.75 5.25 205.25
31.75 4.75 194.75
48.75 5.25 201.75
50.75 5.25 201.25
52.75 5.25 200.75
54.75 5.25 200.25
49.75 5.75 201.75
53.75 5.75 200.75
27.75 2.75 192.75
26.75 1.25 193.25
26.75 2.25 192.75
16.75 0.25 195.25
11.75 0.75 197.75
14.75 0.25 196.75
10.75 0.25 197.75
11.25 0.25 197.25
12.25 0.75 196.75
14.25 0.75 196.25
14.25 1.75 196.75
11.25 1.25 197.75
21.25 3.25 195.25
45.25 5.25 206.25
13.25 2.25 197.75
26.25 4.75 195.25
15.25 3.25 197.75
25.25 5.25 195.25
18.25 4.75 193.25
17.25 6.25 192.75
16.25 5.75 193.25
27.25 5.25 195.75
28.25 4.75 194.75
30.25 4.75 194.25
39.25 5.25 204.75
35.25 5.25 205.75
33.25 5.25 205.25
37.25 5.25 204.25
51.25 5.25 201.75
49.25 5.25 201.25
53.25 5.25 200.25
52.25 5.75 200.25
48.25 5.75 201.25
54.25 5.75 200.75
55.25 3.25 203.75
55.25 5.25 200.75
55.25 4.25 200.25
55.25 2.25 203.25
55.25 1.25 202.75
55.25 0.25 202.25
16.25 4.75 193.75
21.25 0.25 194.75
25.25 0.25 193.75
27.25 2.25 192.25
21.25 1.25 194.25
26.25 0.75 193.25
16.25 0.75 195.75
15.25 0.25 196.25
13.25 0.25 196.75
15.25 2.25 197.25
21.25 2.25 195.75
17.25 0.25 195.75
11.75 0.75 197.25
14.75 3.25 197.75
21.75 3.75 195.25
11.75 1.75 197.75
44.75 5.25 206.25
12.75 2.25 197.75
49.75 5.75 201.25
51.75 5.75 201.75
13.75 2.75 197.75
18.75 2.25 194.25
17.75 4.75 193.75
18.75 4.25 193.25
18.75 3.25 194.75
17.75 5.75 193.25
24.75 5.25 195.25
27.75 4.75 195.25
26.75 5.25 195.75
31.75 4.75 194.25
36.75 5.25 204.25
29.75 3.75 193.25
29.75 4.75 194.75
34.75 5.25 205.75
32.75 5.25 205.25
38.75 5.25 204.75
50.75 5.25 201.75
48.75 5.25 201.25
52.75 5.25 200.25
54.75 5.25 200.75
53.75 5.75 200.25
26.75 1.25 193.75
27.75 2.75 192.25
15.75 0.75 196.25
16.75 6.25 192.75
13.75 0.75 196.75
17.75 0.75 195.75
15.75 2.75 197.25
12.75 0.25 196.75
26.75 2.25 192.25
14.75 1.25 196.75
14.75 2.25 197.25
14.75 0.25 196.25
16.75 0.25 195.75
22.75 4.75 193.75
16.75 5.75 192.75
21.75 3.25 194.75
16.75 3.75 195.75
18.75 2.75 195.75
18.75 3.75 195.25
18.75 4.75 192.75
24.75 4.75 194.25
28.75 4.75 195.25
28.75 3.75 192.75
26.75 4.75 194.75
31.75 5.25 195.25
29.75 5.25 195.75
30.75 3.75 192.25
35.75 5.25 204.25
33.75 5.25 204.75
31.75 3.25 192.25
37.75 5.25 205.75
54.75 0.75 203.75
39.75 5.25 205.25
49.75 5.25 200.75
53.75 5.25 201.75
51.75 5.25 200.25
52.75 5.75 201.75
48.75 5.75 200.75
50.75 5.75 200.25
54.75 5.75 201.25
21.75 2.25 194.25
20.75 0.75 195.25
26.75 1.75 192.25
12.75 0.75 197.25
15.75 3.25 196.25
14.75 1.75 197.25
12.75 1.75 197.75
17.75 1.25 194.75
53.75 -5.25 201.25
39.75 -5.25 205.75
37.75 -5.25 205.25
31.75 -5.25 195.75
17.75 -19.25 203.25
51.75 -5.25 200.75
31.75 -3.25 192.75
30.75 -3.75 192.75
21.75 -3.25 194.25
20.75 -0.75 195.75
26.75 -1.75 192.75
16.75 -19.75 203.25
16.75 -8.75 198.75
12.75 -1.75 197.25
17.75 -8.25 198.75
15.75 -27.25 200.75
15.75 -26.25 200.25
15.75 -30.25 202.25
15.75 -4.25 199.25
15.75 -25.25 201.75
15.75 -5.25 199.75
24.75 -4.75 194.75
26.75 -4.75 194.25
16.75 -16.75 202.75
18.75 -21.75 200.75
18.75 -20.75 200.25
18.75 -23.75 201.75
49.75 -5.25 200.25
33.75 -5.25 204.25
50.75 -5.75 200.75
18.75 -22.75 201.25
16.25 -0.75 195.75
11.25 -0.25 197.25
55.25 -1.25 202.75
55.25 -3.25 203.75
55.25 -2.25 203.25
55.25 -0.25 202.25
55.25 -4.25 200.25
55.25 -5.25 200.75
49.25 -5.25 201.25
52.25 -5.75 200.25
19.25 -20.25 201.25
39.25 -5.25 204.75
51.25 -5.25 201.75
18.25 -8.75 199.25
28.25 -4.75 194.75
33.25 -5.25 205.25
26.25 -4.75 195.25
35.25 -5.25 205.75
25.25 -0.25 193.75
21.25 -1.25 194.25
21.25 -0.25 194.75
21.25 -2.25 195.75
26.25 -0.75 193.25
27.25 -2.25 192.25
15.25 -1.25 196.75
17.25 -10.25 198.75
16.25 -10.75 198.75
16.25 -18.75 202.75
14.25 -1.75 196.75
13.25 -0.25 196.75
15.25 -3.25 197.75
16.25 -19.75 202.25
21.25 -3.25 195.25
15.25 -26.25 201.25
15.25 -0.25 196.25
14.25 -0.75 196.25
17.25 -0.25 195.75
15.25 -2.25 197.25
13.25 -2.25 197.75
15.25 -25.25 200.75
14.25 -2.75 197.25
16.25 -9.75 199.25
11.25 -1.25 197.75
25.25 -5.25 195.25
27.25 -5.25 195.75
26.25 -5.75 195.75
17.25 -31.25 204.25
15.25 -27.25 201.75
30.25 -4.75 194.25
53.25 -5.25 200.25
18.25 -19.75 202.75
18.25 -18.75 202.25
37.25 -5.25 204.25
26.25 -0.75 190.25
27.25 -2.25 191.25
15.25 7.25 185.75
16.25 9.75 185.25
17.25 7.25 190.25
16.25 10.75 184.75
18.25 5.75 191.75
18.25 6.75 190.25
31.25 3.25 191.75
30.25 3.75 191.75
16.25 6.75 190.75
26.25 0.75 191.25
27.25 2.25 190.25
15.75 6.75 185.25
16.75 11.25 184.25
16.75 7.25 190.25
18.75 5.25 191.75
29.75 3.75 191.25
26.75 1.25 191.75
27.75 2.75 190.25
26.75 2.25 190.25
30.25 3.75 190.25
27.25 2.25 191.75
26.25 0.75 190.75
16.25 6.75 191.25
17.75 7.75 189.75
15.75 5.75 187.25
26.75 2.25 189.75
26.75 1.25 188.25
15.75 6.75 186.75
27.75 2.75 189.75
16.75 3.25 191.75
16.75 8.75 187.75
30.75 3.75 189.75
15.75 8.25 188.25
15.75 7.25 187.75
15.75 6.25 187.25
16.75 3.75 190.25
26.75 1.75 189.75
17.75 4.25 189.75
16.75 9.25 187.75
15.75 7.75 187.25
26.75 1.25 189.25
15.75 6.75 187.75
16.75 3.25 190.75
16.75 4.25 189.25
27.75 2.75 188.75
26.75 2.25 188.75
30.25 3.75 189.75
31.25 3.25 189.75
16.25 8.75 187.75
27.25 2.25 188.25
15.25 7.25 187.75
26.25 0.75 189.25
16.25 3.75 190.25
26.25 -0.25 189.75
26.25 -1.25 189.25
27.25 -2.75 188.75
15.75 6.25 189.75
15.75 7.25 189.25
26.75 1.75 187.25
15.75 8.25 186.75
27.75 3.25 186.25
15.75 9.25 186.25
15.75 5.25 188.25
15.75 7.75 185.25
16.75 7.25 190.75
18.75 4.25 191.75
18.75 6.25 190.75
29.75 3.75 191.75
26.75 2.25 190.75
26.75 1.25 191.25
27.75 2.75 190.75
15.75 6.75 185.75
18.75 4.75 191.75
17.75 7.25 190.75
28.75 3.75 191.75
30.75 3.75 191.25
31.75 3.25 191.25
26.75 1.75 191.25
15.75 7.25 185.25
26.75 0.75 191.75
17.25 10.75 185.25
18.25 6.25 191.75
17.25 6.75 191.25
16.25 6.25 191.25
16.25 10.25 185.25
26.25 1.25 190.25
16.25 4.25 190.25
27.25 2.75 191.75
26.25 0.25 190.75
17.25 3.75 189.75
27.25 -2.25 191.75
26.25 -0.75 190.75
26.25 -0.75 191.25
27.25 -2.25 190.25
17.25 10.25 185.75
17.25 6.25 191.75
18.25 6.75 191.25
30.25 3.75 190.75
31.25 3.25 190.75
27.25 2.25 191.25
26.25 0.75 190.25
15.75 7.75 186.75
26.75 1.25 188.75
16.75 3.25 191.25
26.75 2.25 189.25
15.75 5.75 187.75
15.75 6.75 186.25
27.75 2.75 189.25
16.75 4.25 188.75
17.75 4.75 188.75
17.75 2.75 191.75
26.25 -1.25 188.25
26.25 -0.25 188.75
27.25 -2.75 189.75
16.75 8.25 189.25
15.75 6.75 189.75
15.75 3.75 191.25
27.75 2.75 186.75
15.75 5.75 188.25
16.75 5.25 187.75
15.75 8.75 186.75
26.75 2.25 186.75
26.75 -2.25 181.75
26.25 -1.75 180.25
26.25 -0.75 180.75
16.75 7.75 189.25
16.75 9.75 186.25
18.75 3.75 191.75
16.75 2.75 191.75
16.75 4.75 188.75
26.75 1.75 188.75
15.75 6.25 186.25
17.25 9.75 186.25
16.25 3.25 191.25
16.25 5.25 188.25
15.25 7.75 186.75
27.25 2.75 189.25
26.25 0.25 188.25
26.25 1.25 188.75
17.25 2.75 191.75
16.25 7.25 189.25
16.25 9.25 186.25
17.25 4.75 188.75
16.25 4.75 188.25
27.25 2.25 189.75
15.25 7.25 186.25
26.25 0.75 188.75
16.25 7.75 189.75
27.25 -2.25 189.75
26.25 -0.75 188.75
26.75 -1.75 188.75
27.75 -3.25 189.75
16.75 9.25 187.25
29.75 3.75 189.25
15.75 7.75 187.75
15.75 6.75 187.25
26.75 2.25 188.25
27.75 2.75 188.25
26.75 1.25 189.75
16.75 4.25 189.75
17.75 3.75 190.25
16.75 10.25 185.75
16.75 6.25 191.75
17.75 6.75 191.75
29.75 3.75 190.25
26.75 1.25 190.75
26.75 2.25 191.25
27.75 2.75 191.25
15.75 7.75 184.75
26.75 -1.75 189.75
27.75 -3.25 188.75
26.25 -0.75 189.25
27.25 -2.25 188.25
15.75 4.75 189.75
15.75 8.75 187.75
15.75 7.75 188.25
15.75 5.75 189.25
15.75 6.75 188.75
27.75 2.75 187.75
26.75 2.25 187.75
16.75 5.25 186.75
26.25 -1.75 181.75
26.25 -0.75 181.25
16.25 8.25 187.75
17.25 8.75 187.75
31.25 3.75 189.75
17.25 3.75 190.25
16.25 4.25 189.75
26.25 1.25 189.75
26.25 0.25 189.25
27.25 2.75 188.25
16.25 9.25 187.25
15.25 6.75 187.25
27.25 -2.75 186.75
26.25 -1.25 187.25
26.25 -0.25 187.75
17.25 5.25 187.25
27.25 2.25 186.25
15.25 8.25 186.25
16.25 5.75 187.25
26.25 0.75 187.25
15.75 10.25 184.75
15.75 4.25 191.75
15.75 5.25 191.25
15.75 9.25 185.25
15.75 6.25 190.75
27.75 3.25 185.25
26.75 1.75 184.25
16.75 10.25 185.25
18.75 5.25 190.25
17.75 6.75 191.25
18.75 4.25 190.75
29.75 3.75 190.75
26.75 2.25 191.75
15.75 6.75 184.75
27.75 2.75 191.75
15.75 7.75 184.25
26.75 1.25 190.25
16.75 6.75 191.25
18.75 4.75 190.75
28.75 3.75 190.75
30.75 3.75 190.25
31.75 3.25 190.25
16.75 3.75 189.75
26.75 1.75 190.25
15.75 7.25 184.25
26.25 -1.75 179.75
26.25 -0.75 179.25
16.25 3.25 190.75
16.25 4.25 189.25
26.25 0.25 189.75
26.25 1.25 189.25
15.25 6.75 187.75
27.25 2.75 188.75
15.25 7.75 187.25
16.75 8.75 188.75
15.75 7.25 188.75
15.75 6.25 188.25
15.75 8.25 187.25
16.75 5.75 186.25
26.75 1.75 186.75
27.75 3.25 187.75
15.75 5.25 189.75
26.25 -1.75 183.75
26.25 -0.75 183.25
16.25 6.25 186.75
26.25 0.25 187.25
27.25 2.75 186.25
26.25 1.25 187.75
17.25 4.75 187.75
16.25 5.25 187.25
16.75 8.75 188.25
15.75 5.25 189.25
15.75 8.25 187.75
15.75 7.25 188.25
16.75 5.75 186.75
15.75 6.25 188.75
27.75 3.25 187.25
26.75 1.75 186.25
27.75 -2.75 186.25
26.75 -2.25 186.25
26.75 -1.25 187.75
26.25 -0.75 184.25
27.25 -2.25 185.25
26.25 -1.75 184.75
16.75 6.75 191.75
17.75 6.25 191.75
18.75 5.75 190.75
30.75 3.75 190.75
31.75 3.25 190.75
26.75 1.75 190.75
15.75 7.25 184.75
27.25 -2.75 186.25
26.25 -1.25 187.75
26.25 -0.25 187.25
26.25 -0.75 185.25
26.25 -1.75 185.75
26.75 -1.75 184.25
27.75 -3.25 185.25
26.25 -1.75 180.75
26.25 -0.75 180.25
26.25 -0.75 176.75
27.25 -3.25 177.25
26.25 -0.75 189.75
27.25 -2.25 188.75
16.75 7.75 189.75
16.75 9.75 186.75
18.75 3.75 191.25
15.75 6.25 186.75
15.75 7.25 186.25
16.75 4.75 188.25
26.75 1.75 188.25
16.75 2.75 191.25
17.25 9.75 186.75
17.25 7.75 189.75
16.25 7.25 189.75
16.25 9.25 186.75
16.25 3.25 191.75
26.25 0.25 188.75
27.25 2.75 189.75
15.25 7.75 186.25
26.25 1.25 188.25
17.25 4.75 188.25
17.25 2.75 191.25
16.25 8.75 186.75
16.25 7.75 189.25
27.25 2.25 189.25
16.25 9.75 186.25
15.25 7.25 186.75
16.25 4.75 188.75
26.25 0.75 188.25
17.25 3.25 191.25
16.25 3.75 191.25
27.25 -2.75 189.25
26.25 -1.25 188.75
26.25 -0.25 188.25
27.25 -2.25 189.25
26.25 -0.75 188.25
27.75 -3.25 189.25
26.75 -1.75 188.25
15.75 3.75 190.75
16.75 8.25 188.75
15.75 5.75 189.75
15.75 6.75 188.25
15.75 8.75 187.25
15.75 7.75 188.75
27.75 2.75 187.25
26.75 2.25 187.25
26.75 1.25 186.75
15.75 4.75 189.25
17.25 8.25 189.25
16.25 5.75 187.75
26.25 0.75 187.75
27.25 2.25 186.75
17.25 5.25 187.75
15.25 8.25 186.75
16.25 8.25 188.75
15.25 6.75 188.25
26.25 0.25 186.25
27.25 2.75 187.25
26.25 1.25 186.75
15.75 5.25 190.75
26.75 1.75 185.75
15.75 8.25 184.25
15.75 6.25 191.25
15.75 9.25 184.75
27.75 3.25 184.75
15.75 4.25 190.25
26.75 -1.75 189.25
27.75 -3.25 188.25
15.75 3.25 191.75
15.75 9.25 186.75
15.75 6.25 189.25
15.75 8.25 186.25
15.75 7.25 189.75
15.75 5.25 188.75
26.75 1.75 187.75
27.75 3.25 186.75
16.75 5.75 187.25
15.75 3.75 191.75
15.75 8.75 186.25
15.75 5.75 188.75
16.75 5.25 187.25
15.75 6.75 189.25
27.75 2.75 186.25
26.75 1.25 187.75
26.75 2.25 186.25
16.25 5.75 186.75
27.25 2.25 187.75
26.25 0.75 186.75
16.25 8.75 188.25
15.25 7.25 188.25
27.25 -2.75 187.75
26.25 -1.25 186.25
26.25 -0.25 186.75
27.25 -2.25 187.75
26.25 -0.75 186.75
26.25 -1.25 186.75
26.25 -0.25 186.25
27.25 -2.75 187.25
27.25 -2.25 184.75
26.25 -0.75 185.75
27.75 -3.25 184.25
26.75 -1.75 185.25
27.75 -3.25 187.75
26.75 -1.75 186.75
16.75 6.25 185.25
15.75 4.75 191.75
15.75 5.75 191.25
15.75 8.75 185.75
15.75 9.75 185.25
27.75 2.75 185.75
26.75 2.25 185.75
15.75 6.75 190.75
17.25 8.75 188.25
16.25 8.25 188.25
26.25 0.25 186.75
27.25 2.75 187.75
26.25 1.25 186.25
17.25 5.75 186.75
27.75 -3.25 187.25
26.75 -1.75 186.25
26.75 -1.75 185.75
27.75 -3.25 184.75
27.75 -2.75 185.75
26.75 -2.25 185.75
27.25 -2.25 185.75
26.25 -0.75 184.75
26.25 -1.75 184.25
26.75 -2.25 184.75
27.75 -2.75 184.75
26.25 -0.75 182.75
27.25 -2.25 183.75
26.75 -2.25 183.25
27.75 -2.75 183.25
15.75 10.75 181.25
15.75 11.75 181.75
26.75 2.25 180.25
16.75 7.25 180.25
16.25 5.25 187.75
26.25 0.25 187.75
16.25 6.25 186.25
26.25 1.25 187.25
27.25 2.75 186.75
26.75 -1.75 187.75
27.75 -3.25 186.75
26.25 -0.75 187.75
27.25 -2.25 186.75
17.25 8.25 188.75
26.25 0.75 186.25
27.25 2.25 187.25
27.25 -2.25 187.25
26.25 -0.75 186.25
26.75 -1.75 187.25
27.75 -3.25 186.25
26.75 -2.25 185.25
27.75 -2.75 185.25
15.75 4.75 190.75
15.75 5.75 190.25
16.75 6.25 184.25
15.75 9.75 184.25
27.75 2.75 184.75
26.75 2.25 184.75
27.25 -2.75 185.75
26.25 -1.25 184.25
26.25 -0.25 184.75
27.25 -2.75 185.25
26.25 -1.25 184.75
26.25 -0.25 184.25
27.75 -3.25 182.75
26.75 -1.75 183.75
27.75 -2.75 183.75
26.75 -2.25 183.75
27.75 -2.75 182.75
26.75 -2.25 182.75
33.75 -0.75 188.75
26.75 -2.25 179.25
16.25 6.25 185.25
15.25 8.75 185.75
26.25 0.25 184.75
26.25 1.25 184.25
27.25 2.75 185.75
26.25 -0.75 187.25
27.25 -2.25 186.25
17.25 6.25 184.25
15.25 8.25 184.75
16.25 6.75 184.25
15.25 9.25 184.25
26.25 0.75 185.75
27.25 2.25 184.75
15.25 8.25 185.75
16.25 6.75 185.25
17.25 6.25 185.25
27.25 2.25 185.75
26.25 0.75 184.75
26.25 1.75 184.25
16.75 5.75 185.75
15.75 4.25 190.75
26.75 1.75 185.25
27.75 3.25 184.25
15.75 5.25 190.25
15.75 6.25 191.75
15.75 9.75 183.25
15.75 10.75 182.75
16.75 9.25 176.75
26.75 2.25 183.75
27.75 2.75 183.75
16.25 6.75 185.75
27.25 2.25 185.25
15.25 8.25 185.25
26.25 0.75 184.25
26.75 -2.25 180.75
15.75 5.25 191.75
15.75 9.25 185.75
26.75 1.75 184.75
15.75 6.25 190.25
15.75 10.25 184.25
27.75 3.25 185.75
15.75 4.25 191.25
15.25 9.25 184.75
17.25 6.25 184.75
16.25 6.75 184.75
15.25 8.25 184.25
26.25 0.75 185.25
26.25 -0.25 185.75
26.25 -1.25 185.25
27.25 -2.75 184.75
15.25 8.75 185.25
16.25 6.25 185.75
26.25 0.25 184.25
27.25 2.75 185.25
26.25 1.25 184.75
26.75 -2.25 184.25
27.75 -2.75 184.25
26.25 -1.75 183.25
26.25 -0.75 183.75
26.25 -0.25 182.25
27.25 -2.75 183.25
26.25 -1.25 182.75
16.75 14.75 177.25
15.75 11.25 180.25
27.75 3.25 181.25
16.75 8.75 178.25
15.75 9.25 181.25
15.75 8.25 181.75
26.75 1.75 180.25
26.75 -2.25 180.25
16.25 6.75 183.25
16.25 13.75 178.75
15.25 9.25 183.25
26.25 0.75 182.75
16.25 10.75 177.25
27.25 2.25 183.75
15.75 8.25 182.25
26.75 1.75 183.75
16.75 6.75 182.75
15.75 10.25 183.25
27.75 3.25 182.75
15.75 12.25 180.25
16.75 8.75 177.75
16.75 9.75 177.25
15.75 9.75 185.75
15.75 5.75 191.75
15.75 4.75 191.25
15.75 6.75 190.25
26.75 2.25 185.25
27.75 2.75 185.25
16.75 6.25 185.75
16.25 6.25 184.25
15.25 8.75 184.75
26.25 0.25 185.75
26.25 1.25 185.25
27.25 2.75 184.75
15.75 4.75 190.25
15.75 5.75 190.75
15.75 9.75 184.75
16.75 6.25 184.75
27.75 2.75 184.25
26.75 2.25 184.25
27.75 -3.25 185.75
26.75 -1.75 184.75
27.75 -3.25 183.75
26.75 -1.75 182.75
26.75 -2.25 182.25
16.75 15.25 176.75
15.75 8.75 180.75
15.75 10.75 181.75
15.75 9.75 180.25
16.75 7.25 180.75
15.75 11.75 181.25
16.75 8.25 179.25
26.75 2.25 180.75
26.25 0.25 185.25
15.25 8.75 184.25
26.25 1.25 185.75
27.25 2.75 184.25
16.75 9.25 176.25
27.75 2.75 183.25
15.75 9.75 183.75
16.75 6.25 183.75
15.75 10.75 182.25
26.75 2.25 183.25
16.25 7.25 183.75
15.25 8.75 183.75
27.25 2.75 183.75
15.25 9.75 183.25
26.25 0.25 182.75
16.25 10.25 177.25
26.25 1.25 182.25
26.25 -0.25 182.75
27.25 -2.75 183.75
26.25 -1.25 182.25
26.75 -1.75 183.25
27.75 -3.25 182.25
26.25 -0.75 181.75
16.75 15.75 176.25
16.75 7.75 180.25
15.75 11.25 181.75
15.75 9.25 180.75
27.75 3.25 180.75
26.75 1.75 181.75
27.75 -3.25 181.75
26.75 -1.75 180.75
26.75 -2.25 179.75
15.75 8.75 181.25
27.75 2.75 181.25
26.75 2.25 181.25
15.75 11.75 180.75
16.75 7.25 181.25
16.75 8.25 178.75
26.25 -1.25 185.75
26.25 -0.25 185.25
27.25 -2.75 184.25
17.25 8.75 176.75
15.25 8.75 183.25
26.25 0.25 182.25
16.25 7.25 183.25
26.25 1.25 182.75
16.25 10.25 177.75
27.25 2.75 183.25
16.25 9.25 177.75
16.25 10.25 176.25
17.25 6.75 182.25
16.25 14.25 178.25
16.25 13.25 179.75
16.25 11.25 176.75
16.25 7.25 182.75
17.25 8.75 177.25
15.25 9.75 182.25
26.25 0.25 183.75
26.25 1.25 183.25
27.25 2.75 182.75
26.25 -0.25 183.75
26.25 -1.25 183.25
27.25 -2.75 182.75
16.75 13.75 179.75
15.75 12.25 180.75
15.75 10.25 183.75
16.75 6.75 182.25
15.75 8.25 182.75
16.75 8.75 177.25
27.75 3.25 182.25
26.75 1.75 183.25
26.25 -0.75 182.25
27.75 -3.25 183.25
26.75 -1.75 182.25
26.25 -0.25 183.25
26.25 -1.25 183.75
27.25 -2.75 182.25
15.25 10.25 181.75
16.25 8.75 179.25
16.25 7.75 180.75
26.25 0.75 181.75
26.75 -2.25 181.25
26.25 -0.25 180.75
26.25 -1.25 180.25
27.25 -2.75 181.75
17.25 14.75 177.75
16.25 14.25 177.75
26.25 0.25 180.25
15.25 10.75 180.25
15.25 9.75 181.75
16.25 9.25 178.25
27.25 2.75 181.25
26.25 1.25 180.75
26.75 -1.75 181.25
27.75 -3.25 180.25
16.25 14.25 177.25
26.25 0.25 180.75
16.25 7.25 181.75
17.25 6.75 181.25
15.25 9.75 181.25
15.25 10.75 180.75
27.25 2.75 181.75
26.25 1.25 180.25
16.25 9.25 178.75
17.25 8.25 177.25
16.25 7.75 182.75
15.25 9.25 182.25
16.25 10.75 176.25
26.25 0.75 183.75
16.25 9.75 177.75
27.25 2.25 182.75
33.25 -2.25 189.25
26.25 -1.75 178.25
27.25 -3.25 176.75
26.25 -1.75 177.75
16.75 14.25 178.25
16.75 13.25 179.75
15.75 8.75 182.75
15.75 10.75 183.75
27.75 2.75 182.75
26.75 2.25 182.75
16.75 9.25 177.75
16.75 10.25 176.25
15.75 10.75 180.75
16.75 7.25 181.75
15.75 8.75 181.75
16.75 8.25 178.25
15.75 11.75 180.25
26.75 2.25 181.75
27.75 2.75 181.75
16.75 14.75 177.75
16.75 8.75 178.75
15.75 9.25 181.75
15.75 11.25 180.75
16.75 6.75 181.75
27.75 3.25 181.75
26.75 1.75 180.75
16.25 14.75 176.75
16.25 7.75 180.25
17.25 7.25 180.25
15.25 10.25 181.25
16.25 8.75 179.75
26.25 0.75 181.25
26.25 -0.25 181.75
26.25 -1.25 181.25
27.25 -2.75 180.75
26.75 -1.75 181.75
27.75 -3.25 180.75
15.25 9.25 181.25
15.25 11.25 180.25
15.25 10.25 180.75
16.25 14.75 177.25
16.25 7.75 181.75
26.25 0.75 180.75
16.25 9.75 178.75
17.25 12.25 182.25
16.25 11.75 181.75
15.25 11.25 178.25
16.25 8.75 180.25
15.25 12.25 177.75
17.25 7.25 179.75
26.25 0.75 178.75
15.75 9.75 178.75
26.75 2.25 178.25
15.75 11.75 179.75
15.75 12.75 176.25
15.75 13.75 176.75
16.25 12.75 179.75
16.25 13.75 179.25
17.25 6.25 182.75
16.25 9.75 177.25
15.25 9.25 182.75
16.25 7.75 182.25
17.25 8.25 177.75
26.25 0.75 183.25
16.25 10.75 176.75
26.25 1.75 183.75
15.25 10.25 182.25
16.25 13.75 178.25
15.25 9.25 183.75
16.25 6.75 183.75
26.25 0.75 182.25
17.25 9.25 176.25
27.25 2.25 183.25
16.25 8.25 179.25
26.25 0.25 181.75
15.25 9.75 180.25
16.25 9.25 179.75
26.25 1.25 181.25
27.25 2.75 180.75
27.75 -3.25 181.25
26.75 -1.75 180.25
16.25 14.75 177.75
15.25 9.25 181.75
16.25 7.75 181.25
15.25 10.25 180.25
16.25 9.75 178.25
26.25 0.75 180.25
27.25 -2.75 181.25
26.25 -1.25 180.75
26.25 -0.25 180.25
15.25 12.25 176.25
15.25 10.25 179.25
15.25 11.25 179.75
26.25 0.75 179.25
33.75 -0.25 189.75
26.75 -1.75 179.75
27.75 -3.25 178.75
16.75 14.25 178.75
15.75 12.75 180.25
27.75 2.75 182.25
16.75 7.25 182.25
16.75 8.25 177.75
15.75 8.75 182.25
15.75 10.75 183.25
26.75 2.25 182.25
16.75 9.25 177.25
16.75 12.25 182.25
26.75 2.25 179.75
16.75 7.25 179.75
15.75 10.75 178.75
15.75 12.75 177.75
15.75 13.75 177.25
15.75 9.75 179.25
15.75 14.75 176.75
15.75 10.75 177.25
16.75 12.25 181.75
32.75 2.25 190.75
15.75 7.75 183.75
15.75 12.75 178.25
26.75 2.25 176.25
15.75 9.25 180.25
15.75 11.25 181.25
26.75 1.75 181.25
27.75 3.25 180.25
16.25 15.25 176.25
15.25 10.75 181.25
26.25 0.25 181.25
16.25 8.25 179.75
15.25 9.75 180.75
16.25 9.25 179.25
26.25 1.25 181.75
27.25 2.75 180.25
15.25 11.25 179.25
15.25 12.25 176.75
15.25 10.25 179.75
17.25 7.25 178.75
26.25 0.75 179.75
16.75 13.25 180.25
16.75 11.25 183.25
32.75 2.25 191.75
33.75 0.75 190.75
15.75 7.75 182.75
26.75 2.25 177.25
15.75 12.75 179.25
15.75 11.75 176.75
15.75 10.25 182.75
15.75 8.25 183.75
26.75 1.75 182.25
15.75 11.25 182.25
16.75 6.75 183.25
27.75 3.25 183.25
16.75 9.75 176.75
15.75 13.75 178.25
33.75 0.75 191.25
32.75 2.25 190.25
15.75 10.75 177.75
15.75 7.75 183.25
15.75 12.75 178.75
26.75 2.25 176.75
26.25 -0.75 176.25
26.25 -1.75 176.75
16.75 6.75 183.75
26.75 1.75 182.75
27.75 3.25 183.75
15.75 8.25 183.25
15.75 12.25 181.25
15.75 11.25 182.75
15.75 10.25 182.25
16.75 9.75 176.25
27.75 -3.25 175.25
27.75 -3.25 172.75
26.75 -2.75 173.75
27.75 -3.25 173.25
25.75 -0.25 172.25
26.25 -0.25 181.25
26.25 -1.25 181.75
27.25 -2.75 180.25
17.25 13.75 179.25
16.25 10.25 176.75
16.25 13.25 179.25
26.25 0.25 183.25
16.25 7.25 182.25
15.25 9.75 182.75
26.25 1.25 183.75
27.25 2.75 182.25
16.25 11.25 176.25
33.75 -0.75 190.25
26.75 -2.25 177.75
26.25 -0.75 175.25
26.25 -1.75 175.75
27.25 -3.25 174.75
27.75 -3.25 173.75
26.25 -0.75 177.75
26.25 -1.75 177.25
27.25 -3.25 176.25
33.75 -0.75 189.75
26.75 -2.25 178.25
15.25 11.25 177.75
33.25 1.25 191.25
33.25 2.25 190.75
32.25 2.75 190.75
16.25 11.75 182.25
26.25 0.75 177.25
26.25 1.75 177.75
15.75 9.25 179.75
15.75 10.25 178.25
15.75 13.25 177.75
16.75 7.75 179.25
27.75 3.25 179.75
15.75 14.25 176.25
26.75 1.75 178.75
26.25 -1.75 178.75
26.25 -0.75 178.25
27.75 -3.25 179.75
26.75 -1.75 178.75
26.75 -2.25 174.25
15.25 12.75 176.25
16.25 8.25 181.75
33.25 1.75 189.25
26.25 0.25 179.25
15.25 10.75 179.25
17.25 7.75 178.25
26.25 1.25 179.75
27.25 2.75 178.25
33.75 1.25 189.25
16.75 7.75 178.25
15.75 10.25 179.25
15.75 14.25 177.25
15.75 12.25 176.25
15.75 13.25 176.75
26.75 1.75 179.75
27.75 3.25 178.75
32.25 3.25 189.25
16.25 8.25 180.75
15.25 11.75 178.75
26.25 1.25 178.75
27.25 2.75 179.25
26.25 0.25 178.25
27.25 -2.75 179.25
26.25 -1.25 178.75
26.25 -0.25 178.25
33.25 -1.25 189.75
26.25 -1.75 179.25
26.25 -0.75 179.75
27.25 -3.25 178.25
26.25 -0.25 179.25
26.25 -1.25 179.75
27.25 -2.75 178.25
16.75 12.75 180.75
16.75 11.75 183.25
33.75 1.25 190.25
32.75 2.75 191.75
33.75 0.25 190.75
15.75 12.25 179.25
15.75 11.25 176.75
26.75 1.75 176.75
27.75 3.25 177.75
15.75 7.75 182.25
16.75 11.25 183.75
32.75 2.25 191.25
33.75 0.75 190.25
15.75 12.75 179.75
15.75 11.75 176.25
26.75 2.25 177.75
16.75 7.25 179.25
15.75 11.75 178.75
15.75 12.75 177.25
26.75 2.25 179.25
15.75 10.75 178.25
15.75 9.75 179.75
15.75 13.75 177.75
15.75 14.75 176.25
15.25 12.75 176.75
17.25 7.75 178.75
15.25 11.75 179.25
15.25 10.75 179.75
16.25 8.25 181.25
26.25 1.25 179.25
26.25 0.25 179.75
27.25 2.75 178.75
26.25 -0.25 179.75
26.25 -1.25 179.25
27.25 -2.75 178.75
33.75 -1.25 188.75
26.75 -1.75 178.25
27.75 -3.25 179.25
15.75 12.25 177.75
32.75 2.75 189.25
15.75 11.25 178.25
15.75 14.25 176.75
16.75 7.75 179.75
15.75 10.25 178.75
27.75 3.25 179.25
15.75 13.25 177.25
26.75 1.75 178.25
15.25 10.75 178.75
26.25 0.25 178.75
15.25 11.75 178.25
16.25 8.25 180.25
27.25 2.75 179.75
26.25 1.25 178.25
16.25 8.75 180.75
15.25 11.25 178.75
17.25 7.25 179.25
15.25 12.25 177.25
26.25 0.75 178.25
26.25 -0.25 178.75
27.25 -2.75 179.75
26.25 -1.25 178.25
33.75 -0.75 189.25
26.75 -2.25 178.75
15.75 12.75 176.75
33.75 0.75 189.25
26.75 2.25 178.75
15.75 11.75 179.25
15.75 13.75 176.25
26.75 -2.25 175.75
16.75 7.75 178.75
33.75 0.25 189.25
15.75 14.25 177.75
26.75 1.75 179.25
15.75 13.25 176.25
27.75 3.25 178.25
33.75 -1.25 189.75
26.75 -1.75 179.25
27.75 -3.25 178.25
32.25 2.75 190.25
33.25 2.25 190.25
33.25 1.25 191.75
16.25 11.75 182.75
26.25 1.75 177.25
26.25 0.75 177.75
33.75 -0.75 190.75
26.75 -2.25 177.25
15.75 11.25 176.25
33.75 1.25 190.75
32.75 2.75 191.25
33.75 0.25 190.25
15.75 12.25 179.75
26.75 2.75 177.75
15.75 13.25 179.25
27.75 3.25 177.25
26.75 1.75 176.25
33.75 -0.25 190.25
27.75 -3.25 177.25
26.75 -1.75 176.25
33.75 -0.25 190.75
26.75 -1.75 176.75
27.75 -3.25 177.75
32.75 2.75 190.75
15.75 7.25 183.75
15.75 12.25 178.25
15.75 11.25 177.75
15.75 13.25 178.75
26.75 1.75 177.75
27.75 3.25 176.75
33.25 1.75 190.25
16.25 12.25 180.75
16.25 11.25 183.25
27.25 2.75 177.25
26.25 1.25 176.75
16.25 12.75 180.25
32.25 2.75 191.25
33.25 2.25 191.25
33.25 1.25 190.75
26.25 1.75 176.25
26.25 0.75 176.75
26.75 -2.25 176.75
26.75 -1.75 177.75
27.75 -3.25 176.75
16.75 11.75 182.75
16.75 12.75 181.25
33.75 1.25 191.75
32.75 2.75 190.25
15.75 12.25 178.75
15.75 13.25 178.25
15.75 11.25 177.25
26.75 1.75 177.25
27.75 3.25 176.25
32.25 3.25 191.75
33.25 1.75 190.75
16.25 11.25 183.75
27.25 2.75 177.75
26.25 1.25 176.25
26.25 -1.25 176.75
27.25 -2.75 177.25
26.25 -0.25 176.25
27.25 -2.75 177.75
26.25 -0.25 176.75
26.25 -1.25 176.25
26.25 -0.25 177.25
26.25 -1.25 177.75
27.25 -2.75 176.25
26.25 -0.75 174.25
26.25 -1.75 174.75
27.75 -3.25 174.25
17.25 11.75 182.75
33.25 1.75 191.75
16.25 11.25 182.75
26.25 0.25 177.75
16.25 12.25 181.25
15.25 11.75 177.25
26.25 1.25 177.25
27.25 2.75 176.75
26.25 -0.25 177.75
26.25 -1.25 177.25
27.25 -2.75 176.75
33.25 1.75 191.25
32.25 3.25 190.25
16.25 12.25 181.75
26.25 0.25 177.25
15.25 11.75 177.75
26.25 1.25 177.75
27.25 2.75 176.25
33.25 2.25 191.75
33.25 1.25 190.25
32.25 2.75 191.75
16.25 10.75 183.75
26.25 1.75 176.75
16.25 12.75 180.75
26.25 0.75 176.25
26.75 -1.75 177.25
27.75 -3.25 176.25
26.75 -2.25 175.25
26.75 -2.75 174.25
26.75 -1.75 175.75
27.75 -3.25 174.75
27.25 -2.75 173.75
26.25 -0.25 172.75
26.25 -1.25 172.25
27.25 -3.25 171.75
26.25 -1.75 170.75
26.75 -2.25 176.25
26.75 -2.25 172.25
17.25 19.75 160.25
16.25 23.25 162.25
17.25 11.75 172.25
26.25 2.25 170.25
16.25 22.25 162.75
26.25 1.25 171.75
27.75 -3.25 175.75
26.25 -1.25 175.25
26.25 -0.25 175.75
27.25 -2.75 174.75
26.25 -1.25 174.75
27.25 -2.75 175.25
26.25 -0.25 174.25
27.25 -2.75 175.75
26.25 -0.25 174.75
26.25 -1.25 174.25
26.25 -0.75 174.75
26.25 -1.75 174.25
26.25 -0.75 175.75
26.25 -1.75 175.25
27.25 -3.25 174.25
26.25 -0.25 175.25
26.25 -1.25 175.75
27.25 -2.75 174.25
26.75 -2.25 173.25
26.25 -1.25 172.75
26.25 -0.25 172.25
27.25 -2.75 173.25
26.75 -2.25 174.75
27.25 -3.25 172.25
26.25 -0.75 173.75
26.25 -1.75 173.25
26.25 -1.25 173.25
26.25 -0.25 173.75
27.25 -2.75 172.75
26.25 -0.75 173.25
26.25 -1.75 173.75
27.25 -3.25 172.75
27.25 -3.25 173.75
26.25 -1.75 172.75
26.25 -0.75 172.25
26.75 -2.25 171.25
16.25 17.25 166.25
27.25 2.75 173.25
26.25 1.25 172.75
16.25 15.25 169.25
16.25 15.75 168.75
27.25 3.25 172.25
17.25 14.25 168.25
17.25 13.25 169.75
26.25 1.75 173.25
26.25 0.75 173.75
16.25 16.75 167.25
26.75 -2.25 173.75
26.75 -2.25 172.75
26.25 -0.75 171.25
26.25 -1.75 171.75
26.75 -2.75 172.75
27.75 -3.25 172.25
25.75 -0.75 168.25
26.75 -2.25 169.75
26.25 -2.25 168.75
27.25 -2.75 168.75
26.25 -1.25 169.25
27.25 -3.25 173.25
26.25 -0.75 172.75
26.25 -1.75 172.25
26.75 -2.25 171.75
26.25 -0.25 171.75
26.25 -1.25 171.25
27.25 -2.75 170.75
17.25 11.75 171.75
16.25 21.25 164.75
16.25 17.25 166.75
26.25 1.25 172.25
27.25 2.75 173.75
16.25 15.25 169.75
26.75 -2.75 170.75
25.75 -0.25 171.25
27.75 -3.25 170.25
27.75 -3.25 168.25
26.75 -2.75 168.75
25.75 -0.25 169.25
26.75 -2.25 168.75
25.75 -0.75 169.25
26.25 -1.75 169.75
27.25 -3.25 168.75
16.25 18.75 165.75
16.25 14.75 171.75
16.25 20.75 166.75
26.25 1.75 174.75
17.25 13.25 170.25
26.25 0.75 174.25
17.25 17.25 164.25
26.25 -0.25 173.25
26.25 -1.25 173.75
27.25 -2.75 172.25
26.75 -2.25 170.75
27.25 -2.75 171.25
26.25 -1.25 170.75
26.75 -2.25 170.25
16.25 16.25 167.75
26.25 0.25 173.25
17.25 13.75 169.25
26.25 1.25 173.75
27.25 2.75 172.25
17.25 14.75 168.75
16.25 21.25 165.25
16.25 17.25 167.25
26.75 -2.75 171.25
27.75 -3.25 171.75
25.75 -0.25 170.75
26.25 -0.75 171.75
27.25 -3.25 170.25
26.25 -1.75 171.25
26.75 -2.75 170.25
25.75 -0.25 171.75
27.75 -3.25 170.75
27.75 -3.25 171.25
25.75 -0.25 170.25
27.25 -3.25 171.25
26.25 -0.75 170.75
26.25 -1.75 170.25
26.25 -1.25 171.75
27.25 -2.75 170.25
27.25 -2.75 168.25
26.25 -1.25 169.75
26.75 -2.75 169.75
27.75 -3.25 169.25
25.75 -0.25 168.25
26.25 0.75 171.25
27.25 3.25 170.75
26.25 1.75 171.75
16.25 22.75 162.75
27.25 -2.75 171.75
26.25 -1.25 170.25
25.75 -0.75 168.75
26.75 -2.25 169.25
27.25 -3.25 169.75
26.25 -1.75 168.75
26.25 -2.25 169.75
27.25 -2.75 169.75
26.25 -1.25 168.25
16.25 14.75 169.75
16.25 16.75 166.75
26.25 1.75 172.75
26.25 0.75 172.25
16.25 15.75 169.25
16.25 21.75 164.25
16.25 17.75 166.25
26.75 -2.75 169.25
27.75 -3.25 169.75
25.75 -0.25 168.75
26.25 -2.25 169.25
27.25 -2.75 169.25
26.25 -1.25 168.75
25.75 -0.75 169.75
26.75 -2.25 168.25
27.25 -3.25 169.25
26.25 -1.75 168.25
25.75 -0.25 169.75
27.75 -3.25 168.75
26.75 -2.75 168.25
16.25 21.75 165.25
27.25 3.25 172.75
17.25 14.25 168.75
16.25 20.75 165.75
26.25 1.75 173.75
26.25 0.75 173.25
16.25 16.75 167.75
16.25 17.75 167.25
26.25 -0.75 169.75
26.25 -1.75 169.25
27.25 -3.25 168.25
16.25 21.75 164.75
16.25 19.75 167.75
17.25 14.25 169.25
26.25 0.75 172.75
16.25 15.75 169.75
26.25 1.75 172.25
17.25 16.25 166.25
16.25 17.75 166.75
16.25 22.25 164.25
16.25 17.25 167.75
16.25 21.25 165.75
26.25 1.25 173.25
17.25 14.75 168.25
27.25 2.75 172.75
17.25 13.75 169.75
16.25 18.25 166.25
26.25 -2.25 162.75
26.25 -1.25 163.25
16.25 14.75 170.25
17.25 16.25 165.25
16.25 17.75 165.75
17.25 12.25 171.25
16.25 13.75 171.75
26.25 1.75 175.25
26.25 0.75 175.75
16.25 18.75 164.25
25.75 0.25 163.75
27.75 3.25 162.75
26.75 2.75 162.25
16.25 15.75 174.75
17.25 11.25 172.75
27.25 3.25 170.25
26.25 1.75 171.25
16.25 21.75 163.75
26.25 0.75 171.75
16.25 22.75 162.25
16.75 21.75 165.75
16.75 22.75 164.25
16.75 14.75 168.25
15.75 12.25 174.75
15.75 14.25 175.75
15.75 15.25 175.25
16.75 13.75 169.75
15.75 13.25 174.25
27.75 3.25 172.25
16.75 15.75 168.75
15.75 21.25 162.25
16.75 19.75 169.25
16.75 15.75 167.25
26.75 2.75 163.25
25.75 0.25 162.75
27.75 3.25 163.75
16.25 24.25 160.75
17.25 12.75 170.75
26.25 1.25 174.75
27.25 2.75 175.25
16.25 14.25 171.75
16.25 20.25 166.75
16.25 18.25 165.75
17.25 17.75 164.25
17.25 16.75 164.75
15.75 14.75 175.75
15.75 12.75 174.75
15.75 13.75 174.25
26.75 2.25 172.75
16.75 16.25 167.25
16.75 15.25 168.75
15.75 21.75 162.25
15.75 20.75 162.75
26.25 -1.25 161.25
16.75 23.25 163.25
16.75 11.25 173.25
16.75 19.25 161.25
26.75 2.25 171.25
15.75 19.75 166.75
15.75 17.75 167.75
15.75 18.75 166.25
15.75 20.75 165.25
16.75 15.75 166.75
26.75 2.75 162.75
27.75 3.25 162.25
25.75 0.25 163.25
16.25 24.75 160.25
17.25 13.25 170.75
26.25 1.75 174.25
16.25 14.75 171.25
26.25 0.75 174.75
16.25 20.75 166.25
16.25 18.75 165.25
17.25 17.25 164.75
16.25 24.25 161.25
16.25 13.25 171.75
26.25 0.25 175.75
17.25 12.75 171.25
16.25 20.25 167.25
26.25 1.25 175.25
16.25 15.25 170.75
27.25 2.75 174.75
16.25 19.25 164.75
17.25 16.75 165.25
16.25 20.25 167.75
16.25 14.25 170.75
26.25 1.25 175.75
27.25 2.75 174.25
16.25 15.25 170.25
16.25 19.25 164.25
16.25 18.25 164.75
27.25 2.75 175.75
17.25 12.75 170.25
16.25 14.25 171.25
26.25 1.25 174.25
16.25 24.25 160.25
16.25 18.25 165.25
16.75 23.25 162.75
15.75 21.75 164.25
26.75 2.25 170.75
15.75 19.75 167.25
15.75 18.75 167.75
15.75 20.75 164.75
26.25 1.75 175.75
16.25 13.75 171.25
17.25 12.25 171.75
26.25 0.75 175.25
16.25 14.75 170.75
16.25 15.75 170.25
17.25 16.25 165.75
16.25 19.75 164.25
16.25 18.75 164.75
15.75 19.25 167.25
16.75 19.75 160.75
16.75 11.75 172.75
26.75 2.75 170.75
27.75 3.25 170.25
15.75 18.25 167.75
15.75 20.25 164.75
15.75 21.25 164.25
16.25 23.25 162.75
17.25 11.75 172.75
27.25 2.75 170.75
16.25 12.25 175.25
26.25 1.25 171.25
17.25 19.75 160.75
16.25 20.25 163.25
16.75 9.75 175.75
16.75 11.75 174.75
16.75 10.75 174.25
15.75 15.25 171.25
15.75 20.25 166.75
25.75 0.25 169.25
26.75 2.75 168.75
16.75 17.75 163.75
27.75 3.25 168.25
16.75 20.75 161.25
15.75 19.25 165.25
16.75 19.75 162.75
16.75 18.75 162.25
16.75 11.25 173.75
15.75 17.75 167.25
26.75 2.25 171.75
15.75 19.75 166.25
15.75 18.75 166.75
16.75 20.25 162.25
15.75 20.75 165.75
16.75 19.25 161.75
16.75 22.75 163.75
25.75 0.25 170.75
15.75 18.25 166.25
16.75 11.75 173.25
15.75 17.25 167.75
27.75 3.25 171.75
26.75 2.75 171.25
15.75 19.25 166.75
16.75 19.75 161.25
15.75 20.25 165.25
16.25 11.25 175.75
26.25 2.25 169.75
27.25 2.75 169.75
17.25 9.75 174.75
16.25 13.25 172.75
16.25 21.25 160.75
16.25 23.25 161.75
26.25 1.25 168.25
16.25 19.25 163.75
16.25 23.25 161.25
16.25 13.25 172.25
16.25 11.25 175.25
27.25 2.75 169.25
26.25 1.25 168.75
16.25 19.25 163.25
15.75 16.25 173.75
25.75 0.25 160.25
26.75 2.75 161.75
27.75 3.25 161.25
27.25 2.75 171.25
26.25 2.25 171.25
17.25 10.75 173.75
16.25 12.25 174.75
16.25 21.25 162.25
26.25 1.25 170.75
17.25 18.75 161.75
16.25 22.25 163.75
16.25 20.25 162.75
17.25 19.75 161.25
16.25 17.25 171.75
16.25 18.25 170.25
26.25 2.25 160.75
27.25 2.75 160.75
26.25 1.25 161.25
15.75 17.75 166.75
15.75 19.75 167.75
26.75 2.25 170.25
15.75 18.75 167.25
15.75 20.75 164.25
16.75 23.75 162.25
15.75 19.25 167.75
27.75 3.25 170.75
15.75 21.25 164.75
26.75 2.75 170.25
15.75 18.25 167.25
15.75 20.25 164.25
15.75 15.75 174.75
15.75 13.75 175.75
15.75 12.75 175.25
16.75 15.25 169.25
15.75 14.75 174.25
16.75 14.25 169.75
26.75 2.25 173.25
16.75 16.25 166.75
16.75 17.25 166.25
15.75 21.75 163.75
15.75 22.75 162.25
15.75 20.75 163.25
25.75 -1.25 162.25
26.75 -2.75 163.25
25.75 -0.25 162.75
16.25 15.25 175.75
26.25 1.25 170.25
27.25 2.75 171.75
17.25 10.75 173.25
16.25 12.25 174.25
16.25 22.25 163.25
16.25 20.25 162.25
16.75 20.75 161.75
16.75 9.75 175.25
16.75 11.75 174.25
16.75 10.75 174.75
15.75 15.25 171.75
26.75 2.75 168.25
25.75 0.25 169.75
15.75 20.25 166.25
27.75 3.25 168.75
15.75 19.25 165.75
16.75 18.75 162.75
16.75 19.75 162.25
16.75 15.75 175.75
25.75 0.25 170.25
15.75 19.25 166.25
26.75 2.75 171.75
16.75 11.75 173.75
27.75 3.25 171.25
15.75 18.25 166.75
15.75 21.25 165.25
15.75 20.25 165.75
16.75 19.75 161.75
15.75 12.75 175.75
16.75 14.25 169.25
26.75 2.25 173.75
15.75 14.75 174.75
15.75 13.75 175.25
15.75 15.75 174.25
16.75 16.25 166.25
15.75 21.75 163.25
15.75 20.75 163.75
26.75 -2.25 162.25
27.75 -3.75 162.75
25.75 -0.75 163.75
26.25 -2.25 162.25
26.25 -1.25 163.75
27.75 3.75 162.25
26.75 2.25 162.75
25.75 0.75 163.25
15.75 12.25 175.25
16.75 14.75 169.75
15.75 14.25 174.25
15.75 13.25 175.75
15.75 15.25 174.75
27.75 3.25 173.75
16.75 16.75 166.75
15.75 20.25 163.25
15.75 21.25 163.75
15.75 22.25 162.25
16.25 16.75 168.75
16.25 18.75 169.75
17.25 15.25 167.25
27.25 3.25 163.75
26.25 1.75 162.75
26.25 -1.75 160.75
27.25 -3.25 161.75
16.75 24.25 161.75
16.75 12.25 171.75
26.75 2.25 174.25
15.75 15.75 173.75
15.75 14.75 173.25
16.75 16.25 165.75
16.75 14.25 170.75
16.75 13.25 171.25
16.75 18.25 164.75
16.75 17.25 165.25
15.75 22.75 161.25
16.25 22.25 160.75
17.25 18.75 162.75
17.25 17.75 163.25
16.25 20.25 161.75
17.25 9.75 175.25
16.25 12.25 173.75
16.25 13.25 173.25
26.25 1.25 169.75
27.25 2.75 168.25
16.25 21.25 161.25
16.75 24.75 160.75
15.75 13.25 173.75
15.75 14.25 172.25
16.75 13.75 170.25
15.75 15.25 172.75
26.75 1.75 174.75
27.75 3.25 175.75
15.75 21.25 161.75
15.75 22.25 160.25
16.75 17.75 164.25
15.75 23.25 160.75
16.25 18.25 170.75
26.25 2.25 160.25
26.25 1.25 161.75
27.25 2.75 160.25
16.25 18.25 171.25
26.25 2.25 161.75
27.25 2.75 161.75
26.25 1.25 160.25
15.75 13.25 175.25
25.75 0.25 172.25
15.75 14.25 174.75
15.75 15.25 174.25
15.75 12.25 175.75
16.75 16.75 166.25
27.75 3.25 173.25
16.75 14.75 169.25
15.75 22.25 162.75
15.75 21.25 163.25
15.75 20.25 163.75
17.25 15.75 166.25
26.25 2.25 162.25
27.25 2.75 162.25
26.25 1.25 163.75
26.25 -1.75 162.75
27.25 -3.25 163.75
26.75 2.75 172.25
15.75 13.25 174.75
15.75 14.25 175.25
15.75 15.25 175.75
27.75 3.25 172.75
16.75 14.75 168.75
15.75 22.25 163.25
16.75 15.75 168.25
15.75 21.25 162.75
17.25 18.25 162.25
17.25 17.25 163.75
17.25 10.25 174.25
17.25 9.25 175.75
27.25 3.25 168.25
16.25 12.75 173.25
16.25 11.75 174.75
16.25 23.75 160.75
26.25 1.75 169.25
26.25 0.75 169.75
16.25 20.75 161.25
16.25 19.75 162.75
17.25 15.25 166.75
26.25 1.75 163.25
27.25 3.25 162.25
16.25 19.25 168.75
16.25 16.25 169.25
17.25 15.75 166.75
26.25 2.25 162.75
26.25 1.25 163.25
27.25 2.75 162.75
26.25 -2.25 163.25
26.25 -1.25 162.75
27.75 -3.25 162.25
25.75 -0.25 163.25
26.75 -2.75 162.75
25.75 -1.25 163.25
27.75 -3.25 162.75
25.75 -0.25 163.75
26.75 -2.75 162.25
16.25 15.75 175.25
17.25 11.25 173.25
26.25 1.75 170.75
27.25 3.25 171.75
26.25 0.75 170.25
16.25 20.75 162.75
17.25 19.25 161.25
15.75 16.75 172.75
27.75 3.75 160.25
26.75 2.25 160.75
25.75 0.75 161.25
15.75 19.25 164.75
15.75 15.25 170.75
15.75 20.25 167.25
16.75 10.75 175.75
26.75 2.75 169.25
16.75 21.75 160.25
25.75 0.25 168.75
16.75 12.75 172.75
27.75 3.25 169.75
16.75 18.75 163.75
16.75 20.75 160.75
26.75 -2.25 161.75
27.75 -3.75 161.25
25.75 -0.75 160.25
26.25 -2.25 161.75
26.25 -1.25 160.25
27.25 -2.75 160.25
26.25 -1.25 161.75
26.25 -2.25 160.25
16.75 15.25 167.25
26.75 2.25 163.25
25.75 0.75 162.75
26.25 -1.75 163.25
27.25 -3.25 162.25
16.75 24.25 161.25
26.75 2.25 174.75
15.75 15.75 173.25
15.75 14.75 173.75
16.75 13.25 171.75
16.75 14.25 170.25
16.75 17.25 165.75
16.75 18.25 164.25
15.75 22.75 161.75
16.75 20.75 167.25
16.75 12.75 171.25
15.75 14.25 173.75
26.75 1.75 175.25
15.75 15.25 173.25
15.75 23.25 161.25
27.75 3.25 174.25
16.75 16.75 165.25
16.75 17.75 165.75
16.75 18.75 164.25
15.75 22.25 161.75
16.25 15.75 175.75
17.25 11.25 173.75
16.25 22.75 163.25
16.25 12.75 174.25
27.25 3.25 171.25
26.25 0.75 170.75
26.25 1.75 170.25
17.25 19.25 161.75
16.25 20.75 162.25
25.75 0.75 163.75
26.75 2.25 162.25
25.75 -0.75 160.75
26.75 -2.25 161.25
27.75 -3.75 161.75
15.75 14.75 171.75
15.75 15.75 171.25
16.75 12.25 173.25
16.75 11.25 174.75
25.75 0.75 169.25
26.75 2.25 168.75
15.75 19.75 165.25
15.75 18.75 165.75
16.75 19.25 162.75
16.75 20.25 161.25
16.25 22.75 161.75
16.25 12.75 172.75
16.25 10.75 175.75
16.25 23.75 161.25
17.25 20.25 160.75
16.25 11.75 175.25
16.25 13.75 172.25
27.25 3.25 169.75
26.25 1.75 168.75
26.25 0.75 168.25
16.25 19.75 163.25
16.25 21.75 160.25
15.75 17.25 172.25
25.75 0.25 161.25
15.75 16.25 172.75
27.75 3.25 160.25
26.75 2.75 160.75
27.25 3.25 161.75
26.25 1.75 160.75
15.75 19.75 164.25
15.75 15.75 170.25
25.75 0.75 168.25
16.75 10.25 175.25
16.75 12.25 172.25
26.75 2.25 169.75
16.75 21.25 160.75
16.75 18.25 163.25
16.75 20.25 160.25
16.75 22.25 164.75
15.75 13.75 174.75
15.75 12.75 174.25
15.75 14.75 175.25
26.75 2.25 172.25
16.75 16.25 167.75
16.75 15.25 168.25
15.75 20.75 162.25
15.75 21.75 162.75
16.25 19.75 168.25
26.25 1.75 163.75
27.25 3.25 162.75
26.25 -1.75 163.75
27.25 -3.25 162.75
25.75 -0.75 163.25
27.75 -3.75 162.25
17.25 19.25 162.25
16.25 23.75 160.25
16.25 11.75 174.25
16.25 12.75 173.75
17.25 10.25 174.75
27.25 3.25 168.75
26.25 0.75 169.25
26.25 1.75 169.75
17.25 18.25 162.75
16.25 21.75 161.25
16.25 20.75 161.75
16.75 21.25 161.25
15.75 14.75 171.25
16.75 12.25 173.75
16.75 10.25 174.75
16.75 11.25 174.25
15.75 20.75 166.25
15.75 15.75 171.75
26.75 2.25 168.25
15.75 19.75 165.75
16.75 19.25 162.25
16.75 20.25 161.75
16.25 17.75 171.25
26.25 1.75 161.75
27.25 3.25 160.75
25.75 -1.25 161.75
27.75 -3.25 160.25
25.75 -0.25 161.25
26.75 -2.75 160.75
26.25 -1.75 161.25
27.25 -3.25 160.25
16.75 16.75 165.75
16.75 13.75 171.25
16.75 12.75 171.75
26.75 1.75 175.75
15.75 15.25 173.75
15.75 14.25 173.25
27.75 3.25 174.75
16.75 17.75 165.25
15.75 22.25 161.25
15.75 16.25 173.25
25.75 0.25 160.75
27.75 3.25 161.75
25.75 1.25 160.25
26.75 2.75 161.25
16.25 18.25 171.75
26.25 2.25 161.25
27.25 2.75 161.25
26.25 1.25 160.75
15.75 16.75 173.25
27.75 3.75 161.75
26.75 2.25 161.25
25.75 0.75 160.75
26.25 -2.25 161.25
26.25 -1.25 160.75
16.75 18.25 171.25
27.75 3.75 161.25
26.75 2.25 161.75
25.75 0.75 160.25
26.75 -2.75 161.75
27.75 -3.25 161.25
25.75 -0.25 160.25
25.75 1.25 161.25
16.75 18.75 170.75
15.75 16.25 172.25
25.75 0.25 161.75
26.75 2.75 160.25
27.75 3.25 160.75
26.75 -2.25 160.25
25.75 -0.75 161.75
27.75 -3.75 160.75
27.75 -3.25 161.75
26.75 -2.75 161.25
25.75 -0.25 160.75
25.75 -1.25 160.25
26.25 1.75 168.25
16.25 23.75 161.75
17.25 12.25 172.25
27.25 3.25 169.25
16.25 11.75 175.75
16.25 13.75 172.75
26.25 0.75 168.75
16.25 19.75 163.75
17.25 18.25 163.25
17.25 20.25 160.25
16.25 21.75 160.75
16.75 11.25 175.25
16.75 12.25 172.75
16.75 10.25 175.75
16.75 13.25 172.25
26.75 2.25 169.25
15.75 15.75 170.75
25.75 0.75 168.75
16.75 20.25 160.75
16.75 19.25 163.25
16.75 18.25 163.75
15.75 19.75 164.75
16.75 21.25 160.25
27.25 -3.25 161.25
26.25 -1.75 160.25
16.75 21.25 166.25
15.75 15.75 172.75
15.75 13.75 173.75
16.75 13.25 170.25
26.75 2.25 175.25
15.75 14.75 172.25
15.75 23.75 160.75
15.75 21.75 161.75
15.75 22.75 160.25
27.25 3.25 161.25
26.25 1.75 160.25
25.75 -0.75 161.25
26.75 -2.25 160.75
27.75 -3.75 160.25
16.75 24.75 160.25
26.75 1.75 174.25
27.75 3.25 175.25
15.75 15.25 172.25
16.75 13.75 170.75
15.75 14.25 172.75
16.75 17.75 164.75
15.75 22.25 160.75
15.75 23.25 160.25
16.75 21.25 166.75
16.75 17.25 164.75
16.75 13.25 170.75
15.75 15.75 172.25
15.75 13.75 173.25
26.75 2.25 175.75
15.75 14.75 172.75
15.75 21.75 161.25
15.75 23.75 160.25
15.75 22.75 160.75
16.75 23.75 161.75
15.75 15.25 170.25
16.75 10.75 175.25
16.75 12.75 172.25
26.75 2.75 169.75
27.75 3.25 169.25
25.75 0.25 168.25
16.75 18.75 163.25
16.75 20.75 160.25
16.25 18.75 170.25
16.25 17.75 171.75
26.25 1.75 161.25
27.25 3.25 160.25
15.75 16.75 172.25
25.75 0.75 161.75
27.75 3.75 160.75
26.75 2.25 160.25
26.25 -1.75 161.75
27.25 -3.25 160.75
26.25 2.25 168.75
16.25 11.25 174.75
17.25 9.75 175.75
16.25 14.25 172.25
17.25 10.75 174.25
27.25 2.75 168.75
16.25 13.25 173.75
26.25 1.25 169.25
16.25 21.25 161.75
17.25 17.75 163.75
17.25 18.75 162.25
16.25 22.25 160.25
27.75 -3.25 160.75
25.75 -1.25 161.25
25.75 -0.25 161.75
26.75 -2.75 160.25
16.75 36.75 139.75
16.75 29.75 151.25
16.75 30.75 150.75
26.75 2.75 154.25
25.75 0.25 155.75
25.75 1.25 155.25
26.75 -2.25 154.75
26.75 -3.25 154.25
27.75 -3.75 154.25
25.75 -0.75 155.25
27.75 -3.75 154.75
26.75 -2.25 154.25
25.75 -0.75 155.75
25.75 -0.25 155.75
25.75 -1.25 155.25
26.75 -2.75 154.25
27.75 -3.25 154.75
16.75 35.75 137.25
16.75 37.75 138.25
16.75 27.75 149.25
26.75 2.75 155.25
25.75 0.25 154.75
25.75 1.25 154.25
17.25 36.75 136.25
17.25 34.75 139.25
17.25 38.75 137.25
16.25 35.25 139.75
16.25 37.25 136.75
16.25 29.25 148.75
16.25 30.25 149.25
16.25 27.25 151.75
26.25 2.25 153.75
26.25 -2.25 153.75
16.25 31.25 149.25
16.25 30.25 149.75
26.25 2.25 153.25
27.75 -3.75 153.75
26.75 -3.25 153.75
25.75 -1.75 152.25
25.75 -0.75 152.75
17.25 35.25 137.25
16.25 36.75 138.75
17.25 27.25 149.25
16.25 28.75 150.75
16.25 29.75 150.25
26.25 1.75 154.75
27.25 3.25 155.75
16.75 36.75 139.25
16.75 29.75 151.75
16.75 30.75 150.25
25.75 0.25 155.25
25.75 1.25 155.75
26.75 2.75 154.75
16.75 39.25 136.25
16.75 35.25 138.25
16.75 38.25 136.75
16.75 36.25 137.75
16.75 27.25 150.25
16.75 28.25 149.75
25.75 1.75 153.25
27.75 3.75 152.75
25.75 0.75 153.75
16.25 36.75 139.75
17.25 37.25 139.25
16.25 28.75 151.75
16.25 29.75 151.25
26.25 1.75 155.75
27.25 3.25 154.75
26.25 -1.75 155.25
27.25 -3.25 154.25
17.25 38.25 137.25
17.25 34.25 139.25
16.25 37.75 136.75
17.25 36.25 136.25
16.25 35.75 139.75
17.25 31.25 149.75
16.25 29.75 148.75
17.25 28.25 148.25
17.25 26.25 151.25
16.25 30.75 149.25
16.25 27.75 151.75
26.25 1.75 152.25
27.25 3.25 153.25
16.75 37.25 136.75
16.75 38.25 137.25
16.75 35.25 139.75
16.75 28.25 148.25
16.75 29.25 148.75
26.75 3.25 153.25
16.75 27.25 151.75
16.75 26.25 151.25
16.75 31.25 149.75
25.75 1.75 152.75
27.75 3.75 153.25
25.75 0.75 152.25
16.75 38.75 137.25
16.75 34.75 139.25
16.75 36.75 136.25
16.75 28.75 148.25
16.75 26.75 151.25
26.75 2.75 153.75
25.75 1.25 152.75
25.75 0.25 152.25
26.75 -2.25 153.75
26.75 -3.25 153.25
27.75 -3.75 153.25
25.75 -0.75 152.25
17.25 35.75 142.25
16.25 35.25 142.25
17.25 30.75 144.75
16.25 33.25 143.25
16.25 34.25 142.75
26.25 2.25 156.25
25.75 -2.75 110.25
27.25 -3.75 149.75
26.25 -2.25 149.25
26.75 3.75 118.75
25.75 2.25 118.75
27.75 4.25 117.25
16.75 42.25 128.25
16.75 41.25 129.75
16.75 43.25 128.75
16.75 39.25 134.75
16.75 38.25 134.25
16.75 37.25 135.75
15.75 24.75 158.75
25.75 1.75 151.75
16.75 26.25 152.25
16.75 21.25 159.75
16.75 25.25 153.75
16.75 22.25 158.25
27.75 3.75 150.25
25.75 0.75 151.25
27.25 -4.25 119.75
25.25 -0.25 117.25
26.25 -2.75 116.75
25.25 -1.25 117.75
25.75 -0.25 152.25
25.75 -1.25 152.75
26.75 -2.75 153.75
27.25 4.25 98.75
17.25 41.75 129.25
17.25 43.75 128.25
17.25 40.75 129.75
17.25 36.75 135.75
16.25 39.25 134.25
16.25 27.25 152.25
17.25 20.75 159.75
17.25 24.75 153.75
16.25 23.25 158.25
26.25 2.25 150.25
26.75 -3.25 116.25
25.75 -2.75 116.25
17.25 37.25 139.75
16.25 36.75 139.25
16.25 29.75 151.75
16.25 30.75 150.25
16.25 28.75 151.25
26.25 1.75 155.25
27.25 3.25 154.25
27.75 -4.25 99.75
16.75 38.25 135.75
16.75 42.25 129.75
16.75 43.25 129.25
16.75 39.25 135.25
16.75 26.25 153.75
16.75 28.25 154.75
25.75 0.75 150.75
27.75 3.75 151.75
27.25 -4.25 119.25
25.25 -0.25 117.75
25.25 -1.25 117.25
26.25 -2.75 116.25
26.25 -2.25 155.25
27.75 4.25 99.25
27.75 -3.25 154.25
25.75 -0.25 155.25
25.75 -1.25 155.75
26.75 -2.75 154.75
27.25 4.25 99.75
27.75 -3.75 152.25
25.75 -0.75 153.25
25.25 1.75 99.25
17.25 40.75 129.25
17.25 43.75 128.75
17.25 36.75 135.25
16.25 39.25 134.75
16.25 27.25 152.75
17.25 20.75 159.25
17.25 24.75 153.25
16.25 23.25 158.75
26.25 2.25 150.75
26.75 -3.25 116.75
25.75 -2.75 116.75
16.75 46.25 123.25
26.25 -1.75 154.25
27.25 -3.25 155.25
26.75 3.25 111.25
25.75 2.75 111.25
26.25 -1.75 150.25
27.25 -3.25 151.25
26.75 3.25 115.25
25.75 1.75 114.75
25.75 2.75 115.25
16.75 16.75 174.25
15.75 19.25 168.25
15.75 17.25 169.25
15.75 18.25 168.75
15.75 16.25 169.75
27.75 3.25 165.25
26.75 2.75 165.75
25.25 -1.75 100.75
16.25 42.25 129.75
17.25 42.75 129.75
17.25 39.75 135.25
17.25 41.75 128.25
16.25 39.25 135.25
16.25 38.25 135.75
17.25 37.75 134.25
16.25 28.25 154.75
16.25 26.25 153.75
16.25 27.25 153.25
16.25 23.25 159.25
17.25 21.75 158.25
17.25 24.75 152.75
17.25 20.75 158.75
16.25 22.25 159.75
17.25 25.75 152.25
26.25 2.25 151.25
26.75 -3.25 115.25
25.75 -2.75 115.25
26.25 -2.25 151.25
26.75 3.75 116.75
25.75 2.25 116.75
27.75 4.25 119.25
16.75 32.75 143.25
16.75 31.75 144.75
27.75 3.25 156.25
25.75 1.25 157.75
25.75 0.25 157.25
26.75 2.75 156.75
25.25 -0.75 111.25
26.25 -3.25 110.25
27.25 -3.75 110.25
25.25 -1.75 111.75
17.25 36.75 140.25
16.25 36.25 140.25
16.25 31.25 145.75
16.25 33.25 142.75
16.25 34.25 143.25
26.25 1.25 156.25
26.25 2.25 157.75
25.75 -2.75 109.75
26.25 -0.75 167.25
26.25 -1.75 167.75
27.25 -3.25 166.75
26.75 4.25 102.25
24.75 0.25 100.75
25.75 2.75 101.75
17.25 34.75 138.25
16.25 38.25 136.25
17.25 33.75 139.75
16.25 37.25 137.75
17.25 31.75 148.75
16.25 30.25 148.25
16.25 31.25 148.75
17.25 26.75 150.25
17.25 25.75 151.75
16.25 29.25 149.75
26.25 2.25 152.75
25.75 -2.75 98.75
24.75 -0.25 99.75
17.25 35.75 136.75
16.25 36.25 139.25
17.25 27.75 148.75
16.25 29.25 151.75
16.25 28.25 151.25
16.25 30.25 150.25
26.25 2.25 154.75
26.75 -4.25 99.25
25.75 -0.75 167.75
26.75 -2.25 166.25
26.25 3.25 100.25
25.25 1.75 101.75
25.25 0.75 101.25
17.25 29.75 152.25
16.25 26.25 155.75
16.25 29.25 152.25
16.25 28.25 152.75
16.25 27.25 155.25
26.25 2.25 149.25
25.75 -2.75 117.25
26.75 -3.25 117.25
17.25 37.75 138.25
16.25 36.25 138.75
16.25 37.25 138.25
17.25 35.75 137.25
17.25 27.75 149.25
16.25 29.25 150.25
16.25 28.25 150.75
26.25 2.25 155.25
25.75 -2.75 111.25
26.75 -3.25 111.25
25.75 -0.75 159.75
26.75 -2.25 158.25
27.75 -3.75 158.75
25.25 1.75 109.75
25.25 0.75 109.25
26.25 3.25 108.25
26.25 -1.25 165.75
26.25 -2.25 164.25
24.75 0.75 102.75
26.75 3.75 103.75
25.75 2.25 103.75
16.75 35.75 138.75
16.75 36.75 137.25
16.75 38.75 136.25
16.75 37.75 137.75
16.75 31.75 148.75
16.75 27.75 150.75
16.75 28.75 149.25
25.75 1.25 153.75
25.75 0.25 153.25
26.75 2.75 152.75
25.25 -1.75 99.75
26.25 -3.25 98.25
26.25 -1.75 153.25
27.25 -3.25 152.25
26.75 4.25 97.75
26.25 -2.25 150.75
26.75 3.75 116.25
25.75 2.25 116.25
27.75 4.25 119.75
26.25 -2.25 156.25
27.75 4.25 108.25
26.75 3.75 111.75
25.75 2.25 111.75
25.75 -0.25 153.75
25.75 -1.25 153.25
26.75 -2.75 152.25
26.25 3.75 99.75
27.25 -2.75 167.75
26.25 -1.25 166.25
25.75 3.25 99.75
25.75 -0.25 153.25
25.75 -1.25 153.75
26.75 -2.75 152.75
26.25 3.75 98.25
25.25 1.25 99.75
27.25 4.25 97.75
16.75 34.75 138.75
16.75 35.75 138.25
16.75 36.75 137.75
16.75 38.75 136.75
16.75 31.75 148.25
16.75 28.75 149.75
16.75 26.75 150.75
16.75 27.75 150.25
26.75 2.75 152.25
25.75 0.25 153.75
25.75 1.25 153.25
26.25 -3.25 99.75
16.75 37.25 139.75
26.75 3.25 154.25
27.75 3.75 154.25
25.75 0.75 155.25
27.25 -4.25 99.75
27.25 -3.25 155.75
26.25 -1.75 154.75
26.75 4.25 99.25
25.75 -0.75 166.75
26.75 -2.25 167.25
26.25 3.25 99.25
15.75 17.75 171.25
15.75 16.75 171.75
26.75 2.25 167.75
25.75 0.75 166.25
25.25 -2.25 99.25
25.25 -1.25 98.75
16.25 38.75 136.25
16.25 37.75 137.75
16.25 27.75 150.75
16.25 30.75 148.25
16.25 29.75 149.75
26.25 1.75 153.25
27.25 3.25 152.25
26.75 -3.75 98.25
27.25 -3.25 150.75
26.25 -1.75 151.75
25.75 1.75 116.25
25.75 2.75 117.75
26.75 3.25 117.75
16.25 37.75 135.75
17.25 37.25 135.75
17.25 41.25 129.75
17.25 43.25 128.75
17.25 38.25 134.25
16.25 26.75 152.25
26.25 2.75 150.75
16.25 27.75 152.75
16.25 21.75 159.75
16.25 23.75 158.75
16.25 22.75 158.25
16.25 25.75 153.75
26.25 1.75 151.25
27.25 3.25 150.25
26.75 -3.75 116.25
25.75 -2.25 116.25
27.75 -4.25 119.75
17.25 37.25 134.25
17.25 43.25 129.25
16.25 38.75 135.75
16.25 23.75 159.25
16.25 26.75 153.75
16.25 27.75 153.25
16.25 22.75 159.75
17.25 21.25 158.25
17.25 25.25 152.25
26.25 1.75 150.75
27.25 3.25 151.75
25.75 -2.25 116.75
26.75 -3.75 116.75
27.75 -4.25 119.25
17.25 37.75 134.75
17.25 41.75 128.75
16.25 38.25 135.25
16.25 28.25 154.25
16.25 26.25 153.25
16.25 27.25 153.75
16.25 22.25 159.25
26.25 2.25 151.75
26.75 -3.25 115.75
25.75 -2.75 115.75
16.75 41.75 128.75
16.75 38.75 135.25
16.75 42.75 129.25
16.75 37.75 134.75
16.75 28.75 154.25
15.75 24.25 159.75
26.75 2.75 151.75
16.75 25.75 152.75
16.75 21.75 158.75
25.75 1.25 150.75
25.75 0.25 150.25
26.25 -3.25 115.25
27.25 -3.75 115.25
25.25 -0.75 114.25
25.25 -1.75 114.75
26.25 -2.25 151.75
26.75 3.75 115.25
25.75 2.25 115.25
27.75 4.25 112.75
16.75 42.25 129.25
16.75 39.25 135.75
16.75 38.25 135.25
16.75 26.25 153.25
16.75 28.25 154.25
16.75 22.25 159.25
16.75 25.25 152.75
16.75 21.25 158.75
27.75 3.75 151.25
25.75 0.75 150.25
27.25 -4.25 112.75
25.25 -1.25 114.75
25.25 -0.25 114.25
26.25 -1.25 159.25
26.25 -2.25 158.75
25.75 2.25 108.25
27.75 4.25 111.75
26.75 3.75 108.25
17.25 36.25 135.75
16.25 39.75 134.25
17.25 41.25 129.25
17.25 37.25 135.25
16.25 38.75 134.75
17.25 21.25 159.25
16.25 26.75 152.75
16.25 27.75 152.25
26.25 2.75 150.25
17.25 24.25 153.75
17.25 20.25 159.75
16.25 23.75 158.25
16.25 22.75 158.75
17.25 25.25 153.25
27.25 3.25 150.75
26.25 1.75 151.75
25.75 -2.25 117.75
26.75 -3.75 117.75
16.75 34.75 142.75
16.75 30.75 144.75
16.75 32.75 143.75
16.75 35.75 142.25
16.75 31.75 144.25
27.75 3.25 156.75
25.75 0.25 157.75
25.75 1.25 157.25
26.75 2.75 156.25
26.25 -3.25 111.75
27.25 -3.75 111.75
25.25 -1.75 110.25
25.25 -0.75 110.75
26.25 -2.25 159.25
26.25 -1.25 158.75
26.75 3.75 108.75
27.75 4.25 111.25
25.75 2.25 108.75
16.75 46.25 123.75
26.25 -1.75 157.75
27.25 -3.25 156.75
25.75 2.75 111.75
17.25 46.25 122.25
17.25 45.25 123.75
25.75 -1.25 157.75
27.75 -3.25 156.25
25.75 -0.25 157.25
26.75 -2.75 156.75
27.25 4.25 109.75
25.25 0.25 111.25
26.25 2.75 110.75
25.25 2.25 110.25
25.25 1.25 111.75
26.25 3.75 110.25
17.25 44.75 123.75
26.75 -2.25 156.75
27.75 -3.75 156.25
26.75 -3.25 156.25
25.75 -0.75 157.25
27.25 3.75 110.75
25.25 1.75 111.25
25.25 0.75 111.75
26.25 3.25 110.75
16.75 36.25 141.25
16.75 32.25 143.25
16.75 35.25 142.75
16.75 31.25 144.75
27.75 3.75 156.25
25.75 0.75 157.25
27.25 -4.25 109.75
26.25 -2.75 110.75
25.25 -1.25 111.75
25.25 -2.25 110.25
25.25 -0.25 111.25
17.25 30.25 144.75
17.25 31.25 144.25
16.25 32.75 143.75
16.25 33.75 143.25
16.25 34.75 142.75
26.25 1.75 157.75
27.25 3.25 156.75
25.75 -2.25 111.75
26.75 -3.75 111.75
17.25 35.75 137.75
16.25 37.25 138.75
17.25 37.75 138.75
16.25 36.25 138.25
16.25 30.25 151.25
16.25 28.25 150.25
17.25 27.75 149.75
16.25 29.25 150.75
26.25 2.25 155.75
26.75 -3.25 111.75
25.75 -2.75 111.75
16.75 45.75 123.25
16.75 46.75 122.75
26.25 -2.25 157.25
25.75 2.25 110.75
26.75 3.75 110.75
27.75 4.25 109.25
16.75 46.75 123.25
16.75 45.75 122.75
26.25 -2.25 155.75
26.75 3.75 111.25
25.75 2.25 111.25
17.25 45.75 122.25
25.75 -1.75 154.75
27.75 -3.75 155.25
26.75 -2.25 155.75
25.75 -0.75 154.25
27.25 3.75 111.75
25.25 1.75 110.25
25.25 0.75 110.75
26.25 3.25 111.75
26.25 -1.25 159.75
26.25 -2.25 158.25
25.75 2.25 109.75
27.75 4.25 110.25
26.75 3.75 109.75
17.25 46.75 123.25
17.25 45.75 122.75
25.75 -1.75 154.25
26.75 -3.25 155.75
26.75 -2.25 155.25
27.75 -3.75 155.75
25.75 -0.75 154.75
25.25 1.75 110.75
27.25 3.75 111.25
26.25 3.25 111.25
25.25 0.75 110.25
17.25 45.25 122.75
25.75 -0.25 154.25
25.75 -1.25 154.75
26.75 -2.75 155.75
27.75 -3.25 155.25
26.25 2.75 111.75
25.25 2.25 111.25
25.25 1.25 110.75
25.25 0.25 110.25
27.25 4.25 108.75
16.75 31.25 144.25
16.75 35.25 142.25
16.75 32.25 143.75
27.75 3.75 156.75
25.75 0.75 157.75
26.25 -2.75 111.25
25.25 -1.25 110.25
27.25 -4.25 108.25
25.25 -0.25 110.75
17.25 32.25 141.75
16.25 34.75 140.75
17.25 33.25 141.25
16.25 35.75 140.25
17.25 29.25 147.25
17.25 28.25 147.75
16.25 30.75 146.75
16.25 31.75 146.25
26.25 1.75 159.75
27.25 3.25 158.75
26.75 -3.75 109.75
25.75 -2.25 109.75
27.75 -4.25 110.25
17.25 45.25 123.25
25.75 -1.25 156.25
25.75 -0.25 156.75
26.75 -2.75 157.25
25.25 1.25 111.25
25.25 0.25 111.75
27.25 4.25 109.25
25.25 2.25 110.75
26.25 -1.75 156.25
27.25 -3.25 157.25
25.75 2.75 109.25
26.75 -2.25 158.75
27.75 -3.75 158.25
25.75 -0.75 159.25
26.25 3.25 108.75
25.25 1.75 109.25
25.25 0.75 109.75
16.75 36.75 140.25
16.75 32.75 142.25
16.75 30.75 145.25
16.75 34.75 143.25
26.75 2.75 157.75
25.75 0.25 156.25
27.75 3.25 157.25
25.75 1.25 156.75
27.25 -3.75 109.25
25.25 -1.75 108.75
26.25 -3.25 109.25
25.25 -0.75 108.25
26.25 -1.75 150.75
26.25 -2.75 151.25
27.25 -3.25 151.75
25.75 2.75 116.75
26.75 3.25 116.75
25.75 1.75 117.25
26.75 -2.75 159.25
25.75 -0.25 158.75
25.75 -1.25 158.25
25.25 0.25 109.75
26.25 3.75 108.75
25.25 2.25 108.75
25.25 1.25 109.25
27.25 4.25 111.25
26.75 -3.25 150.25
27.75 -3.75 150.25
25.75 -1.75 151.75
25.75 -0.75 151.25
25.25 0.75 117.75
27.25 3.75 116.75
26.25 3.25 116.75
25.25 1.75 117.25
26.25 -1.75 158.75
27.25 -3.25 159.75
25.75 2.75 108.75
25.75 -0.25 156.25
26.75 -2.75 157.75
25.75 -1.25 156.75
27.25 4.25 110.75
25.25 1.25 108.75
25.25 0.25 108.25
25.25 2.25 109.25
26.25 3.75 109.25
26.25 -2.25 149.75
27.25 -3.75 149.25
26.75 3.75 117.25
25.75 2.25 117.25
27.75 4.25 118.75
27.75 -3.75 157.25
26.75 -2.25 157.75
25.75 -0.75 156.25
26.75 -3.25 157.25
25.25 1.75 108.25
25.25 0.75 108.75
26.25 3.25 109.75
16.75 35.75 141.25
16.75 29.75 146.25
25.75 1.25 158.25
26.75 2.75 159.25
27.75 3.25 159.75
25.75 0.25 158.75
25.25 -0.75 109.75
25.25 -1.75 109.25
26.25 -3.25 108.75
16.75 36.25 138.25
16.75 37.25 138.75
16.75 27.25 149.75
16.75 30.25 151.25
16.75 28.25 150.25
27.75 3.75 155.25
25.75 0.75 154.25
25.25 -0.25 110.25
25.25 -1.25 110.75
27.25 -4.25 108.75
26.25 -2.75 111.75
17.25 46.25 123.75
27.75 -3.25 156.75
25.75 -1.25 157.25
25.75 -0.25 157.75
26.75 -2.75 156.25
26.25 2.75 111.25
25.25 0.25 110.75
25.25 1.25 110.25
27.25 4.25 108.25
25.25 2.25 111.75
27.25 -3.25 150.25
26.25 -1.75 151.25
25.75 2.75 116.25
26.75 3.25 116.25
25.75 1.75 117.75
25.75 -1.25 159.75
25.75 -0.25 159.25
26.75 -2.75 158.75
25.25 1.25 109.75
25.25 0.25 109.25
26.25 3.75 108.25
25.25 2.25 108.25
27.25 4.25 111.75
26.75 -3.25 150.75
25.75 -0.75 151.75
25.75 -1.75 151.25
27.75 -3.75 150.75
25.25 0.75 117.25
26.25 3.25 116.25
27.25 3.75 116.25
25.25 1.75 117.75
26.25 -1.75 159.25
27.25 -3.25 158.25
25.75 2.75 108.25
25.75 -0.25 159.75
25.75 -1.25 159.25
26.75 -2.75 158.25
26.25 3.75 109.75
27.25 4.25 110.25
25.25 1.25 108.25
25.25 0.25 108.75
25.25 2.25 109.75
27.75 -3.75 157.75
26.75 -2.25 157.25
25.75 -0.75 156.75
25.25 1.75 108.75
26.25 3.25 109.25
25.25 0.75 108.25
16.75 36.25 140.25
16.75 33.25 142.75
16.75 31.25 145.75
26.75 2.25 157.75
27.75 3.75 157.25
25.75 0.75 156.25
25.25 -2.25 109.25
26.25 -3.75 109.25
27.25 -4.25 110.75
25.25 -0.25 108.25
25.25 -1.25 108.75
26.25 -2.75 109.75
16.25 35.25 140.25
16.25 31.25 146.25
17.25 32.75 141.75
17.25 28.75 147.75
26.25 2.25 158.25
26.25 1.25 159.75
25.75 -2.75 108.25
16.75 34.75 140.25
16.75 33.75 141.75
16.75 30.75 146.25
16.75 29.75 147.75
25.75 1.25 159.75
27.75 3.25 158.25
25.75 0.25 159.25
26.75 2.75 158.75
25.25 -1.75 109.75
25.25 -0.75 109.25
26.25 -3.25 108.25
16.75 42.75 128.25
16.75 41.75 129.75
16.75 37.75 135.75
16.75 39.75 134.75
16.75 38.75 134.25
16.75 24.75 153.25
16.75 26.75 152.25
16.75 20.75 159.25
16.75 22.75 158.25
16.75 21.75 159.75
15.75 24.25 158.75
16.75 25.75 153.75
25.75 1.25 151.75
25.75 0.25 151.25
26.75 2.75 150.75
25.25 -1.75 117.75
27.25 -3.75 116.25
26.25 -3.25 116.25
25.25 -0.75 117.25
16.25 30.75 146.25
16.25 35.75 140.75
16.25 31.75 146.75
26.25 1.75 159.25
27.25 3.25 158.25
27.75 -4.25 111.75
25.75 -2.25 108.25
26.75 -3.75 108.25
17.25 41.25 128.75
17.25 39.25 135.75
17.25 37.25 134.75
16.25 38.75 135.25
26.25 2.75 151.75
16.25 27.75 153.75
16.25 26.75 153.25
17.25 21.25 158.75
17.25 25.25 152.75
16.25 22.75 159.25
26.25 1.75 150.25
27.25 3.25 151.25
25.75 -2.25 115.25
27.75 -4.25 112.75
26.75 -3.75 115.25
26.75 -3.25 151.25
27.75 -3.75 151.25
25.75 -0.75 150.25
25.75 -1.75 150.75
25.25 1.75 114.25
25.25 0.75 114.75
26.25 3.25 115.75
27.25 3.75 115.75
16.75 42.75 129.75
16.75 39.75 135.25
16.75 38.75 135.75
16.75 37.75 134.25
16.75 21.75 158.25
15.75 24.25 159.25
16.75 25.75 152.25
25.75 0.25 150.75
26.75 2.75 151.25
25.75 1.25 150.25
25.25 -0.75 117.75
25.25 -1.75 117.25
27.25 -3.75 116.75
26.25 -3.25 116.75
27.25 -3.25 164.75
26.25 -1.75 165.75
24.75 0.25 102.75
26.75 4.25 100.25
25.75 2.75 103.75
17.25 16.25 175.25
26.25 1.75 165.25
27.25 3.25 164.25
25.75 -3.25 102.75
24.75 -0.75 103.25
25.75 -2.25 102.25
27.75 -4.25 101.75
27.25 -2.75 164.75
26.25 -1.25 165.25
26.25 -2.25 164.75
27.75 4.25 101.75
25.75 2.25 102.25
26.75 3.75 102.25
26.75 -2.25 165.75
25.75 -0.75 164.25
25.25 1.75 100.25
26.25 3.25 101.75
27.25 -3.25 167.75
26.25 -1.75 166.75
26.75 4.25 103.25
25.75 2.75 100.75
24.75 0.25 101.75
15.75 16.25 170.75
15.75 17.25 170.25
27.75 3.25 166.25
25.75 0.25 167.25
26.75 2.75 166.75
25.25 -1.75 101.75
26.25 -3.25 100.25
16.25 16.25 174.25
27.25 2.75 165.75
26.25 2.25 165.75
26.25 1.25 164.25
25.75 -2.75 101.75
24.75 -0.25 100.75
17.25 44.75 126.25
17.25 43.75 125.75
26.75 -2.25 159.25
25.75 -0.75 158.75
27.75 -3.75 159.75
25.25 1.75 106.75
26.25 3.25 107.25
25.25 0.75 106.25
27.75 -3.25 165.25
26.75 -2.75 165.75
25.75 -0.25 164.25
25.25 2.25 101.25
27.25 4.25 102.75
26.25 -1.75 167.25
27.25 -3.25 166.25
25.75 2.75 100.25
24.75 0.25 101.25
26.75 4.25 103.75
16.75 17.75 172.25
15.75 18.25 170.25
15.75 17.25 171.75
15.75 16.25 171.25
25.75 0.25 166.75
26.75 2.75 167.25
27.75 3.25 167.75
25.25 -1.75 101.25
26.25 -3.25 100.75
16.75 34.75 140.75
16.75 30.75 146.75
16.75 33.75 141.25
16.75 32.75 141.75
16.75 28.75 147.75
16.75 29.75 147.25
25.75 1.25 159.25
27.75 3.25 158.75
25.75 0.25 159.75
26.75 2.75 158.25
25.25 -1.75 108.25
26.25 -3.25 109.75
25.25 -0.75 108.75
27.25 -3.75 109.75
26.25 -2.25 167.25
27.25 -2.75 167.25
26.25 -1.25 166.75
25.75 3.25 100.25
27.75 4.25 103.25
25.75 2.25 100.75
26.75 3.75 100.75
24.75 0.75 101.75
25.75 -0.25 167.75
26.75 -2.75 166.25
27.75 -3.25 166.75
26.25 3.75 101.75
25.25 2.25 101.75
25.25 1.25 100.25
27.25 4.25 102.25
17.25 33.25 140.25
16.25 35.75 141.25
17.25 29.25 146.25
16.25 34.75 141.75
16.25 30.75 147.75
16.25 31.75 147.25
27.25 3.25 159.75
26.25 1.75 158.75
25.75 -2.25 108.75
26.75 -3.75 108.75
27.75 -4.25 111.25
27.25 -3.25 165.25
26.25 -1.75 164.25
26.75 4.25 102.75
25.75 2.75 101.25
24.75 0.25 100.25
15.75 16.75 169.75
26.75 2.25 165.75
15.75 17.75 169.25
15.75 18.75 168.75
25.75 0.75 164.25
25.25 -2.25 101.25
25.25 -1.25 100.75
27.25 -4.25 102.75
26.25 -3.75 101.25
16.75 44.25 126.25
27.25 -3.25 159.25
26.25 -1.75 158.25
26.75 4.25 104.75
25.75 2.75 107.25
24.75 0.25 106.25
16.25 33.25 143.75
17.25 29.75 145.75
17.25 30.75 144.25
16.25 34.25 142.25
26.25 1.25 157.25
26.25 2.25 156.75
26.75 -3.25 110.75
25.75 -2.75 110.75
26.75 2.75 167.75
15.75 17.25 171.25
15.75 16.25 171.75
27.75 3.25 167.25
25.75 0.25 166.25
26.25 -3.25 99.25
25.25 -1.75 98.75
17.25 38.25 137.75
16.25 37.75 136.25
16.25 35.75 139.25
17.25 36.25 136.75
17.25 34.25 139.75
17.25 28.25 148.75
16.25 29.75 148.25
16.25 30.75 149.75
16.25 27.75 151.25
27.25 3.25 153.75
26.25 1.75 152.75
24.75 -0.75 99.75
26.75 -3.75 98.75
25.75 -3.25 98.25
16.25 16.75 173.25
26.25 1.75 167.25
26.25 0.75 167.75
27.25 3.25 166.25
25.75 -2.25 100.25
25.75 -3.25 100.75
24.75 -0.75 101.25
27.75 -4.25 103.75
26.75 -3.75 100.25
16.75 17.25 173.25
15.75 16.75 170.25
25.75 0.75 167.75
15.75 17.75 170.75
26.75 2.25 166.25
26.25 -3.75 101.75
25.25 -2.25 101.75
16.25 31.75 145.75
17.25 30.25 145.25
17.25 32.25 142.25
16.25 33.75 142.75
26.25 1.75 156.25
27.25 3.25 157.25
25.75 -2.25 109.25
26.75 -3.75 109.25
27.75 -4.25 110.75
27.75 -3.25 167.25
26.75 -2.75 167.75
25.75 -0.25 166.25
25.25 1.25 98.75
25.25 2.25 99.25
16.75 37.25 139.25
16.75 31.25 150.25
16.75 30.25 150.75
27.75 3.75 154.75
26.75 3.25 154.75
25.75 0.75 155.75
27.25 -4.25 98.25
25.75 -0.25 167.25
27.75 -3.25 166.25
26.75 -2.75 166.75
25.25 2.25 100.25
25.25 1.25 101.75
26.25 3.75 100.25
27.25 4.25 103.75
25.75 -0.25 152.75
26.75 -2.75 153.25
25.75 -1.25 152.25
25.25 1.25 99.25
25.25 2.25 98.75
26.25 3.75 98.75
26.25 -2.25 153.25
25.75 3.25 98.25
26.75 3.75 98.75
24.75 0.75 99.75
16.75 36.25 136.75
16.75 35.25 139.25
16.75 38.25 137.75
16.75 37.25 136.25
16.75 34.25 139.75
16.75 28.25 148.75
16.75 29.25 148.25
16.75 31.25 149.25
16.75 26.25 151.75
16.75 27.25 151.25
25.75 1.75 152.25
27.75 3.75 153.75
26.75 3.25 153.75
25.75 0.75 152.75
25.25 -2.25 98.75
25.25 -1.25 99.25
17.25 34.25 138.75
17.25 39.25 136.25
17.25 35.25 138.25
16.25 36.75 137.75
16.25 37.75 137.25
16.25 31.75 148.25
16.25 30.75 148.75
26.25 2.75 152.25
17.25 27.25 150.25
16.25 29.75 149.25
17.25 26.25 150.75
16.25 28.75 149.75
27.25 3.25 152.75
26.25 1.75 153.75
26.75 -3.75 99.75
25.75 -3.25 99.25
24.75 -0.75 98.75
25.75 -2.25 99.75
27.25 2.75 166.75
26.25 1.25 167.25
26.25 2.25 166.75
24.75 -0.25 101.75
27.25 -3.25 167.25
26.25 -1.75 166.25
24.75 1.25 98.75
25.75 2.75 99.25
27.75 -3.25 155.75
25.75 -0.25 154.75
25.75 -1.25 154.25
26.75 -2.75 155.25
27.25 4.25 99.25
27.75 -3.25 167.75
26.75 -2.75 167.25
25.75 -0.25 166.75
26.25 3.75 100.75
25.25 1.25 101.25
27.25 4.25 103.25
25.25 2.25 100.75
26.25 -2.25 154.75
27.75 4.25 99.75
27.25 3.25 165.25
26.25 1.75 164.25
25.75 -3.25 101.75
25.75 -2.25 101.25
24.75 -0.75 100.25
26.75 -3.75 101.25
17.25 43.25 125.75
27.75 -3.25 159.25
25.75 -0.25 158.25
25.75 -1.25 158.75
26.75 -2.75 159.75
25.25 2.25 107.25
25.25 1.25 106.75
27.25 4.25 104.75
26.25 3.75 107.25
25.25 0.25 106.25
26.25 -2.25 152.75
26.75 3.75 98.25
16.25 16.25 168.25
27.25 2.75 163.75
26.25 2.25 163.75
26.25 1.25 162.25
25.75 -2.75 103.75
24.75 -0.25 102.75
16.75 41.25 129.25
16.75 43.25 128.25
16.75 42.25 128.75
16.75 39.25 134.25
16.75 37.25 135.25
16.75 38.25 134.75
16.75 27.25 152.25
16.75 26.25 152.75
16.75 25.25 153.25
16.75 21.25 159.25
16.75 22.25 158.75
15.75 24.75 158.25
25.75 0.75 151.75
27.75 3.75 150.75
27.25 -4.25 118.25
25.25 -1.25 116.25
25.25 -0.25 116.75
26.25 -2.75 117.25
16.75 28.25 150.75
16.75 30.25 151.75
25.75 1.75 154.25
27.75 3.75 155.75
25.75 0.75 154.75
27.25 -4.25 99.25
26.25 1.75 166.25
27.25 3.25 167.25
25.75 -3.25 99.75
25.75 -2.25 99.25
26.75 -3.75 99.25
25.75 -0.75 164.75
26.25 3.25 101.25
25.25 1.75 100.75
17.25 35.75 141.75
16.25 34.25 141.25
16.25 30.25 147.25
16.25 31.25 147.75
16.25 35.25 141.75
26.25 1.25 158.25
27.25 2.75 159.75
26.25 2.25 159.75
26.75 -4.25 104.25
25.75 -2.75 107.75
27.75 -4.75 104.25
16.75 37.75 136.25
16.75 35.75 139.25
16.75 36.75 136.75
16.75 34.75 139.75
16.75 31.75 149.25
16.75 28.75 148.75
16.75 29.75 148.25
16.75 27.75 151.25
16.75 30.75 149.75
16.75 26.75 151.75
26.75 2.75 153.25
25.75 0.25 152.75
25.75 1.25 152.25
25.25 -1.75 99.25
26.25 -3.25 98.75
16.25 16.25 173.75
27.25 2.75 166.25
26.25 1.25 167.75
26.25 2.25 166.25
24.75 -0.25 101.25
25.75 -2.75 100.25
26.25 -2.75 152.25
26.25 -1.75 153.75
27.25 -3.25 152.75
24.75 0.25 98.75
25.75 2.75 99.75
26.25 -2.25 152.25
26.75 3.75 99.75
25.75 2.25 99.75
24.75 0.75 98.75
25.75 3.25 99.25
26.75 2.25 166.75
15.75 16.75 170.75
15.75 17.75 170.25
25.75 0.75 167.25
25.25 -1.25 101.75
26.25 -3.75 100.25
27.25 -4.25 103.75
25.75 -0.75 153.75
27.75 -3.75 152.75
25.25 1.75 99.75
26.25 3.25 98.25
16.75 16.75 173.75
15.75 16.25 170.25
15.75 17.25 170.75
25.75 0.25 167.75
27.75 3.25 166.75
26.75 2.75 166.25
25.25 -1.75 100.25
26.25 -3.25 101.75
16.25 16.25 174.75
27.25 2.75 165.25
26.25 2.25 165.25
26.25 1.25 164.75
26.75 -4.25 102.75
25.75 -2.75 101.25
24.75 -0.25 100.25
26.25 -1.75 152.75
27.25 -3.25 153.75
24.75 0.25 99.75
25.75 2.75 98.75
27.75 -3.75 163.25
26.75 -2.25 163.75
25.75 -0.75 162.25
26.25 3.25 103.75
25.25 1.75 102.25
25.25 0.75 102.75
26.25 -1.75 165.25
27.25 -3.25 164.25
26.75 4.25 101.75
25.75 2.75 102.25
24.75 0.25 103.25
25.75 -0.75 165.75
26.25 3.25 102.25
25.25 0.75 103.25
27.25 -2.75 165.75
26.25 -2.25 165.75
26.25 -1.25 164.25
25.75 2.25 101.25
27.75 4.25 102.75
24.75 0.75 100.25
26.75 3.75 101.25
16.75 31.75 147.75
16.75 33.75 140.75
16.75 29.75 146.75
16.75 35.75 141.75
25.75 0.25 158.25
27.75 3.25 159.25
25.75 1.25 158.75
26.75 2.75 159.75
26.25 -3.25 107.25
25.25 -0.75 106.25
16.25 16.75 172.75
16.25 17.75 172.25
26.25 1.75 166.75
27.25 3.25 167.75
26.75 -3.75 100.75
24.75 -0.75 101.75
27.75 -4.25 103.25
25.75 -3.25 100.25
25.75 -2.25 100.75
15.75 16.25 169.25
27.75 3.25 165.75
15.75 19.25 168.75
25.75 0.25 164.75
15.75 18.25 168.25
15.75 17.25 169.75
26.75 2.75 165.25
25.25 -0.75 103.75
26.25 -3.25 102.75
25.25 -1.75 103.25
15.75 16.75 169.25
15.75 17.75 169.75
15.75 18.75 168.25
26.75 2.25 165.25
25.75 0.75 164.75
26.25 -3.75 102.75
25.25 -2.25 102.75
27.25 -4.25 101.25
27.25 2.75 164.75
26.25 2.25 164.75
26.25 1.25 165.25
25.75 -2.75 102.75
24.75 -0.25 103.75
26.75 -4.25 101.25
26.75 -2.25 164.75
25.75 -0.75 165.25
26.25 3.25 102.75
25.25 1.75 103.25
25.25 0.75 103.75
15.75 18.25 169.75
27.75 3.25 164.25
26.75 2.75 164.75
25.75 0.25 165.25
25.25 -0.75 103.25
25.25 -1.75 103.75
26.25 -3.25 102.25
26.25 -1.75 164.75
27.25 -3.25 165.75
25.75 2.75 102.75
24.75 0.25 103.75
26.75 4.25 101.25
25.75 -0.75 150.75
25.75 -1.75 150.25
27.75 -3.75 151.75
26.25 3.25 115.25
27.25 3.75 115.25
25.25 0.75 114.25
25.25 1.75 114.75
17.25 14.75 167.75
26.25 2.25 163.25
17.25 15.75 167.25
16.25 17.25 168.25
16.25 16.25 168.75
27.25 2.75 163.25
26.25 1.25 162.75
25.75 -2.75 103.25
26.75 -4.25 100.75
25.75 -0.25 165.75
27.75 -3.25 164.75
26.75 -2.75 164.25
25.25 1.25 102.25
27.25 4.25 100.25
25.25 2.25 103.75
26.25 1.75 165.75
27.25 3.25 164.75
24.75 -0.75 102.75
27.75 -4.25 100.25
26.75 -3.75 103.75
25.75 -2.25 103.75
25.75 -3.25 103.25
26.75 -2.25 163.25
25.75 -0.75 162.75
26.25 3.25 103.25
25.25 1.75 102.75
26.25 -2.25 166.75
26.25 -1.25 167.25
26.75 3.75 100.25
27.75 4.25 103.75
24.75 0.75 101.25
25.75 -1.25 151.25
25.75 -0.25 151.75
26.75 -2.75 150.25
27.25 4.25 118.25
25.25 1.25 116.25
25.25 0.25 116.75
26.25 2.75 117.25
16.75 43.75 125.75
16.75 44.75 126.25
26.25 -1.25 158.25
26.25 -2.25 159.75
27.75 4.25 104.75
25.75 2.25 107.25
16.75 40.75 129.75
16.75 36.75 135.75
16.75 42.75 128.75
16.75 43.75 128.25
16.75 41.75 129.25
16.75 37.75 135.25
16.75 38.75 134.75
16.75 39.75 134.25
16.75 26.75 152.75
16.75 22.75 158.75
16.75 20.75 159.75
15.75 24.25 158.25
16.75 21.75 159.25
16.75 24.75 153.75
16.75 25.75 153.25
25.75 0.25 151.75
25.75 1.25 151.25
26.75 2.75 150.25
25.25 -0.75 116.75
27.25 -3.75 117.75
25.25 -1.75 116.25
26.25 -3.25 117.75
25.75 -0.25 151.25
25.75 -1.25 151.75
26.75 -2.75 150.75
27.25 4.25 119.75
25.25 1.25 117.75
25.25 0.25 117.25
26.25 2.75 116.75
15.75 18.75 169.25
15.75 17.75 168.75
25.75 0.75 165.75
26.75 2.25 164.25
25.25 -2.25 103.75
26.25 -3.75 103.75
27.25 -4.25 100.25
25.25 -1.25 102.25
25.75 -1.25 162.75
27.75 -3.25 163.25
26.75 -2.75 163.75
25.75 -0.25 162.25
25.25 2.25 103.25
27.25 4.25 100.75
25.25 1.25 102.75
26.25 3.75 103.25
27.25 3.25 165.75
26.25 1.75 164.75
24.75 -0.75 103.75
26.75 -3.75 102.75
25.75 -3.25 102.25
27.75 -4.25 101.25
25.75 -2.25 102.75
15.75 16.75 171.25
26.75 2.25 167.25
25.75 0.75 166.75
25.25 -2.25 100.75
26.25 -3.75 100.75
27.25 -4.25 103.25
25.25 -1.25 101.25
16.25 16.75 173.75
26.25 1.75 167.75
26.25 0.75 167.25
27.25 3.25 166.75
24.75 -0.75 100.75
25.75 -2.25 101.75
27.75 -4.25 102.25
26.75 -3.75 101.75
16.25 18.75 169.25
16.25 16.75 168.25
17.25 15.25 167.75
27.25 3.25 163.25
26.25 1.75 162.25
26.75 -3.75 103.25
27.25 -2.75 165.25
26.25 -2.25 165.25
26.25 -1.25 164.75
25.75 2.25 102.75
26.75 3.75 102.75
27.75 4.25 101.25
25.75 -0.25 164.75
26.75 -2.75 165.25
25.25 1.25 103.25
27.25 4.25 101.25
26.25 3.75 102.75
26.25 -2.25 163.75
26.25 -1.25 162.25
27.75 4.25 100.75
26.75 3.75 103.25
25.75 2.25 103.25
17.25 40.75 133.75
17.25 23.75 154.25
16.25 24.25 157.75
16.25 27.25 156.25
16.25 26.25 156.75
26.25 2.25 146.25
27.25 3.75 146.75
24.75 -0.25 105.25
25.75 -2.75 104.25
16.25 34.75 141.25
17.25 33.25 140.75
16.25 30.75 147.25
17.25 29.25 146.75
16.25 31.75 147.75
27.25 3.25 159.25
26.25 1.75 158.25
27.75 -4.25 104.75
26.75 -3.75 107.25
25.75 -2.25 107.25
16.75 34.25 140.25
16.75 30.25 146.25
16.75 29.25 147.75
16.75 33.25 141.75
26.75 2.25 158.75
25.75 0.75 159.25
25.25 -1.25 109.75
27.25 -4.25 111.75
25.25 -0.25 109.25
25.25 -2.25 108.25
26.25 -3.75 108.25
26.25 -2.75 108.75
16.75 35.25 140.25
16.75 34.25 140.75
16.75 33.25 141.25
16.75 30.25 146.75
16.75 29.25 147.25
27.75 3.75 158.75
25.75 0.75 159.75
26.25 -2.75 109.25
27.25 -4.25 110.25
25.25 -1.25 108.25
25.25 -0.25 108.75
16.25 35.25 140.75
17.25 32.75 141.25
16.25 31.25 146.75
17.25 28.75 147.25
26.25 2.25 158.75
26.25 1.25 159.25
25.75 -2.75 108.75
16.75 35.25 143.25
16.75 36.25 140.75
16.75 34.25 143.75
16.75 32.25 142.75
16.75 30.25 145.75
16.75 31.25 145.25
16.75 33.25 142.25
27.75 3.75 157.75
25.75 0.75 156.75
26.25 -2.75 110.25
25.25 -1.25 111.25
25.25 -0.25 111.75
27.25 -4.25 109.25
17.25 34.75 143.75
16.25 34.25 143.75
26.25 1.25 156.75
26.25 2.25 157.25
25.75 -2.75 109.25
27.75 3.75 159.75
25.75 0.75 158.75
25.25 -0.25 109.75
26.25 -3.75 108.75
27.25 -4.25 111.25
25.25 -2.25 108.75
25.25 -1.25 109.25
16.25 32.75 143.25
17.25 36.25 141.25
16.25 31.75 144.75
16.25 33.75 143.75
16.25 34.75 142.25
26.25 1.75 157.25
27.25 3.25 156.25
25.75 -2.25 110.25
26.75 -3.75 110.25
27.75 -4.25 109.75
16.75 35.75 137.75
16.75 37.75 138.75
16.75 27.75 149.75
26.75 2.75 155.75
25.75 0.25 154.25
25.75 1.25 154.75
25.25 -0.75 110.25
26.25 -3.25 111.25
27.25 -3.75 111.25
17.25 35.25 143.25
17.25 30.25 145.75
16.25 33.75 142.25
16.25 31.75 145.25
17.25 32.25 142.75
27.25 3.25 157.75
26.25 1.75 156.75
25.75 -2.25 110.75
26.75 -3.75 110.75
27.75 -4.25 109.25
16.75 31.75 145.25
16.75 33.75 142.25
16.75 32.75 142.75
16.75 30.75 145.75
16.75 34.75 143.75
25.75 1.25 156.25
27.75 3.25 157.75
26.75 2.75 157.25
25.75 0.25 156.75
27.25 -3.75 110.75
25.25 -1.75 111.25
25.25 -0.75 111.75
26.25 -3.25 110.75
26.25 -2.25 150.25
25.75 2.25 117.75
26.75 3.75 117.75
27.75 4.25 118.25
16.25 17.25 172.25
26.25 2.25 167.25
27.25 2.75 167.25
26.25 1.25 166.75
25.75 -2.75 99.25
16.75 16.25 175.25
15.75 16.75 168.75
15.75 18.75 169.75
15.75 17.75 168.25
26.75 2.25 164.75
25.75 0.75 165.25
25.25 -2.25 102.25
25.25 -1.25 103.75
27.25 -4.25 101.75
26.25 -3.75 102.25
26.25 2.25 164.25
26.25 1.25 165.75
27.25 2.75 164.25
26.75 -4.25 101.75
24.75 -0.25 103.25
25.75 -2.75 102.25
17.25 44.75 126.75
17.25 43.75 125.25
26.75 -2.25 159.75
25.75 -0.75 158.25
27.75 -3.75 159.25
25.25 0.75 106.75
25.25 1.75 106.25
26.25 3.25 107.75
26.25 -2.25 157.75
25.75 2.25 109.25
26.75 3.75 109.25
27.75 4.25 110.75
16.75 46.25 122.25
16.75 45.25 123.75
26.25 -1.75 157.25
27.25 -3.25 156.25
25.75 2.75 110.25
16.75 36.25 137.25
16.75 35.25 138.75
16.75 31.25 148.75
16.75 27.25 150.75
16.75 28.25 149.25
25.75 1.75 153.75
27.75 3.75 152.25
25.75 0.75 153.25
27.25 -4.25 97.75
26.25 -3.75 98.25
16.25 38.25 136.75
17.25 38.75 136.75
16.25 37.25 137.25
17.25 34.75 138.75
17.25 25.75 151.25
16.25 30.25 148.75
16.25 31.25 148.25
17.25 26.75 150.75
16.25 29.25 149.25
26.25 2.25 152.25
25.75 -2.75 98.25
26.75 -4.25 97.75
27.25 -3.25 153.25
26.25 -1.75 152.25
26.75 4.25 98.75
26.25 -2.25 154.25
27.75 4.25 98.25
16.25 17.25 172.75
27.25 2.75 167.75
26.25 1.25 166.25
25.75 -2.75 99.75
24.75 -0.25 98.75
25.75 -0.75 166.25
26.75 -2.25 167.75
26.25 3.25 99.75
27.25 -3.25 163.25
26.25 -1.75 162.25
26.75 4.25 100.75
25.75 -0.75 167.25
26.75 -2.25 166.75
25.25 1.75 101.25
25.25 0.75 101.75
25.75 -0.25 165.25
26.75 -2.75 164.75
26.25 3.75 102.25
25.25 2.25 102.25
27.25 4.25 101.75
25.25 1.25 103.75
16.25 35.25 141.25
17.25 33.75 140.25
16.25 30.25 147.75
17.25 29.75 146.25
16.25 34.25 141.75
16.25 31.25 147.25
26.25 2.25 159.25
24.75 -0.25 106.25
25.75 -2.75 107.25
16.75 35.25 141.75
16.75 34.25 141.25
16.75 30.25 147.25
27.75 3.75 159.25
26.75 2.25 159.75
25.75 0.75 158.25
25.25 -1.25 106.75
27.25 -4.25 104.75
25.25 -0.25 106.25
25.25 -2.25 107.25
16.75 45.75 123.75
26.25 -2.25 156.75
26.75 3.75 110.25
25.75 2.25 110.25
27.75 4.25 109.75
26.25 -1.75 159.75
27.25 -3.25 158.75
25.75 2.75 109.75
16.25 36.75 138.25
17.25 35.25 137.75
17.25 30.25 151.25
17.25 27.25 149.75
16.25 29.75 150.75
16.25 28.75 150.25
26.25 1.75 154.25
27.25 3.25 155.25
25.75 -2.25 111.25
26.75 -3.75 111.25
26.75 -2.25 156.25
27.75 -3.75 156.75
25.75 -0.75 157.75
25.25 0.75 111.25
27.25 3.75 110.25
25.25 1.75 111.75
26.25 3.25 110.25
16.75 19.25 169.75
16.75 15.25 167.75
26.75 2.25 163.75
25.75 0.75 162.25
27.25 -4.25 100.75
26.25 -3.75 103.25
25.25 -1.25 102.75
16.75 45.25 123.25
16.75 46.25 122.75
27.25 -3.25 157.75
26.25 -1.75 156.75
25.75 2.75 110.75
25.75 -0.25 150.75
25.75 -1.25 150.25
26.75 -2.75 151.25
27.25 4.25 119.25
25.25 0.25 117.75
26.25 2.75 116.25
25.25 1.25 117.25
27.25 -3.25 154.75
26.25 -1.75 155.75
27.75 4.75 98.25
26.75 4.25 98.25
27.25 -2.75 166.25
26.25 -1.25 167.75
26.25 -2.25 166.25
25.75 2.25 101.75
16.25 36.25 139.75
17.25 30.75 150.75
16.25 30.25 150.75
16.25 28.25 151.75
16.25 29.25 151.25
26.25 2.25 154.25
26.75 -4.25 99.75
15.75 18.25 169.25
25.75 0.25 165.75
15.75 17.25 168.75
27.75 3.25 164.75
26.75 2.75 164.25
26.25 -3.25 103.75
25.25 -1.75 102.25
16.75 15.75 167.75
26.75 2.75 163.75
25.75 0.25 162.25
25.25 -1.75 102.75
26.25 -3.25 103.25
27.25 -3.25 142.25
26.25 -2.75 142.75
25.75 1.75 125.75
26.75 3.25 124.25
25.75 2.75 124.25
27.25 -3.25 148.25
26.25 -2.75 148.75
25.75 1.75 119.75
25.75 2.75 118.25
26.75 3.25 118.25
17.25 32.25 147.75
25.75 -2.25 123.75
26.75 -3.75 123.75
27.75 -4.25 120.25
26.25 2.75 128.25
25.25 0.25 129.75
25.25 1.25 129.25
25.75 -2.25 122.25
27.75 -4.25 121.75
26.75 -3.75 122.25
26.25 2.75 128.75
25.25 0.25 129.25
25.75 2.25 122.25
27.75 4.25 121.75
26.75 3.75 122.25
26.25 -3.25 128.25
27.25 -3.75 128.25
25.25 -0.75 129.25
25.75 1.75 122.25
26.75 3.25 123.75
25.75 2.75 123.75
26.25 -2.75 128.25
25.25 -0.25 129.75
25.25 -1.25 129.25
16.75 32.25 147.25
25.25 -0.25 123.25
25.25 -1.25 123.75
26.25 -2.75 122.75
26.75 3.25 128.25
25.75 1.75 129.75
27.75 3.75 128.25
16.75 33.25 146.75
25.25 -0.25 120.25
26.25 -2.75 121.75
25.25 -1.25 120.75
25.75 1.75 128.75
26.75 3.25 129.25
27.75 3.75 129.25
17.25 32.75 147.25
16.25 32.25 147.25
26.75 -3.25 122.75
25.75 -1.75 123.25
25.75 -2.75 122.75
27.25 3.75 128.25
25.25 0.75 129.25
26.25 3.25 128.25
27.75 4.25 122.75
25.75 2.25 121.25
26.75 3.75 121.25
27.25 -3.75 129.25
26.25 -2.25 129.75
25.25 -0.75 128.25
26.25 -3.25 129.25
16.25 32.25 146.25
26.75 -3.25 121.75
25.75 -1.75 120.25
25.75 -2.75 121.75
27.25 3.75 129.25
25.25 0.75 128.25
26.25 2.25 129.75
26.25 3.25 129.25
27.25 3.75 121.25
25.25 0.75 120.25
26.25 3.25 121.25
25.25 1.75 120.75
25.75 -1.75 128.25
26.75 -3.25 129.75
27.75 -3.75 129.75
25.25 0.25 123.75
26.25 2.75 122.25
25.25 1.25 123.25
27.25 4.25 121.25
25.75 -1.25 128.25
25.75 -2.25 129.75
16.75 32.75 146.75
26.25 -3.25 122.75
25.25 -0.75 123.75
27.25 -3.75 122.75
25.25 -1.75 123.25
25.75 1.25 128.25
27.75 4.25 130.25
25.75 2.25 129.75
25.75 1.75 123.75
25.75 2.75 122.25
26.75 3.25 122.25
26.25 -2.75 128.75
25.25 -0.25 129.25
25.25 -1.25 129.75
26.25 3.25 121.75
27.25 3.75 121.75
25.25 0.75 120.75
25.25 1.75 120.25
25.75 -1.75 128.75
26.75 -3.25 129.25
27.75 -3.75 129.25
16.75 32.25 147.75
26.25 -2.75 123.25
25.25 -0.25 122.75
25.25 -1.25 122.25
27.25 -4.25 120.25
26.75 3.25 128.75
25.75 1.75 129.25
27.75 3.75 128.75
25.25 -0.75 122.75
25.25 -1.75 122.25
26.25 -3.25 123.75
27.25 -3.75 123.75
25.75 1.25 129.25
25.75 2.25 128.75
27.75 4.25 131.25
26.75 3.75 128.75
27.25 3.75 120.75
25.25 1.75 121.25
25.25 0.75 121.75
26.25 3.25 120.75
26.75 -3.25 130.25
27.75 -3.75 130.25
25.75 -1.75 131.75
26.75 3.25 121.75
25.75 2.75 121.75
25.75 1.75 120.25
26.25 -2.75 130.25
25.25 -0.25 131.75
25.75 2.25 123.75
26.75 3.75 123.75
27.75 4.25 120.25
25.25 -0.75 129.75
27.25 -3.75 128.75
26.25 -3.25 128.75
26.25 -2.25 128.25
17.25 32.75 147.75
25.75 -1.75 123.75
25.75 -2.75 122.25
26.75 -3.25 122.25
25.25 0.75 129.75
27.25 3.75 128.75
26.25 3.25 128.75
16.75 33.25 145.75
16.75 34.25 144.25
25.25 -0.25 121.25
25.25 -1.25 121.75
26.25 -2.75 120.75
26.75 3.25 130.25
25.75 1.75 131.75
27.75 3.75 130.25
17.25 34.75 144.25
17.25 33.75 145.75
16.25 33.25 145.75
17.25 31.75 142.75
16.25 32.25 145.25
26.75 -3.25 120.75
25.75 -1.75 121.25
27.25 3.75 130.25
25.25 0.75 131.25
26.25 2.25 130.75
16.25 32.75 144.75
16.25 33.75 144.25
26.75 -3.75 120.75
27.75 -4.25 123.25
25.75 -2.25 120.75
26.25 2.75 131.25
25.25 0.25 130.75
17.25 33.75 145.25
16.25 32.25 145.75
16.25 33.25 145.25
25.75 -1.75 121.75
26.75 -3.25 120.25
25.75 -2.75 120.25
27.25 3.75 130.75
25.25 0.75 131.75
26.25 2.25 130.25
16.75 31.75 143.25
25.25 -0.75 121.75
26.25 -3.25 120.75
25.25 -1.75 121.25
27.25 -3.75 120.75
27.75 4.25 128.25
25.75 1.25 130.25
25.75 2.25 131.75
25.25 0.75 123.25
27.25 3.75 122.25
26.25 3.25 122.25
26.75 -3.25 128.75
25.75 -1.75 129.25
27.75 -3.75 128.75
25.25 0.25 122.75
25.25 1.25 122.25
26.25 2.75 123.25
27.25 4.25 120.25
25.75 -2.25 128.75
25.75 -1.25 129.25
26.75 -3.75 128.75
27.75 -4.25 131.25
17.25 33.25 146.75
16.25 32.75 146.25
27.75 -4.25 122.75
25.75 -2.25 121.25
26.75 -3.75 121.25
25.25 0.25 128.25
26.25 2.75 129.75
25.25 1.25 128.75
27.25 3.25 129.25
16.75 32.75 147.25
25.25 -0.75 123.25
27.25 -3.75 122.25
26.25 -3.25 122.25
25.75 2.25 128.25
25.75 1.25 129.75
26.75 3.75 128.25
25.25 0.25 120.25
25.25 1.25 120.75
26.25 2.75 121.75
25.75 -2.25 129.25
25.75 -1.25 128.75
26.75 -3.75 129.25
17.25 33.25 146.25
16.25 32.75 146.75
25.75 -2.25 122.75
27.75 -4.25 121.25
26.75 -3.75 122.75
25.25 0.25 128.75
26.25 2.75 129.25
25.75 2.25 122.75
27.75 4.25 121.25
26.75 3.75 122.75
27.25 -3.75 129.75
25.25 -0.75 128.75
26.25 -2.25 129.25
26.25 -3.25 129.75
26.75 3.25 121.25
25.75 1.75 120.75
25.75 2.75 121.25
26.25 -2.75 129.75
25.25 -1.25 128.75
25.25 -0.25 128.25
25.25 0.25 123.25
26.25 2.75 122.75
25.25 1.25 123.75
27.25 4.25 121.75
25.75 -1.25 129.75
25.75 -2.25 128.25
26.75 -3.75 128.25
27.75 -4.25 131.75
16.25 32.25 146.75
26.75 -3.25 121.25
25.75 -1.75 120.75
25.75 -2.75 121.25
27.25 3.75 129.75
25.25 0.75 128.75
26.25 2.25 129.25
16.25 32.75 145.75
17.25 34.25 144.75
25.75 -2.25 121.75
26.75 -3.75 121.75
27.75 -4.25 122.25
26.25 2.75 130.25
25.25 0.25 131.75
16.75 33.25 145.25
16.75 34.25 144.75
25.25 -0.25 120.75
26.25 -2.75 121.25
25.25 -1.25 120.25
26.75 3.25 130.75
25.75 1.75 131.25
27.75 3.75 130.75
25.25 0.75 121.25
27.25 3.75 120.25
26.25 3.25 120.25
25.25 1.75 121.75
27.75 -3.75 130.75
26.75 -3.25 130.75
25.75 -1.75 131.25
26.25 2.75 121.25
25.25 0.25 120.75
25.25 1.25 120.25
27.25 4.25 122.25
25.75 -1.25 131.25
25.75 -2.25 130.75
16.75 33.75 145.25
26.25 -3.25 121.75
25.25 -0.75 120.75
25.25 -1.75 120.25
27.25 -3.75 121.75
25.75 1.25 131.25
26.75 3.75 130.75
27.75 4.25 129.25
25.75 2.25 130.75
25.75 2.25 120.75
27.75 4.25 123.25
26.75 3.75 120.75
27.25 -3.75 131.75
25.25 -0.75 130.75
26.25 -2.25 131.25
26.75 3.25 122.75
25.75 1.75 123.25
25.75 2.75 122.75
25.25 -0.25 128.75
26.25 -2.75 129.25
25.25 -1.25 128.25
16.75 32.75 146.25
25.25 -1.75 120.75
25.25 -0.75 120.25
27.25 -3.75 121.25
26.25 -3.25 121.25
25.75 1.25 128.75
25.75 2.25 129.25
27.75 4.25 130.75
26.75 3.75 129.25
25.25 1.25 121.25
26.25 2.75 120.25
25.25 0.25 121.75
25.75 -2.25 131.75
25.75 -1.25 130.25
25.25 0.25 121.25
25.25 1.25 121.75
26.25 2.75 120.75
25.75 -1.25 131.75
26.75 -3.75 130.25
25.75 -2.25 130.25
25.75 2.25 121.75
27.75 4.25 122.25
26.75 3.75 121.75
25.25 -0.75 131.75
27.25 -3.75 130.75
26.25 -2.25 130.25
26.75 3.25 120.25
25.75 2.75 120.25
25.75 1.75 121.75
25.25 -0.25 131.25
26.25 -2.75 130.75
16.75 33.75 145.75
25.25 -0.75 121.25
26.25 -3.25 120.25
27.25 -3.75 120.25
25.25 -1.75 121.75
25.75 1.25 131.75
25.75 2.25 130.25
27.75 4.25 129.75
26.75 3.75 130.25
16.75 32.25 144.75
26.25 -2.75 120.25
25.25 -0.25 121.75
25.25 -1.25 121.25
26.75 3.25 131.75
25.75 1.75 130.25
27.75 3.75 131.75
27.25 -3.75 134.75
25.25 -0.75 135.75
26.25 -2.25 134.25
25.75 1.25 132.25
25.75 2.25 133.75
27.75 4.25 134.25
26.75 3.25 133.25
25.75 1.75 132.75
27.75 3.75 133.25
26.25 -2.75 133.75
25.25 -0.25 132.25
16.75 33.25 146.25
25.25 -1.25 123.25
25.25 -0.25 123.75
26.25 -2.75 122.25
27.25 -4.25 121.25
27.75 3.75 129.75
25.75 1.75 128.25
26.75 3.25 129.75
26.75 3.75 120.25
25.75 2.25 120.25
27.75 4.25 123.75
27.25 -3.75 130.25
25.25 -0.75 131.25
26.25 -2.25 130.75
25.75 1.75 121.25
26.75 3.25 120.75
25.75 2.75 120.75
26.25 -2.75 131.25
25.25 -0.25 130.75
25.25 -1.25 130.25
26.25 2.75 133.75
25.25 0.25 132.25
27.25 3.25 133.25
25.75 -1.25 132.75
25.75 -2.25 133.25
27.75 -4.25 134.75
27.25 -3.75 133.25
25.25 -0.75 132.25
26.25 -2.25 133.75
25.75 1.25 132.75
26.75 3.25 134.25
27.75 3.75 134.25
25.75 1.75 135.75
25.75 0.75 135.25
25.25 -0.25 133.25
26.25 -2.75 132.75
27.25 -3.75 132.25
25.25 -0.75 133.25
26.25 -2.25 132.75
27.75 4.25 133.75
25.75 2.25 134.25
25.75 1.25 135.75
25.25 0.75 132.25
27.25 3.75 133.25
26.25 2.25 133.75
26.75 -3.25 133.75
25.75 -1.75 132.25
26.75 3.25 133.75
25.75 1.75 132.25
27.75 3.75 133.75
26.25 -2.75 134.25
25.25 -0.25 135.75
26.75 -3.25 132.25
27.75 -3.75 132.25
25.75 -1.75 133.75
26.25 2.25 134.25
27.25 3.75 134.75
25.25 0.75 135.75
25.75 -1.25 132.25
25.75 -2.25 133.75
27.75 -4.25 134.25
26.75 -2.75 133.25
26.25 2.75 134.25
27.25 3.25 134.75
25.25 0.25 135.75
26.25 2.75 133.25
25.25 0.25 132.75
27.25 3.25 133.75
25.75 -2.25 134.75
25.75 -1.25 135.25
27.75 -4.25 133.25
17.25 34.25 145.25
16.25 33.75 144.75
16.25 32.75 144.25
17.25 31.25 143.75
25.25 0.25 130.25
26.25 2.75 131.75
25.75 -1.25 134.75
27.75 -4.25 132.75
25.75 -2.25 135.25
26.75 -2.75 135.75
25.75 1.25 133.25
25.75 2.25 132.75
25.25 -0.75 134.75
27.25 -3.75 135.75
26.25 -2.25 135.25
25.75 -1.75 130.75
26.75 -3.25 131.25
27.75 -3.75 131.25
25.25 0.75 134.75
27.25 3.75 135.75
26.25 2.25 135.25
16.25 32.25 144.75
16.25 33.25 144.25
17.25 31.75 143.25
27.25 3.75 131.75
25.25 0.75 130.75
26.25 2.25 131.25
26.75 -3.25 135.25
25.75 -1.75 134.75
16.75 32.25 148.25
25.25 -0.25 130.25
26.25 -2.75 131.75
26.75 3.25 135.25
25.75 1.75 134.75
25.75 0.75 134.25
25.75 -1.75 130.25
26.75 -3.25 131.75
27.75 -3.75 131.75
27.25 3.75 135.25
25.25 0.75 134.25
26.25 2.25 135.75
25.25 0.75 123.75
27.25 3.75 122.75
26.25 3.25 122.75
25.25 1.75 123.25
25.75 -1.75 129.75
27.75 -3.75 128.25
26.75 -3.25 128.25
17.25 34.25 144.25
16.25 32.75 145.25
27.75 -4.25 123.75
25.75 -2.25 120.25
26.75 -3.75 120.25
25.25 0.25 131.25
26.25 2.75 130.75
27.25 -3.75 134.25
25.25 -0.75 135.25
25.75 2.25 132.25
25.75 1.25 133.75
25.25 0.75 132.75
27.25 3.75 133.75
26.25 2.25 133.25
26.75 -3.25 133.25
25.75 -1.75 132.75
26.25 2.25 132.75
25.25 0.75 133.25
27.25 3.75 132.25
26.75 -3.25 134.75
25.75 -0.75 135.75
26.75 3.25 132.75
27.75 3.75 132.75
25.75 1.75 133.25
25.75 0.75 133.75
25.25 -0.25 134.75
26.25 -2.75 135.25
27.25 -3.25 135.75
26.75 -3.25 132.75
27.75 -3.75 132.75
25.75 -1.75 133.25
26.25 2.25 134.75
27.25 3.75 134.25
25.25 0.75 135.25
16.75 33.75 144.75
16.75 31.75 143.75
27.75 4.25 128.75
25.75 1.25 130.75
25.75 2.25 131.25
25.25 -0.75 134.25
27.25 -3.75 135.25
26.25 2.75 132.25
25.25 0.25 133.75
27.25 3.25 132.75
25.75 -1.25 134.25
27.75 -4.25 132.25
25.75 -2.25 135.75
27.25 -3.75 132.75
25.25 -0.75 133.75
26.25 -2.25 132.25
25.75 1.25 134.25
26.75 2.75 135.25
27.75 4.25 132.25
25.75 -1.25 133.25
25.75 -2.25 132.75
27.75 -4.25 135.25
26.25 2.75 135.25
25.25 0.25 134.75
26.25 -2.75 133.25
25.25 -0.25 132.75
25.25 -1.25 132.25
26.75 3.25 134.75
27.75 3.75 134.75
25.75 1.75 135.25
25.75 0.75 135.75
27.75 -4.25 133.75
25.75 -2.25 134.25
26.75 -2.75 134.75
25.75 -1.25 135.75
25.25 0.25 133.25
26.25 2.75 132.75
27.25 -3.75 131.25
25.25 -0.75 130.25
26.25 -2.25 131.75
26.25 -3.25 131.25
25.75 1.25 134.75
27.75 4.25 132.75
26.75 2.75 135.75
27.25 3.75 132.75
25.25 0.75 133.75
26.25 2.25 132.25
26.75 -3.25 134.25
25.75 -0.75 135.25
25.25 -0.25 133.75
26.25 -2.75 132.25
25.75 1.75 134.25
25.75 0.75 134.75
27.75 3.75 135.75
26.75 3.25 135.75
25.75 -2.25 132.25
25.75 -1.25 133.75
26.25 2.75 134.75
25.25 0.25 135.25
16.25 32.25 144.25
16.25 33.25 144.75
25.25 0.75 130.25
27.25 3.75 131.25
26.25 2.25 131.75
25.75 -0.75 134.75
26.75 -3.25 135.75
25.75 -1.75 134.25
17.25 32.25 148.25
25.75 -1.25 130.75
25.75 -2.25 131.25
26.75 -3.75 131.25
27.25 3.25 135.25
26.25 2.75 135.75
25.25 0.25 134.25
25.25 -0.75 132.75
27.25 -3.75 133.75
25.75 2.25 134.75
27.75 4.25 133.25
25.75 1.25 135.25
16.75 31.25 143.75
16.75 32.25 144.25
25.75 1.75 130.75
26.75 3.25 131.25
27.75 3.75 131.25
27.25 -3.25 135.25
25.25 -0.25 134.25
26.25 -2.75 135.75
26.75 3.25 132.25
27.75 3.75 132.25
25.75 1.75 133.75
26.25 -2.75 134.75
25.25 -0.25 135.25
27.25 3.75 114.75
25.25 1.75 115.25
25.25 0.75 115.75
26.25 3.25 114.75
26.75 -3.25 136.25
25.75 -0.75 137.25
25.75 -1.75 137.75
25.25 -1.25 115.75
27.25 -4.25 113.75
25.25 -0.25 115.25
26.25 -2.75 114.75
26.75 3.25 136.25
25.75 0.75 137.25
25.75 1.75 137.75
25.75 -2.75 114.75
27.25 3.75 136.25
26.25 2.25 136.75
25.25 1.25 115.75
25.25 0.25 115.25
26.25 2.75 114.75
27.25 4.25 113.75
25.75 -2.25 136.25
25.75 -1.25 137.75
27.75 4.25 112.25
25.75 2.25 115.75
26.75 3.75 115.75
27.25 -3.75 136.75
25.25 -0.75 137.75
26.25 -2.25 136.25
26.25 -2.75 113.75
27.25 -4.25 114.75
25.25 -1.25 112.75
25.25 -0.25 112.25
25.75 1.75 136.75
25.75 0.75 136.25
26.75 3.25 137.25
27.25 -3.75 114.25
25.25 -1.75 115.75
25.25 -0.75 115.25
26.25 -3.25 114.25
26.75 2.75 136.75
25.75 1.25 137.75
26.75 -3.25 113.75
25.75 -2.75 113.75
27.25 3.75 137.25
26.25 2.25 137.75
26.75 3.25 115.75
25.75 2.75 115.75
25.75 1.75 114.25
26.25 -2.75 136.25
25.25 -0.25 137.75
27.25 -3.25 136.75
26.75 3.25 113.25
25.75 2.75 113.25
25.25 -0.25 136.25
26.25 -2.75 137.75
25.75 -2.75 114.25
26.75 -3.25 114.25
26.25 2.25 136.25
27.25 3.75 136.75
25.75 2.25 114.25
27.75 4.25 113.75
26.75 3.75 114.25
26.25 -2.25 136.75
27.25 -3.75 136.25
25.25 -0.75 137.25
25.25 -1.25 114.25
25.25 -0.25 114.75
26.25 -2.75 115.25
27.25 -4.25 112.25
26.75 3.25 136.75
25.75 0.75 137.75
25.75 1.75 137.25
27.75 4.25 113.25
26.75 3.75 114.75
25.75 2.25 114.75
27.25 -3.75 137.75
26.25 -2.25 137.25
25.25 -0.75 136.75
27.25 3.75 113.25
25.25 0.75 112.25
25.25 1.75 112.75
26.25 3.25 113.25
27.75 -3.75 137.75
26.75 -3.25 137.75
25.75 -0.75 136.75
25.75 -1.75 136.25
25.75 1.75 115.75
26.75 3.25 114.25
25.25 -0.25 137.25
26.25 -2.75 136.75
27.25 -3.25 136.25
25.25 -0.75 114.75
25.25 -1.75 114.25
27.25 -3.75 115.75
26.25 -3.25 115.75
25.75 1.25 137.25
26.75 2.75 136.25
26.75 -3.25 113.25
25.75 -2.75 113.25
26.25 2.25 137.25
27.25 3.75 137.75
25.75 2.75 113.75
26.75 3.25 113.75
26.25 -2.75 138.25
27.25 -3.25 138.75
25.25 -0.25 139.75
25.25 2.25 112.25
25.25 1.25 113.75
25.25 0.25 113.25
27.25 4.25 115.75
26.25 2.75 112.75
25.75 -2.25 138.25
25.75 -1.25 139.75
25.25 -0.25 113.25
26.25 -2.75 112.75
27.25 -4.25 115.75
25.25 -1.25 113.75
26.75 3.25 138.25
25.75 0.75 139.25
25.75 1.75 139.75
27.75 3.75 138.25
25.75 -2.75 112.75
27.25 3.75 138.25
26.25 2.25 138.75
25.75 2.25 112.25
26.75 3.75 112.25
27.75 4.25 115.75
26.25 -2.25 138.75
27.25 -3.75 138.25
25.25 0.75 126.75
27.25 3.75 127.75
26.25 2.25 127.25
26.25 3.25 127.75
25.75 -0.75 138.25
25.75 -1.75 138.75
26.75 -3.25 139.25
27.75 -3.75 139.25
26.75 3.25 127.25
27.75 3.75 127.25
25.75 1.75 126.75
25.25 -0.25 138.25
26.25 -2.75 139.75
25.25 -0.25 126.25
26.25 -2.75 127.75
25.25 -1.25 126.75
25.75 0.75 138.25
25.75 1.75 138.75
27.75 3.75 139.25
27.25 -3.75 112.25
25.25 -1.75 113.75
26.25 -3.25 112.25
25.25 -0.75 113.25
25.75 2.25 138.25
26.75 2.75 138.75
25.75 1.25 139.75
25.75 0.25 139.25
27.75 4.25 124.75
25.75 2.25 127.25
25.75 1.25 126.75
26.75 3.75 127.25
27.25 -3.75 139.25
26.25 -2.25 139.75
25.25 1.25 115.25
26.25 2.75 114.25
27.25 4.25 113.25
25.25 0.25 115.75
25.75 -1.25 136.25
25.75 -2.25 137.75
25.25 -1.75 115.25
26.25 -3.25 114.75
25.25 -0.75 115.75
27.25 -3.75 114.75
25.75 1.25 136.25
26.75 2.75 137.25
27.25 -4.25 113.25
25.25 -1.25 115.25
25.25 -0.25 115.75
26.25 -2.75 114.25
25.75 1.75 136.25
25.75 0.75 136.75
26.75 3.25 137.75
25.75 2.25 113.25
26.75 3.75 113.25
27.75 4.25 114.75
27.25 -3.75 137.25
25.25 -0.75 136.25
26.25 -2.25 137.75
26.25 3.25 113.75
25.25 1.75 112.25
25.25 0.75 112.75
27.25 3.75 113.75
26.75 -3.25 137.25
25.75 -1.75 136.75
25.75 -0.75 136.25
25.75 2.75 114.75
25.75 1.75 115.25
26.75 3.25 114.75
25.25 -0.25 136.75
26.25 -2.75 137.25
27.25 -3.25 137.75
25.25 -1.75 112.75
27.25 -3.75 113.25
26.25 -3.25 113.25
25.25 -0.75 112.25
25.75 1.25 136.75
26.75 2.75 137.75
25.25 1.75 115.75
25.25 0.75 115.25
27.25 3.75 114.25
25.75 -1.75 137.25
25.75 -0.75 137.75
26.75 -3.25 136.75
26.75 3.25 112.25
25.75 2.75 112.25
25.75 1.75 113.75
27.25 -3.25 138.25
25.25 -0.25 139.25
26.25 -2.75 138.75
26.75 3.75 112.75
25.75 2.25 112.75
27.75 4.25 115.25
27.25 -3.75 139.75
26.25 -2.25 139.25
27.25 3.75 112.75
25.25 1.75 113.25
25.25 0.75 113.75
26.25 3.25 112.75
25.75 -0.75 139.25
26.75 -3.25 138.25
25.75 -1.75 139.75
25.25 -1.75 112.25
27.25 -3.75 113.75
25.25 -0.75 112.75
26.25 -3.25 113.75
25.75 1.25 139.25
25.75 0.25 139.75
26.75 2.75 138.25
25.25 -0.25 112.75
25.25 -1.25 112.25
27.25 -4.25 114.25
26.25 -2.75 113.25
25.75 1.75 139.25
25.75 0.75 139.75
27.75 3.75 138.75
26.75 3.25 138.75
25.75 -1.75 126.75
26.75 -3.25 127.25
26.25 2.25 139.25
27.25 3.75 139.75
26.75 3.75 126.25
25.75 2.25 126.25
27.75 4.25 125.75
25.75 1.25 127.75
27.25 -3.75 140.25
26.25 -2.25 140.75
26.25 3.25 126.75
27.25 3.75 126.75
25.25 0.75 127.75
26.75 -3.25 140.25
25.75 -1.75 141.75
25.75 -0.75 141.25
27.75 -3.75 140.25
25.75 -1.75 126.25
26.75 -3.25 127.75
27.75 -3.75 127.75
26.25 2.25 139.75
27.25 3.75 139.25
27.25 3.75 125.75
25.25 0.75 124.75
26.25 3.25 125.75
25.75 -0.75 140.25
25.75 -1.75 140.75
26.75 -3.25 141.25
27.75 -3.75 141.25
25.25 -0.25 124.25
26.25 -2.75 125.75
25.25 -1.25 124.75
25.75 0.75 140.25
25.75 1.75 140.75
27.75 3.75 141.25
26.75 3.25 141.25
26.25 -3.25 126.75
27.25 -3.75 126.75
25.25 -0.75 127.75
26.25 -2.25 126.25
25.75 1.25 140.25
26.75 2.75 141.25
25.75 0.25 140.75
27.25 4.25 114.75
25.25 1.25 112.75
25.25 0.25 112.25
26.25 2.75 113.75
25.75 -1.25 136.75
25.75 -2.25 137.25
25.25 -1.75 113.25
25.25 -0.75 113.75
26.25 -3.25 112.75
27.25 -3.75 112.75
25.75 1.25 138.25
26.75 2.75 139.25
25.75 1.75 113.25
25.75 2.75 112.75
26.25 -2.75 139.25
25.25 -0.25 138.75
25.25 0.25 112.75
26.25 2.75 113.25
25.25 1.25 112.25
27.25 4.25 114.25
25.75 -1.25 139.25
25.75 -0.25 139.75
25.75 -2.25 138.75
26.25 3.25 112.25
25.25 1.75 113.75
27.25 3.75 112.25
25.25 0.75 113.25
25.75 -0.75 139.75
26.75 -3.25 138.75
25.75 -1.75 139.25
27.75 -3.75 138.75
27.25 -3.75 127.75
25.25 -0.75 126.75
26.25 -3.25 127.75
25.75 2.25 140.75
26.75 2.75 140.25
25.75 1.25 141.25
25.75 0.25 141.75
27.75 4.25 125.25
26.75 3.75 126.75
25.75 1.25 127.25
25.75 2.25 126.75
27.25 -3.75 141.75
26.25 -2.25 141.25
26.75 3.25 126.75
25.75 1.75 127.25
27.75 3.75 126.75
27.25 -3.25 141.75
26.25 -2.75 141.25
25.25 -0.25 140.75
27.25 3.75 126.25
26.25 2.25 126.75
26.25 3.25 126.25
25.25 0.75 127.25
25.75 -1.75 141.25
25.75 -0.75 141.75
26.75 -3.25 140.75
27.75 -3.75 140.75
25.75 2.25 125.25
26.75 3.75 125.25
27.75 4.25 126.75
26.25 -2.25 141.75
27.25 -3.75 141.25
26.25 2.75 127.25
25.25 0.25 126.75
25.25 1.25 126.25
25.75 -0.25 141.75
25.75 -1.25 141.25
26.75 -2.75 140.25
26.25 -2.75 127.25
25.25 -1.25 126.25
25.25 -0.25 126.75
25.75 0.75 141.75
25.75 1.75 141.25
27.75 3.75 140.75
26.75 3.25 140.75
27.25 -3.75 126.25
26.25 -3.25 126.25
26.25 -2.25 126.75
25.25 -0.75 127.25
25.75 1.25 141.75
26.75 2.75 140.75
25.75 0.25 141.25
25.75 -1.75 124.25
26.75 -3.25 125.75
26.25 2.25 141.75
27.25 3.75 141.25
27.75 4.25 127.75
26.75 3.75 124.25
25.75 2.25 124.25
25.75 1.25 125.75
26.25 -2.25 142.75
27.25 -3.75 142.25
27.25 3.75 123.25
25.25 0.75 122.25
26.25 3.25 123.25
25.25 1.75 122.75
25.75 -1.75 142.25
25.75 -0.75 142.75
26.75 -3.25 143.75
27.75 -3.75 143.75
25.25 0.75 122.75
27.25 3.75 123.75
25.25 1.75 122.25
26.25 3.25 123.75
25.75 -0.75 142.25
27.75 -3.75 143.25
26.75 -3.25 143.25
25.75 -1.75 142.75
26.25 2.75 123.75
25.25 1.25 122.75
25.25 0.25 122.25
27.25 4.25 120.75
26.75 -2.75 143.75
25.75 -0.25 142.25
25.75 -1.25 142.75
27.25 -4.25 120.75
25.25 -0.25 122.25
26.25 -2.75 123.75
25.25 -1.25 122.75
25.75 0.75 142.25
27.75 3.75 143.25
25.75 1.75 142.75
26.75 3.25 143.25
26.25 -3.25 124.75
25.25 -0.75 125.75
27.25 -3.75 124.75
25.75 1.25 142.25
25.75 0.25 142.75
26.75 2.75 143.25
25.75 -1.75 125.75
26.75 -3.25 124.25
26.25 2.25 142.25
27.25 3.75 142.75
27.25 4.25 112.25
25.25 0.25 114.75
25.25 1.25 114.25
26.25 2.75 115.25
25.75 -2.25 136.75
25.75 -1.25 137.25
26.75 -2.75 136.25
26.25 2.75 126.25
25.25 1.25 127.25
25.25 0.25 127.75
25.75 -1.25 140.25
25.75 -0.25 140.75
26.75 -2.75 141.25
25.25 -1.25 127.25
26.25 -2.75 126.25
25.25 -0.25 127.75
26.75 3.25 141.75
25.75 1.75 140.25
27.75 3.75 141.75
25.75 0.75 140.75
26.75 -3.25 126.75
25.75 -1.75 127.25
27.25 3.75 140.25
26.25 2.25 140.75
26.25 -2.75 126.75
25.25 -1.25 127.75
25.25 -0.25 127.25
25.75 0.75 141.25
27.75 3.75 140.25
25.75 1.75 141.75
26.75 3.25 140.25
26.25 -3.25 125.25
27.25 -3.75 125.25
25.25 -0.75 124.25
26.25 -2.25 125.75
26.75 2.75 141.75
25.75 1.25 140.75
25.75 0.25 140.25
27.25 3.75 124.75
25.25 0.75 125.75
26.25 3.25 124.75
26.75 -3.25 142.25
25.75 -1.75 143.75
25.75 -0.75 143.25
27.75 -3.75 142.25
25.75 -1.75 125.25
26.75 -3.25 124.75
27.25 3.75 142.25
26.25 2.25 142.75
25.25 -1.25 125.25
25.25 -0.25 125.75
26.25 -2.75 124.25
25.75 0.75 142.75
25.75 1.75 142.25
27.75 3.75 143.75
26.75 3.25 143.75
27.25 -3.75 124.25
26.25 -3.25 124.25
25.25 -0.75 125.25
26.75 2.75 142.75
25.75 1.25 143.75
25.75 0.25 143.25
25.75 2.25 124.75
26.75 3.75 124.75
27.75 4.25 127.25
26.25 -2.25 143.25
27.25 -3.75 143.75
25.75 -1.75 122.75
25.75 -2.75 123.25
26.75 -3.25 123.25
26.25 2.25 143.25
27.25 3.75 143.75
27.25 3.75 124.25
25.25 0.75 125.25
26.25 3.25 124.25
25.75 -0.75 143.75
27.75 -3.75 142.75
25.75 -1.75 143.25
26.75 -3.25 142.75
25.25 0.75 126.25
27.25 3.75 127.25
26.25 3.25 127.25
25.75 -1.75 138.25
25.75 -0.75 138.75
26.75 -3.25 139.75
27.75 -3.75 139.75
25.25 1.25 113.25
25.25 0.25 113.75
26.25 2.75 112.25
27.25 4.25 115.25
25.75 -1.25 138.25
27.25 -4.25 115.25
25.25 -1.25 113.25
25.25 -0.25 113.75
26.25 -2.75 112.25
26.75 3.25 139.75
25.75 1.75 138.25
25.75 0.75 138.75
27.75 3.75 139.75
26.75 -3.25 112.25
25.75 -2.75 112.25
26.25 2.25 138.25
27.25 3.75 138.75
26.75 3.75 113.75
27.75 4.25 114.25
27.25 -3.75 138.75
26.25 -2.25 138.25
25.25 -0.75 126.25
27.25 -3.75 127.25
26.25 -3.25 127.25
25.75 1.25 138.75
26.75 2.75 139.75
25.75 1.75 126.25
26.75 3.25 127.75
27.75 3.75 127.75
27.25 -3.25 140.75
26.25 -2.75 140.25
26.75 -3.25 126.25
25.75 -1.75 127.75
26.25 2.25 140.25
27.25 3.75 140.75
26.75 -3.75 126.25
27.75 -4.25 125.75
25.75 -2.25 126.25
25.75 -1.25 127.75
26.25 2.75 140.75
27.25 3.25 140.25
26.75 3.25 126.25
27.75 3.75 126.25
25.75 1.75 127.75
26.25 -2.75 140.75
27.25 -3.25 140.25
25.25 0.75 124.25
26.25 3.25 125.25
27.25 3.75 125.25
25.75 -0.75 140.75
26.75 -3.25 141.75
27.75 -3.75 141.75
25.75 -1.75 140.25
27.75 4.25 124.25
25.75 1.25 126.25
26.75 3.75 127.75
25.75 2.25 127.75
27.25 -3.75 140.75
26.25 -2.25 140.25
26.25 2.75 126.75
25.25 0.25 127.25
25.25 1.25 127.75
26.75 -2.75 140.75
25.75 -0.25 141.25
25.75 -1.25 141.75
25.75 -1.75 124.75
26.75 -3.25 125.25
26.25 2.25 141.25
27.25 3.75 141.75
25.75 -2.25 125.25
26.75 -3.75 125.25
27.25 3.25 141.25
25.25 -1.25 125.75
25.25 -0.25 125.25
26.25 -2.75 124.75
26.75 3.25 142.25
27.75 3.75 142.25
25.75 0.75 143.25
25.75 1.75 143.75
25.25 -1.25 124.25
26.25 -2.75 125.25
25.25 -0.25 124.75
26.75 3.25 142.75
27.75 3.75 142.75
25.75 1.75 143.25
25.75 0.75 143.75
26.25 -3.25 123.25
27.25 -3.75 123.25
25.25 -0.75 122.25
25.25 -1.75 122.75
25.75 1.25 142.75
26.75 2.75 143.75
25.75 0.25 142.25
25.75 -1.75 122.25
26.75 -3.25 123.75
27.25 3.75 143.25
26.25 2.25 143.75
27.75 4.25 120.75
25.75 2.25 123.25
26.75 3.75 123.25
26.25 -2.25 143.75
27.25 -3.75 143.25
25.25 1.25 124.25
25.25 0.25 124.75
26.25 2.75 125.25
25.75 -0.25 143.75
26.75 -2.75 142.25
25.75 -1.25 143.25
16.25 25.25 159.75
25.75 -2.75 106.75
26.75 -4.25 105.25
27.75 -4.75 105.25
16.25 24.25 159.25
27.25 3.75 144.25
26.25 2.25 144.75
16.75 43.75 125.25
16.75 44.75 126.75
25.75 2.25 107.75
27.75 4.25 104.25
26.25 -2.25 144.25
27.25 -3.75 144.75
17.25 45.75 124.25
25.25 1.75 104.25
25.25 0.75 104.75
26.25 3.25 105.75
25.75 -0.75 144.25
25.75 -1.75 144.75
26.75 -3.25 145.25
16.75 40.25 134.25
25.25 -2.25 105.25
25.25 -1.25 104.75
26.25 -3.75 105.25
27.25 -4.25 106.75
15.75 23.75 158.25
25.75 0.75 144.25
25.75 1.75 144.75
27.75 3.75 145.25
26.75 3.25 145.25
26.25 -3.25 106.75
25.25 -0.75 107.75
25.25 -1.75 107.25
15.75 23.25 158.75
25.75 1.25 144.25
25.75 0.25 144.75
26.75 2.75 145.25
25.75 2.25 106.75
26.75 3.75 106.75
27.75 4.25 105.25
26.25 -2.25 145.25
27.25 -3.75 145.75
25.75 -2.25 114.75
27.75 -4.25 113.25
27.25 3.25 137.75
25.25 0.25 136.75
25.75 -2.25 113.75
26.75 -3.75 113.75
27.75 -4.25 114.25
26.25 2.75 138.25
27.25 3.25 138.75
27.75 -4.25 115.75
25.75 -2.25 112.25
26.75 -3.75 112.25
25.25 0.25 139.25
27.25 3.25 138.25
25.25 0.25 126.25
25.25 1.25 126.75
26.25 2.75 127.75
25.75 -1.25 138.75
26.25 2.75 125.75
25.25 0.25 124.25
25.25 1.25 124.75
25.75 -0.25 140.25
25.75 -1.25 140.75
26.75 -2.75 141.75
25.25 1.25 125.25
25.25 0.25 125.75
26.25 2.75 124.25
26.75 -2.75 143.25
25.75 -1.25 142.25
25.75 -0.25 142.75
25.75 2.25 125.75
26.75 3.75 125.75
27.75 4.25 126.25
27.25 -3.75 142.75
26.25 -2.25 142.25
25.75 2.75 123.25
25.75 1.75 122.75
26.75 3.25 123.25
27.25 -3.25 143.25
26.25 -2.75 143.75
26.25 2.75 124.75
25.25 1.25 125.75
25.25 0.25 125.25
25.75 -1.25 143.75
25.75 -0.25 143.25
26.75 -2.75 142.75
25.75 1.75 125.25
26.75 3.25 124.75
25.75 2.75 124.75
27.25 -3.25 143.75
26.25 -2.75 143.25
17.25 44.25 127.75
26.25 3.75 106.75
27.25 4.25 105.25
25.25 1.25 107.25
25.25 0.25 107.75
25.75 -1.25 144.25
25.75 -0.25 144.75
26.75 -2.75 145.25
27.75 -4.25 104.25
25.75 -2.25 107.75
26.75 -3.75 107.75
16.25 24.75 159.75
26.25 2.75 144.25
26.25 1.75 145.75
27.25 3.25 144.75
17.25 44.25 127.25
27.25 4.25 105.75
25.25 2.25 106.25
25.25 1.25 107.75
26.25 3.75 106.25
25.25 0.25 107.25
26.75 -2.75 144.75
25.75 -0.25 145.25
17.25 44.25 124.25
17.25 42.25 127.25
26.25 3.75 105.25
27.25 4.25 106.75
25.25 1.25 104.75
26.75 -2.75 145.75
25.75 -1.25 144.75
25.75 -0.25 144.25
17.25 43.75 127.75
17.25 45.75 124.75
17.25 44.75 124.25
17.25 42.75 127.25
25.25 1.75 104.75
26.25 3.25 105.25
25.25 0.75 104.25
25.75 -0.75 144.75
25.75 -1.75 144.25
26.75 -3.25 145.75
25.25 -2.25 106.75
26.25 -3.75 106.75
25.25 -0.25 107.75
27.25 -4.25 105.25
25.25 -1.25 107.25
27.75 3.75 145.75
15.75 23.75 158.75
25.75 0.75 144.75
25.75 1.75 144.25
26.75 3.25 145.75
16.75 25.75 158.75
25.25 -0.75 104.25
25.25 -1.75 104.75
26.25 -3.25 105.25
25.75 1.25 144.75
25.75 0.25 144.25
25.25 -1.75 107.75
25.25 -0.75 107.25
26.25 -3.25 106.25
15.75 23.25 159.25
26.75 2.75 144.75
25.75 0.25 145.25
25.75 1.25 145.75
25.25 1.75 107.25
25.25 0.75 107.75
25.75 -0.75 145.25
25.75 -1.75 145.75
26.75 -3.25 144.25
16.75 25.25 159.75
16.75 26.25 158.25
25.25 -0.25 107.25
27.25 -4.25 105.75
25.25 -1.25 107.75
25.25 -2.25 106.25
25.75 1.75 145.75
15.75 23.75 159.25
15.75 22.75 159.75
27.75 3.75 144.25
25.75 0.75 145.25
26.75 3.25 144.25
16.75 25.75 159.25
25.25 -0.75 106.75
25.25 -1.75 106.25
26.25 -3.25 107.75
27.25 -3.75 107.75
15.75 23.25 159.75
25.75 1.25 145.25
25.75 0.25 145.75
26.75 2.75 144.25
17.25 40.25 134.75
16.25 25.75 158.25
16.25 24.75 158.75
26.75 -3.75 106.75
27.25 3.25 145.75
26.25 2.75 145.25
26.25 1.75 144.75
16.75 45.75 124.25
16.75 43.75 127.25
16.75 44.75 124.75
16.75 42.75 127.75
27.75 4.25 106.25
25.75 2.25 105.75
26.75 3.75 105.75
27.25 -3.75 146.75
26.25 -2.25 146.25
25.75 -2.25 115.75
27.75 -4.25 112.25
26.75 -3.75 115.75
26.25 2.75 136.25
25.25 0.25 137.75
25.75 1.75 124.75
26.75 3.25 125.25
25.75 2.75 125.25
26.25 -2.75 141.75
27.25 -3.25 141.25
25.25 -0.25 140.25
25.75 1.75 124.25
26.75 3.25 125.75
25.75 2.75 125.75
27.25 -3.25 142.75
26.25 -2.75 142.25
27.25 -3.75 125.75
26.25 -3.25 125.75
25.25 -0.75 124.75
25.75 1.25 143.25
26.75 2.75 142.25
25.75 0.25 143.75
16.25 24.25 159.75
26.75 -4.25 105.75
24.75 -0.25 107.25
27.75 -4.75 105.75
25.75 -2.75 106.25
16.25 25.25 159.25
26.25 2.25 144.25
27.25 3.75 144.75
16.75 45.25 124.75
16.75 43.25 127.75
24.75 0.25 104.25
25.75 2.75 105.25
27.25 -3.25 145.25
26.25 -2.75 145.75
26.75 3.75 106.25
27.75 4.25 105.75
25.75 2.25 106.25
26.25 -2.25 144.75
27.25 -3.75 144.25
25.25 1.75 107.75
26.25 3.25 106.25
25.25 0.75 107.25
25.75 -1.75 145.25
25.75 -0.75 145.75
27.75 -3.75 144.75
26.75 -3.25 144.75
24.75 -0.25 104.25
27.75 -4.75 106.75
25.75 -2.75 105.25
16.25 25.25 158.25
26.25 2.25 145.25
27.25 3.75 145.75
17.25 45.25 126.25
27.25 4.25 104.25
25.25 2.25 107.75
25.25 1.25 106.25
26.25 3.75 107.75
25.75 -0.25 145.75
26.75 -2.75 144.25
25.75 -1.25 145.25
17.25 40.25 133.75
16.25 26.75 156.75
25.75 -2.25 105.75
26.75 -3.75 105.75
16.25 25.75 157.25
26.25 2.75 146.25
26.25 1.75 147.75
27.25 3.25 146.75
16.75 40.25 133.25
16.75 27.25 156.75
25.25 -0.25 105.25
25.25 -1.25 105.75
25.25 -2.25 104.25
27.25 -4.25 107.75
26.75 3.25 146.25
25.75 0.75 147.25
25.75 1.75 147.75
26.25 3.25 119.75
27.25 3.75 119.75
25.25 1.75 118.25
25.25 0.75 118.75
26.75 -3.25 147.25
25.75 -1.75 146.75
25.75 -0.75 146.25
26.25 3.25 119.25
25.25 0.75 118.25
25.25 1.75 118.75
27.25 3.75 119.25
27.75 -3.75 147.75
26.75 -3.25 147.75
25.75 -0.75 146.75
25.75 -1.75 146.25
25.25 0.25 118.25
27.25 4.25 116.75
25.25 1.25 118.75
26.25 2.75 119.75
25.75 -0.25 146.25
26.75 -2.75 147.75
25.75 -1.25 146.75
16.75 40.75 132.25
16.75 39.75 131.75
16.75 26.75 157.25
25.25 -1.75 118.75
26.25 -3.25 119.25
25.25 -0.75 118.25
27.25 -3.75 119.25
16.75 23.75 155.75
25.75 0.25 146.25
25.75 1.25 146.75
26.75 2.75 147.75
16.75 41.25 132.75
16.75 40.25 132.25
15.75 25.75 155.25
25.75 1.75 146.75
16.75 26.25 157.25
25.25 -0.25 118.25
27.25 -4.25 116.75
26.25 -2.75 119.75
25.25 -1.25 118.75
16.75 23.25 155.75
16.75 24.25 156.25
26.75 3.25 147.25
25.75 0.75 146.25
27.75 3.75 147.25
17.25 41.25 132.25
16.25 40.75 132.75
25.75 -3.25 104.25
25.75 -2.25 104.75
26.75 -3.75 104.75
16.25 25.75 156.25
17.25 23.25 155.25
16.25 24.75 156.75
26.25 1.75 146.75
27.25 3.25 147.75
26.25 2.75 147.25
16.75 40.25 133.75
25.75 1.75 147.25
27.75 3.75 146.75
16.75 27.25 156.25
25.25 -2.25 105.75
26.25 -3.75 105.75
25.25 -0.25 104.75
27.25 -4.25 106.25
25.25 -1.25 104.25
26.75 3.25 146.75
25.75 0.75 147.75
16.75 45.75 125.25
16.75 44.75 125.75
16.75 43.75 126.25
25.75 2.25 104.75
26.75 3.75 104.75
26.25 -2.25 147.25
27.25 -3.75 147.75
17.25 41.25 132.75
16.25 40.75 132.25
17.25 39.25 131.75
16.25 26.75 157.25
26.75 -3.75 119.25
25.75 -2.25 119.25
27.75 -4.25 116.75
16.25 25.75 156.75
17.25 23.25 155.75
16.25 24.75 156.25
26.25 2.75 147.75
27.25 3.25 147.25
26.25 1.75 146.25
26.75 -3.75 113.25
25.75 -2.25 113.25
27.75 -4.25 114.75
25.25 0.25 136.25
27.25 3.25 137.25
25.75 -2.25 126.75
25.75 -1.25 127.25
27.75 -4.25 125.25
27.25 3.25 141.75
26.25 2.75 141.25
25.75 -2.25 125.75
26.75 -3.75 125.75
27.25 3.25 142.75
26.25 2.75 142.25
26.25 1.75 143.75
17.25 44.25 124.75
17.25 42.25 127.75
25.25 1.25 104.25
27.25 4.25 106.25
25.25 2.25 105.75
26.25 3.75 105.75
26.75 -2.75 146.25
25.75 -0.25 147.75
27.75 3.75 144.75
16.75 25.25 159.25
27.25 -4.25 104.25
25.25 -2.25 107.75
26.25 -3.75 107.75
25.25 -1.25 106.25
15.75 22.75 159.25
15.75 23.75 159.75
25.75 0.75 145.75
25.75 1.75 145.25
16.75 46.25 124.25
16.75 44.25 125.25
16.75 45.25 125.75
16.75 43.25 126.75
24.75 0.25 105.25
25.75 2.75 104.25
27.25 -3.25 146.25
16.75 44.75 125.25
16.75 43.75 126.75
25.75 2.25 104.25
27.75 4.25 107.75
26.75 3.75 104.25
26.25 -2.25 146.75
27.25 -3.75 146.25
17.25 40.75 133.25
16.25 40.25 133.25
16.25 26.25 156.25
25.75 -2.75 104.75
16.25 25.25 157.75
17.25 23.75 154.75
16.25 24.25 157.25
27.25 3.75 146.25
26.25 2.25 146.75
17.25 41.75 127.75
26.25 3.25 104.25
25.25 0.75 105.25
25.75 -1.75 147.25
25.75 -0.75 147.75
26.75 -3.25 146.75
17.25 45.75 125.25
17.25 42.75 126.75
25.25 1.75 105.25
25.25 0.75 105.75
26.25 3.25 104.75
26.75 -3.25 146.25
25.75 -0.75 147.25
25.75 -1.75 147.75
17.25 45.25 125.75
17.25 46.25 124.25
17.25 44.25 125.25
17.25 43.25 126.75
25.75 -1.25 147.75
26.25 3.75 104.25
25.25 0.25 105.25
27.25 4.25 107.75
25.25 2.25 104.25
25.25 1.25 105.75
25.75 -0.25 147.25
26.75 -2.75 146.75
16.75 40.75 133.75
16.75 26.75 156.75
15.75 26.25 155.25
25.25 -1.75 104.25
25.25 -0.75 104.75
26.25 -3.25 105.75
26.75 2.75 146.25
25.75 1.25 147.25
25.75 0.25 147.75
17.25 41.75 132.25
16.25 40.25 132.75
17.25 39.75 131.25
17.25 22.75 155.75
16.25 26.25 157.75
17.25 23.75 155.25
26.75 -3.25 119.25
25.75 -2.75 119.25
16.25 25.25 156.25
16.25 24.25 156.75
26.25 2.25 147.25
27.25 3.75 147.75
16.75 45.25 125.25
16.75 44.25 125.75
24.75 0.25 105.75
25.75 2.75 104.75
27.25 -3.25 147.75
26.25 -2.75 147.25
26.25 -1.75 146.75
16.75 40.75 133.25
15.75 26.25 155.75
26.25 -3.25 104.25
25.25 -1.75 105.75
25.25 -0.75 105.25
16.75 23.75 154.75
25.75 1.25 147.75
26.75 2.75 146.75
25.75 0.25 147.25
16.75 40.25 132.75
16.75 41.25 132.25
16.75 24.25 156.75
16.75 26.25 157.75
27.25 -4.25 107.25
25.25 -2.25 104.75
25.25 -1.25 105.25
26.25 -3.75 104.75
26.75 3.25 147.75
25.75 1.75 146.25
15.75 25.75 155.75
27.75 3.75 147.75
25.75 0.75 146.75
27.75 4.25 116.25
26.75 3.75 119.75
25.75 2.25 119.75
27.25 -3.75 148.75
26.25 -2.25 148.25
27.75 -4.25 124.75
25.75 -2.25 127.25
26.75 -3.75 127.25
25.75 -1.25 126.75
27.25 3.25 139.25
25.25 0.25 138.25
25.75 -2.25 124.75
26.75 -3.75 124.75
26.25 2.75 143.25
27.25 3.25 143.75
16.75 44.25 127.75
25.75 2.75 106.75
26.75 4.25 105.25
26.25 -1.75 144.75
26.25 -2.75 145.25
27.25 -3.25 145.75
26.75 3.75 119.25
25.75 2.25 119.25
27.75 4.25 116.75
26.25 -2.25 147.75
27.25 -3.75 147.25
16.75 41.75 132.25
16.75 40.75 132.75
16.75 26.75 157.75
25.25 -1.75 105.25
25.25 -0.75 105.75
26.25 -3.25 104.75
16.75 23.75 155.25
26.75 2.75 147.25
25.75 0.25 146.75
25.75 1.25 146.25
25.25 1.75 119.25
26.25 3.25 118.75
27.25 3.75 118.75
25.25 0.75 119.75
27.75 -3.75 148.25
25.75 -1.75 149.75
25.75 -0.75 149.25
26.75 -3.25 148.25
25.75 1.75 118.25
25.75 2.75 119.75
26.75 3.25 119.75
26.25 -1.75 149.75
26.25 -2.75 148.25
27.25 -3.25 148.75
26.25 3.25 117.75
25.25 1.75 116.25
27.25 3.75 117.75
25.25 0.75 116.75
27.75 -3.75 149.25
26.75 -3.25 149.25
25.75 -0.75 148.25
25.75 -1.75 148.75
26.25 2.75 117.75
25.25 1.25 116.75
25.25 0.25 116.25
27.25 4.25 118.75
26.75 -2.75 149.75
25.75 -0.25 148.25
25.75 -1.25 148.75
16.75 39.75 133.75
16.75 41.75 130.75
16.75 40.75 130.25
16.75 38.75 133.25
16.75 27.75 155.75
25.25 -1.75 116.75
26.25 -3.25 117.25
25.25 -0.75 116.25
27.25 -3.75 117.25
16.75 22.75 157.25
15.75 25.25 157.25
15.75 24.25 157.75
16.75 24.75 154.25
26.75 2.75 149.75
25.75 0.25 148.25
25.75 1.25 148.75
16.75 42.25 131.25
16.75 41.25 130.75
16.75 39.25 133.75
16.75 27.25 155.75
16.75 29.25 152.75
27.25 -4.25 118.75
26.25 -2.75 117.75
25.25 -0.25 116.25
25.25 -1.25 116.75
16.75 23.25 157.75
16.75 25.25 154.75
16.75 24.25 154.25
26.75 3.25 149.25
15.75 24.75 157.75
16.75 22.25 157.25
25.75 0.75 148.25
27.75 3.75 149.25
16.75 41.75 130.25
16.75 40.75 130.75
16.75 39.75 133.25
16.75 38.75 133.75
16.75 28.75 152.75
15.75 26.25 156.25
16.75 29.75 152.25
16.75 27.75 155.25
15.75 25.25 157.75
25.25 -0.75 119.75
27.25 -3.75 118.75
25.25 -1.75 119.25
26.25 -3.25 118.75
16.75 25.75 154.25
16.75 23.75 157.25
16.75 22.75 157.75
16.75 24.75 154.75
26.75 2.75 149.25
25.75 0.25 148.75
25.75 1.25 148.25
17.25 42.25 130.25
17.25 40.25 131.25
16.25 28.75 153.25
16.25 27.75 154.75
16.25 26.75 154.25
25.75 -2.25 118.25
26.75 -3.75 118.25
26.25 2.75 148.75
16.25 25.75 155.75
16.25 23.75 156.75
16.25 24.75 155.25
26.25 1.75 149.25
27.25 3.25 148.25
25.25 0.75 119.25
27.25 3.75 118.25
26.25 3.25 118.25
25.25 1.75 119.75
26.75 -3.25 148.75
25.75 -0.75 149.75
27.75 -3.75 148.75
25.75 -1.75 149.25
26.75 3.75 118.25
25.75 2.25 118.25
27.25 -3.75 148.25
26.25 -2.25 148.75
25.25 0.25 119.75
26.25 2.75 118.25
25.25 1.25 119.25
27.25 4.25 117.25
25.75 -0.25 148.75
25.75 -1.25 148.25
26.75 -2.75 149.25
17.25 38.75 132.25
17.25 42.75 130.25
16.25 41.25 131.75
17.25 41.75 131.75
17.25 37.75 133.75
16.25 27.25 154.75
16.25 28.25 153.25
16.25 26.25 154.25
25.75 -2.75 118.75
26.75 -3.25 118.75
25.75 -1.75 119.25
17.25 21.75 157.75
16.25 25.25 155.75
17.25 22.75 156.25
26.25 2.25 148.75
27.25 3.75 148.25
16.75 39.75 132.75
16.75 41.75 131.75
16.75 40.75 131.25
16.75 42.75 130.25
16.75 27.75 154.75
16.75 28.75 153.25
16.75 21.75 157.75
26.25 -3.25 118.25
27.25 -3.75 118.25
25.25 -0.75 119.25
25.25 -1.75 119.75
16.75 22.75 156.25
16.75 24.75 155.25
15.75 25.25 156.25
16.75 23.75 156.75
25.75 0.25 149.25
25.75 1.25 149.75
26.75 2.75 148.75
16.25 41.75 130.75
17.25 42.25 131.25
17.25 40.25 130.25
16.25 39.75 133.75
17.25 38.25 133.25
16.25 26.75 155.25
16.25 28.75 152.25
26.75 -3.75 117.25
25.75 -2.25 117.25
26.25 1.75 148.25
17.25 22.25 157.25
26.25 2.75 149.75
16.25 23.75 157.75
16.25 25.75 154.75
17.25 24.25 154.25
27.25 3.25 149.25
25.75 -1.25 126.25
26.75 -3.75 127.75
27.75 -4.25 124.25
25.75 -2.25 127.75
27.25 3.25 140.75
25.75 -2.25 124.25
26.75 -3.75 124.25
27.25 3.25 142.25
26.25 2.75 142.75
27.75 -4.25 105.75
26.75 -3.75 106.25
25.75 -2.25 106.25
16.25 24.75 159.25
27.25 3.25 144.25
26.25 2.75 144.75
26.25 1.75 145.25
16.75 44.75 124.25
16.75 45.75 124.75
16.75 42.75 127.25
16.75 43.75 127.75
25.75 2.25 105.25
26.75 3.75 105.25
27.75 4.25 106.75
27.25 -3.75 145.25
26.25 -2.25 145.75
16.25 24.75 157.25
16.25 26.75 156.25
26.75 -3.75 104.25
25.75 -2.25 104.25
16.25 25.75 157.75
17.25 23.25 154.75
26.25 1.75 147.25
26.25 2.75 146.75
27.25 3.25 146.25
25.75 1.75 118.75
26.75 3.25 119.25
25.75 2.75 119.25
27.25 -3.25 147.25
26.25 -2.75 147.75
25.25 0.25 118.75
25.25 1.25 118.25
26.25 2.75 119.25
27.25 4.25 116.25
25.75 -1.25 149.25
25.75 -0.25 149.75
26.75 -2.75 148.25
16.25 40.25 132.25
17.25 39.75 131.75
26.75 -3.25 119.75
25.75 -2.75 119.75
16.25 26.25 157.25
16.25 24.25 156.25
27.25 3.75 147.25
26.25 2.25 147.75
25.25 0.25 119.25
26.25 2.75 118.75
27.25 4.25 117.75
25.25 1.25 119.75
25.75 -1.25 149.75
26.75 -2.75 148.75
25.75 -0.25 149.25
16.75 39.25 132.25
16.75 41.25 131.25
16.75 40.25 131.75
16.75 42.25 130.75
16.75 29.25 153.25
16.75 22.25 156.75
27.25 -4.25 116.25
25.25 -0.25 118.75
25.25 -1.25 118.25
26.25 -2.75 119.25
15.75 25.75 156.75
16.75 23.25 156.25
16.75 24.25 155.75
25.75 0.75 149.75
26.75 3.25 148.75
27.75 3.75 148.75
25.75 1.75 116.75
25.75 2.75 117.25
26.75 3.25 117.25
26.25 -1.75 148.25
27.25 -3.25 149.25
16.75 40.75 131.75
16.75 41.75 131.25
16.75 38.75 132.75
16.75 39.75 132.25
16.75 28.75 153.75
26.25 -3.25 119.75
25.25 -0.75 118.75
27.25 -3.75 119.75
25.25 -1.75 118.25
16.75 24.75 155.75
16.75 22.75 156.75
15.75 25.25 156.75
16.75 23.75 156.25
25.75 0.25 149.75
26.75 2.75 148.25
25.75 1.25 149.25
25.75 1.75 119.25
26.75 3.25 118.75
25.75 2.75 118.75
27.25 -3.25 149.75
26.25 -1.75 148.75
16.25 41.75 130.25
17.25 38.25 133.75
17.25 40.25 130.75
16.25 39.75 133.25
16.25 27.75 155.25
17.25 24.25 154.75
16.25 28.75 152.75
16.25 26.75 155.75
25.75 -2.25 118.75
26.75 -3.75 118.75
26.25 2.75 149.25
16.25 23.75 157.25
16.25 25.75 154.25
27.25 3.25 149.75
26.25 1.75 148.75
27.75 -4.25 113.75
26.75 -3.75 114.25
25.75 -2.25 114.25
25.25 0.25 137.25
26.25 2.75 136.75
25.75 -2.25 123.25
27.75 -4.25 120.75
26.75 -3.75 123.25
27.25 3.25 143.25
26.25 2.75 143.75
16.75 44.25 126.75
25.75 2.75 107.75
27.25 -3.25 144.75
26.25 -2.75 144.25
16.25 24.25 158.25
16.25 25.25 158.75
26.75 -4.25 106.25
24.75 -0.25 104.75
25.75 -2.75 105.75
27.75 -4.75 106.25
26.25 2.25 145.75
27.25 3.75 145.25
25.75 -2.25 112.75
27.75 -4.25 115.25
26.75 -3.75 112.75
27.25 3.25 139.75
16.25 41.25 131.25
17.25 38.75 132.75
16.25 27.25 154.25
16.25 28.25 153.75
26.75 -3.25 118.25
25.75 -2.75 118.25
25.75 -1.75 119.75
17.25 21.75 157.25
17.25 22.75 156.75
27.25 3.75 148.75
16.25 26.25 154.75
16.25 25.25 155.25
26.25 2.25 148.25
17.25 40.25 134.25
16.25 24.75 158.25
16.25 25.75 158.75
24.75 -0.75 104.25
25.75 -2.25 105.25
26.75 -3.75 105.25
26.25 1.75 144.25
27.25 3.25 145.25
26.25 2.75 145.75
17.25 45.25 125.25
17.25 43.25 126.25
27.25 4.25 107.25
25.25 1.25 105.25
25.25 2.25 104.75
25.75 -1.25 146.25
26.75 -2.75 147.25
25.75 -0.25 146.75
16.75 40.25 131.25
16.75 39.25 132.75
16.75 42.25 130.25
16.75 41.25 131.75
25.25 -0.25 119.25
27.25 -4.25 117.75
26.25 -2.75 118.75
25.25 -1.25 119.75
15.75 24.75 156.75
16.75 23.25 156.75
15.75 25.75 156.25
16.75 24.25 155.25
27.75 3.75 148.25
26.75 3.25 148.25
25.75 0.75 149.25
16.75 45.25 124.25
16.75 43.25 127.25
16.75 42.25 127.75
26.75 4.25 106.25
24.75 0.25 104.75
25.75 2.75 105.75
26.25 -2.75 146.25
27.25 -3.25 146.75
17.25 42.25 130.75
16.25 40.75 131.75
17.25 39.25 132.25
16.25 28.75 153.75
16.25 26.75 154.75
16.25 27.75 154.25
25.75 -2.25 119.75
26.75 -3.75 119.75
27.75 -4.25 116.25
17.25 23.25 156.25
16.25 24.75 155.75
17.25 22.25 156.75
16.25 25.75 155.25
26.25 1.75 149.75
27.25 3.25 148.75
26.25 2.75 148.25
16.25 39.25 133.75
17.25 38.75 133.25
17.25 40.75 130.25
16.25 29.25 152.75
17.25 24.75 154.25
16.25 27.25 155.75
16.25 28.25 152.25
16.25 26.25 155.25
26.75 -3.25 117.75
25.75 -2.75 117.75
16.25 23.25 157.75
16.25 25.25 154.75
26.25 2.25 149.75
27.25 3.75 149.25
26.25 2.75 115.75
27.25 4.25 112.75
25.25 0.25 114.25
25.25 1.25 114.75
25.75 -1.25 150.75
25.75 -0.25 150.25
26.75 -2.75 151.75
16.75 44.25 127.25
25.75 2.75 106.25
26.75 4.25 105.75
26.25 -2.75 144.75
27.25 -3.25 144.25
25.25 1.75 116.75
26.25 3.25 117.25
25.25 0.75 116.25
27.25 3.75 117.25
27.75 -3.75 149.75
26.75 -3.25 149.75
25.75 -1.75 148.25
25.75 -0.75 148.75
16.75 38.25 133.75
16.75 40.25 130.75
16.75 41.25 130.25
16.75 39.25 133.25
16.75 29.25 152.25
25.25 -0.25 119.75
27.25 -4.25 117.25
26.25 -2.75 118.25
25.25 -1.25 119.25
16.75 22.25 157.75
16.75 24.25 154.75
16.75 25.25 154.25
16.75 23.25 157.25
15.75 24.75 157.25
27.75 3.75 149.75
25.75 0.75 148.75
23.75 5.75 198.75
20.75 4.25 198.75
20.75 3.25 197.25
21.75 4.75 198.75
18.75 3.25 196.75
18.75 2.25 196.25
18.75 4.25 199.25
16.75 4.25 199.75
17.75 3.75 196.25
22.75 5.25 198.75
24.75 5.25 197.25
26.75 5.25 197.75
28.75 5.25 196.25
30.75 5.25 196.75
36.75 5.25 202.25
38.75 5.25 202.75
32.75 5.25 203.25
34.75 5.25 203.75
54.75 2.25 205.25
40.75 5.25 201.25
42.75 5.25 201.75
46.75 5.25 200.75
44.75 5.25 200.25
47.75 5.75 200.75
45.75 5.75 200.25
15.75 4.75 192.25
15.75 3.75 195.75
15.75 1.75 194.75
15.75 2.75 195.25
27.75 -2.75 186.75
26.75 -2.25 186.75
22.25 4.25 194.75
45.25 5.75 204.75
18.25 4.25 195.75
18.25 3.25 192.25
12.25 3.25 199.75
14.25 3.25 199.25
17.25 4.75 195.25
15.25 3.75 199.25
23.25 4.75 194.75
40.25 5.25 205.75
54.25 5.25 202.25
42.25 5.25 205.25
49.25 5.75 203.75
52.25 5.25 202.75
46.25 5.25 204.25
48.25 5.25 203.75
50.25 5.25 203.25
44.25 5.25 204.75
43.25 5.75 205.25
47.25 5.75 204.25
55.25 4.75 202.75
55.25 3.75 201.25
55.25 2.75 201.75
55.25 0.75 200.75
55.25 1.75 200.25
16.25 4.25 195.25
17.25 1.75 193.75
17.25 2.75 192.25
10.25 1.25 199.25
16.25 -11.25 201.25
15.25 -1.75 203.75
21.25 -3.75 204.25
55.25 -2.75 196.25
55.25 -4.75 199.25
55.25 -3.75 196.75
48.25 -5.25 198.25
55.25 -1.75 197.75
55.25 -0.75 197.25
35.25 -4.75 194.25
54.25 -5.25 199.75
24.25 -5.25 204.25
26.25 -5.25 204.75
16.25 -23.25 199.25
16.25 -20.25 198.75
16.25 -10.25 201.75
21.25 -2.75 204.75
13.25 -1.75 203.25
21.25 -0.75 205.75
12.25 -1.25 203.25
10.25 -0.25 202.25
21.25 -1.75 205.25
27.25 -5.75 204.75
25.25 -5.75 204.25
18.25 -22.25 199.25
28.25 -5.25 205.25
18.25 -21.25 198.75
38.25 -5.25 195.75
50.25 -5.25 198.75
52.25 -5.25 199.25
15.75 -10.75 198.75
54.75 -0.25 205.75
44.75 -5.25 201.75
36.75 -5.25 203.75
34.75 -5.25 202.25
22.75 -5.25 199.25
18.75 -3.25 197.25
46.75 -5.25 201.25
17.75 -30.75 203.25
18.75 -25.25 200.25
38.75 -5.25 203.25
20.75 -4.25 199.25
40.75 -5.25 200.75
15.75 -23.75 200.25
20.75 -2.25 196.25
15.75 -9.75 199.25
16.75 -3.25 197.75
15.75 -20.75 201.75
16.75 -4.25 198.25
19.75 -1.75 196.25
17.75 -3.75 197.75
15.75 -8.75 199.75
15.75 -19.75 202.25
16.75 -30.25 203.25
20.75 -3.25 196.75
16.75 -31.25 203.75
16.75 -5.25 198.75
24.75 -5.25 196.75
27.75 -5.75 196.25
25.75 -5.75 196.75
17.75 -4.75 198.25
18.75 -24.25 200.75
18.75 -26.25 201.75
18.75 -7.25 199.25
21.75 -4.75 199.25
42.75 -5.25 200.25
17.75 -29.75 202.75
18.75 -27.25 201.25
45.75 -5.25 197.25
41.75 -5.25 196.25
35.75 -5.25 198.75
19.75 -3.25 201.75
33.75 -5.25 198.25
17.75 -28.25 198.75
15.75 -17.25 199.75
15.75 -16.25 199.25
15.75 -15.25 200.75
21.75 -4.25 203.75
15.75 -12.25 201.25
16.75 -28.75 198.75
23.75 -5.25 203.75
15.75 -14.25 200.25
21.75 -5.25 203.25
47.75 -5.25 197.75
39.75 -5.25 199.75
43.75 -5.25 196.75
25.75 -5.25 200.25
18.75 -3.75 201.75
37.75 -5.25 199.25
54.75 -5.25 205.75
42.75 -5.25 202.75
52.75 -5.25 205.25
38.75 -5.25 201.75
40.75 -5.25 202.25
18.75 -24.25 202.25
36.75 -5.25 201.25
44.75 -5.25 203.25
48.75 -5.25 204.25
46.75 -5.25 203.75
15.75 -13.75 199.75
21.75 -4.75 197.75
15.75 -12.75 199.25
15.75 -16.75 201.25
15.75 -17.75 201.75
16.75 -27.25 203.25
15.75 -18.75 200.25
15.75 -22.75 202.25
16.75 -26.25 203.75
22.75 -5.25 197.75
20.75 -3.25 198.25
16.75 -21.25 204.25
18.75 -29.25 200.75
17.75 -27.75 203.25
18.75 -28.25 200.25
17.75 -26.75 203.75
18.75 -31.25 201.75
50.75 -5.25 204.75
17.75 -21.75 204.25
18.75 -30.25 201.25
26.75 -5.25 198.75
34.75 -5.25 200.75
55.25 -0.25 204.75
55.25 -2.25 205.75
55.25 -3.25 205.25
55.25 -1.25 204.25
19.25 -2.25 196.75
39.25 -5.25 202.25
43.25 -5.25 201.25
47.25 -5.25 200.25
18.25 -5.75 199.25
15.25 -20.25 200.75
15.25 -22.25 201.75
15.25 -23.25 201.25
17.25 -2.25 196.25
16.25 -7.75 198.75
21.25 -4.25 198.25
16.25 -4.75 199.25
16.25 -30.75 202.25
16.25 -28.75 203.25
16.25 -31.75 202.75
18.25 -2.75 196.75
18.25 -31.75 202.25
19.25 -4.25 199.75
41.25 -5.25 201.75
31.25 -5.25 196.25
25.25 -5.25 197.75
45.25 -5.25 200.75
37.25 -5.25 202.75
35.25 -5.25 203.25
55.25 -2.25 201.75
55.25 -4.25 202.75
51.25 -5.25 203.25
46.25 -5.75 204.25
55.25 -5.25 202.25
55.25 -3.25 201.25
55.25 -0.25 200.75
55.25 -1.25 200.25
49.25 -5.25 203.75
47.25 -5.25 204.25
53.25 -5.25 202.75
41.25 -5.25 205.75
17.25 -21.25 203.75
22.25 -2.75 193.75
22.25 -4.75 194.75
16.25 -15.75 198.75
16.25 -23.75 202.75
12.25 -2.75 199.25
16.25 -12.75 199.25
13.25 -3.25 199.75
11.25 -2.25 198.75
10.25 -1.75 199.25
16.25 -20.75 203.25
14.25 -3.75 199.25
17.25 -26.25 204.25
18.25 -22.75 202.75
18.25 -13.75 199.25
43.25 -5.25 205.25
18.25 -21.75 203.25
45.25 -5.25 204.75
18.25 -16.75 201.75
19.25 -18.25 200.75
10.25 -1.25 198.25
55.25 -0.75 201.75
55.25 -3.75 200.25
55.25 -4.75 203.75
55.25 -1.75 201.25
55.25 -2.75 200.75
54.25 -5.25 203.25
44.25 -5.25 205.75
48.25 -5.25 202.75
42.25 -5.25 204.25
40.25 -5.25 204.75
46.25 -5.25 205.25
22.25 -0.25 193.75
16.25 -22.25 203.25
16.25 -21.25 202.75
16.25 -13.25 198.75
12.25 -2.25 198.25
22.25 -4.25 195.75
17.25 -13.75 198.75
16.25 -14.25 199.25
10.25 -0.25 198.75
16.25 -20.25 202.25
13.25 -2.75 198.25
11.25 -1.75 198.25
14.25 -3.25 198.25
15.25 -3.75 198.25
17.25 -25.75 204.75
17.25 -24.75 204.25
21.25 -1.75 193.75
22.25 -5.25 195.25
52.25 -5.25 203.75
18.25 -20.25 202.75
50.25 -5.25 202.25
18.25 -21.25 202.25
15.75 -9.75 198.75
54.75 -2.25 205.25
42.75 -5.25 201.75
36.75 -5.25 202.25
28.75 -5.25 196.25
32.75 -5.25 203.25
44.75 -5.25 200.25
38.75 -5.25 202.75
30.75 -5.25 196.75
22.75 -5.25 198.75
18.75 -4.25 199.25
34.75 -5.25 203.75
20.75 -1.25 196.25
16.75 -6.25 198.75
15.75 -11.75 199.75
16.75 -2.25 196.75
15.75 -10.75 199.25
20.75 -3.25 197.25
17.75 -2.75 196.75
20.75 -4.25 198.75
21.75 -4.75 198.75
16.75 -29.25 203.25
16.75 -28.25 203.75
15.75 -20.75 200.25
15.75 -23.75 201.75
15.75 -16.75 202.25
16.75 -30.25 202.75
24.75 -5.25 197.25
25.75 -5.75 197.25
17.75 -30.75 202.75
18.75 -24.25 201.25
18.75 -27.25 200.75
17.75 -29.75 203.25
18.75 -25.25 201.75
18.75 -26.25 200.25
18.75 -5.25 199.75
26.75 -5.25 197.75
46.75 -5.25 200.75
17.75 -28.75 203.75
55.25 -3.25 204.25
55.25 -2.25 204.75
55.25 -1.25 205.25
47.25 -5.25 201.25
55.25 -0.25 205.75
39.25 -5.25 203.25
19.25 -27.25 201.25
33.25 -5.25 202.75
37.25 -5.25 203.75
43.25 -5.25 200.25
18.25 -7.75 199.25
16.25 -0.75 196.25
16.25 -5.75 198.75
17.25 -5.25 198.75
15.25 -23.25 200.25
16.25 -2.75 197.25
15.25 -22.25 200.75
17.25 -4.25 198.25
21.25 -3.25 196.75
15.25 -21.25 201.25
16.25 -3.75 197.75
16.25 -29.75 202.75
21.25 -4.25 199.25
21.25 -2.25 196.25
16.25 -1.75 196.75
15.25 -20.25 201.75
16.25 -28.75 202.25
16.25 -6.75 199.25
27.25 -5.25 196.25
25.25 -5.25 196.75
24.25 -5.75 196.75
17.25 -31.25 203.75
18.25 -29.75 202.25
18.25 -28.75 202.75
29.25 -5.25 197.75
45.25 -5.25 201.75
35.25 -5.25 202.25
41.25 -5.25 200.75
55.25 -2.75 205.25
45.25 -5.75 200.25
55.25 -0.75 204.25
55.25 -3.75 205.75
55.25 -1.75 204.75
36.25 -5.25 202.25
34.25 -5.25 203.75
38.25 -5.25 202.75
18.25 -30.25 202.25
40.25 -5.25 201.25
42.25 -5.25 201.75
21.25 -3.75 197.25
15.25 -22.75 201.25
16.25 -2.25 196.75
15.25 -21.75 200.75
16.25 -6.25 198.75
17.25 -2.75 196.75
21.25 -4.75 198.75
15.25 -20.75 200.25
16.25 -30.25 202.75
16.25 -5.25 199.25
15.25 -23.75 201.75
22.25 -5.25 198.75
24.25 -5.25 197.25
18.25 -2.25 196.25
16.25 -31.25 202.25
25.25 -5.75 197.25
16.25 -29.25 203.25
28.25 -5.25 196.25
44.25 -5.25 200.25
46.25 -5.25 200.75
32.25 -5.25 203.25
26.25 -5.25 197.75
54.75 -4.75 205.25
46.75 -5.75 203.75
42.75 -5.75 202.75
45.75 -5.25 203.25
51.75 -5.25 204.75
49.75 -5.25 204.25
39.75 -5.25 201.75
53.75 -5.25 205.25
29.75 -5.25 199.25
41.75 -5.25 202.25
43.75 -5.25 202.75
37.75 -5.25 201.25
18.75 -31.75 201.75
18.75 -30.75 201.25
33.75 -5.25 200.25
21.75 -5.25 197.25
15.75 -17.25 201.75
15.75 -16.25 201.25
16.75 -21.75 204.25
15.75 -12.25 199.25
15.75 -13.25 199.75
15.75 -22.25 202.25
16.75 -26.75 203.75
20.75 -3.75 198.25
16.75 -27.75 203.25
22.75 -5.75 197.75
18.75 -28.75 200.25
18.75 -29.75 200.75
17.75 -27.25 203.25
17.75 -26.25 203.75
23.75 -5.25 197.75
35.75 -5.25 200.75
18.75 -24.75 202.25
47.75 -5.25 203.75
55.25 -5.25 205.75
46.25 -5.75 203.75
55.25 -4.25 205.25
39.25 -5.25 201.75
41.25 -5.25 202.25
47.25 -5.25 203.75
27.25 -5.25 198.75
51.25 -5.25 204.75
18.25 -31.75 201.75
37.25 -5.25 201.25
35.25 -5.25 200.75
33.25 -5.25 200.25
21.25 -4.25 197.75
15.25 -19.25 200.75
15.25 -18.25 200.25
16.25 -24.75 202.75
17.25 -21.25 204.25
23.25 -5.25 197.75
16.25 -27.75 203.25
16.25 -25.75 202.25
29.25 -5.25 199.25
31.25 -5.25 199.75
53.25 -5.25 205.25
45.25 -5.25 203.25
43.25 -5.25 202.75
18.25 -25.75 202.75
49.25 -5.25 204.25
13.75 -1.25 203.25
13.75 -0.25 203.75
18.75 -0.75 204.25
53.75 -5.25 199.25
55.75 -5.25 199.75
51.75 -5.25 198.75
49.75 -5.25 198.25
18.75 -8.75 200.25
27.75 -5.25 204.75
16.75 -20.75 198.75
15.75 -25.25 199.75
15.75 -7.25 200.75
15.75 -6.25 200.25
15.75 -4.25 201.25
13.75 -2.25 202.75
15.75 -3.25 202.75
16.75 -10.75 201.75
10.75 -0.75 202.25
15.75 -24.25 199.25
13.75 -3.25 202.25
15.75 -1.25 203.75
14.75 -2.75 202.25
11.75 -1.25 202.75
12.75 -1.75 203.25
24.75 -5.75 204.25
25.75 -5.25 204.25
34.75 -4.75 194.25
17.75 -10.25 201.75
39.75 -5.25 195.75
18.75 -9.75 200.75
18.75 -23.75 199.75
17.75 -20.25 198.75
45.25 -5.75 200.75
55.25 -1.75 204.25
55.25 -2.75 205.75
55.25 -0.75 204.75
40.25 -5.25 201.75
55.25 -3.75 205.25
47.25 -5.75 200.25
34.25 -5.25 203.25
42.25 -5.25 201.25
18.25 -30.25 202.75
20.25 -3.25 197.75
36.25 -5.25 202.75
21.25 -4.75 198.25
15.25 -20.75 200.75
15.25 -23.75 201.25
17.25 -7.75 198.75
16.25 -7.25 198.75
21.25 -3.75 197.75
22.25 -5.25 198.25
15.25 -22.75 201.75
16.25 -28.25 203.25
16.25 -30.25 202.25
16.25 -31.25 202.75
26.25 -5.25 197.25
27.25 -5.75 197.25
17.25 -29.75 203.75
18.25 -31.25 202.25
30.25 -5.25 196.25
24.25 -5.25 197.75
46.25 -5.25 200.25
44.25 -5.25 200.75
38.25 -5.25 202.25
18.25 -5.25 199.25
55.25 -3.25 198.75
55.25 -1.25 199.75
55.25 -2.25 198.25
55.25 -4.25 197.25
55.25 -0.25 199.25
55.25 -5.25 197.75
45.25 -5.25 195.25
36.25 -4.75 193.75
42.25 -4.75 194.25
47.25 -5.25 195.75
49.25 -5.25 196.25
46.25 -4.75 195.25
18.25 -17.75 198.75
16.25 -19.75 199.25
17.25 -16.25 198.75
16.25 -16.75 198.75
10.25 -1.75 200.75
13.25 -3.25 200.25
22.25 -4.75 205.25
14.25 -3.75 200.75
12.25 -2.75 200.75
16.25 -14.75 201.75
11.25 -2.25 201.25
53.25 -5.25 197.25
18.25 -18.75 199.25
18.25 -15.75 201.75
40.25 -4.75 194.75
51.25 -5.25 196.75
55.25 -4.25 205.75
41.25 -5.25 202.75
53.25 -5.25 205.75
49.25 -5.25 204.75
55.25 -5.25 205.25
51.25 -5.25 204.25
31.25 -5.25 199.25
27.25 -5.25 198.25
35.25 -5.25 200.25
45.25 -5.25 203.75
29.25 -5.25 199.75
33.25 -5.25 200.75
15.25 -18.25 200.75
15.25 -19.25 200.25
21.25 -4.25 197.25
22.25 -5.75 197.25
16.25 -25.75 202.75
16.25 -24.75 202.25
16.25 -26.75 203.25
23.25 -5.25 197.25
17.25 -20.25 204.25
18.25 -24.75 202.75
37.25 -5.25 201.75
25.25 -5.25 198.75
47.25 -5.25 203.25
39.25 -5.25 201.25
43.25 -5.25 202.25
55.25 -3.75 204.75
55.25 -1.75 205.75
55.25 -2.75 204.25
55.25 -0.75 205.25
36.25 -5.25 203.25
34.25 -5.25 202.75
44.25 -5.25 201.25
18.25 -3.25 197.75
38.25 -5.25 203.75
42.25 -5.25 200.75
22.25 -5.25 199.75
15.25 -20.75 201.25
16.25 -1.25 196.25
15.25 -21.75 201.75
17.25 -4.75 198.75
15.25 -23.75 200.75
16.25 -4.25 198.75
21.25 -3.75 196.25
16.25 -3.25 197.25
17.25 -1.75 196.25
16.25 -29.25 202.25
16.25 -28.25 202.75
21.25 -2.75 196.75
16.25 -7.25 199.25
19.25 -2.75 197.25
24.25 -5.25 196.25
26.25 -5.25 196.75
27.25 -5.75 196.75
17.25 -30.75 203.75
32.25 -5.25 202.25
30.25 -5.25 197.75
46.25 -5.25 201.75
21.25 -4.75 199.75
18.25 -4.25 198.25
40.25 -5.25 200.25
28.25 -5.25 197.25
18.75 3.75 197.75
20.75 2.75 196.75
19.75 2.25 197.25
19.75 3.25 197.75
17.75 4.25 198.75
23.75 5.25 199.75
25.75 5.25 196.25
27.75 5.25 196.75
29.75 5.25 197.25
35.75 5.25 202.75
31.75 5.25 197.75
37.75 5.25 203.25
33.75 5.25 202.25
39.75 5.25 203.75
41.75 5.25 200.25
47.75 5.25 201.75
46.75 5.75 201.75
45.75 5.25 201.25
43.75 5.25 200.75
42.75 5.75 200.75
44.75 5.75 201.25
15.75 2.25 194.25
15.75 3.25 194.75
16.75 3.75 197.25
21.75 5.25 199.25
15.75 4.25 193.25
15.75 1.25 195.75
44.75 -4.75 195.75
55.75 -5.25 197.75
53.75 -5.25 197.25
49.75 -5.25 196.25
51.75 -5.25 196.75
42.75 -4.75 194.25
18.75 -18.75 199.25
46.75 -4.75 195.25
16.75 -16.75 198.75
15.75 -29.25 199.75
9.75 -1.25 200.25
14.75 -3.75 200.75
9.75 -0.25 200.75
16.75 -14.75 201.75
13.75 -3.25 200.25
15.75 -28.25 199.25
18.75 -13.75 200.75
18.75 -14.75 201.25
47.75 -5.25 195.75
40.75 -4.75 194.75
18.75 -12.75 200.25
23.75 -5.25 205.75
55.25 -3.25 201.75
55.25 -5.25 202.75
55.25 -1.25 200.75
45.25 -5.25 204.25
55.25 -4.25 202.25
55.25 -2.25 201.25
55.25 -0.25 200.25
49.25 -5.25 203.25
51.25 -5.25 203.75
43.25 -5.25 205.75
16.25 -14.75 198.75
16.25 -22.75 202.75
22.25 -3.75 193.75
16.25 -13.75 199.25
16.25 -21.75 203.25
17.25 -14.25 198.75
10.25 -1.75 199.75
13.25 -3.25 199.25
16.25 -23.75 202.25
14.25 -3.75 199.75
17.25 -27.25 204.25
21.25 -2.25 193.75
16.25 -16.75 201.75
17.25 -20.25 203.75
18.25 -23.75 202.75
53.25 -5.25 202.25
18.25 -12.75 199.25
47.25 -5.25 204.75
41.25 -5.25 205.25
16.25 -10.75 201.25
15.25 -0.25 203.75
55.25 -3.25 196.25
55.25 -5.25 199.25
55.25 -1.25 197.25
55.25 -4.25 199.75
55.25 -0.25 197.75
55.25 -2.25 196.75
53.25 -5.25 199.75
37.25 -5.25 195.75
39.25 -5.25 195.25
27.25 -5.25 204.25
34.25 -4.75 194.75
14.25 -1.75 203.25
49.25 -5.25 198.75
18.25 -20.75 198.75
16.25 -21.75 198.75
16.25 -22.75 199.25
16.25 -11.75 201.75
12.25 -0.75 203.25
21.25 -3.25 204.75
15.25 -3.25 202.25
11.25 -0.25 202.75
21.25 -1.25 205.75
21.25 -0.25 205.25
11.25 -1.25 202.25
12.25 -2.75 202.25
21.25 -2.25 204.25
14.25 -2.75 202.75
26.25 -5.75 204.25
24.25 -5.75 204.75
32.25 -4.75 194.25
18.25 -23.75 199.25
31.25 -5.25 205.25
25.25 -5.25 204.75
51.25 -5.25 198.25
42.75 -5.25 196.75
44.75 -5.25 197.25
17.75 -28.75 198.75
24.75 -5.25 200.25
40.75 -5.25 196.25
15.75 -16.75 199.25
15.75 -17.75 199.75
16.75 -28.25 198.75
15.75 -14.75 200.25
15.75 -12.75 201.25
21.75 -4.75 203.75
15.75 -15.75 200.75
22.75 -5.25 203.75
23.75 -5.75 203.75
15.75 -13.75 201.75
18.75 -31.25 199.75
38.75 -5.25 199.75
46.75 -5.25 197.75
36.75 -5.25 199.25
20.75 -1.25 203.75
42.75 -5.25 198.25
44.75 -5.25 199.75
40.75 -5.25 198.75
18.75 -2.25 203.75
30.75 -5.25 203.25
28.75 -5.25 203.75
36.75 -5.25 197.75
38.75 -5.25 197.25
32.75 -5.25 196.75
15.75 -20.75 199.75
15.75 -11.75 200.25
15.75 -21.75 199.25
15.75 -9.75 201.25
15.75 -10.75 200.75
17.75 -7.75 201.75
20.75 -3.25 202.75
16.75 -7.25 201.75
24.75 -5.25 202.75
17.75 -2.75 203.25
16.75 -25.25 198.75
18.75 -26.25 199.75
18.75 -7.25 201.25
17.75 -25.75 198.75
26.75 -5.25 202.25
22.75 -5.25 201.25
46.75 -5.25 199.25
34.75 -5.25 196.25
18.75 -5.25 200.25
51.75 -4.75 195.75
49.75 -4.75 195.25
50.75 -5.25 195.25
46.75 -5.25 196.25
43.75 -5.75 197.25
38.75 -5.25 198.25
44.75 -5.25 196.75
36.75 -5.25 198.75
30.75 -5.25 200.25
48.75 -5.25 195.75
26.75 -5.25 201.25
28.75 -5.25 200.75
15.75 -18.75 199.75
15.75 -15.75 201.25
15.75 -19.75 199.25
15.75 -12.75 200.75
15.75 -14.75 201.75
15.75 -13.75 200.25
16.75 -31.25 198.75
40.75 -5.25 197.75
42.75 -5.25 197.25
21.75 -4.75 202.25
19.75 -3.75 200.25
50.75 -4.75 195.75
48.75 -4.75 195.25
31.75 -5.25 200.25
39.75 -5.25 198.25
33.75 -5.25 199.75
43.75 -5.25 197.25
37.75 -5.25 198.75
49.75 -5.25 195.75
29.75 -5.25 200.75
25.75 -5.25 201.75
15.75 -18.25 199.75
15.75 -12.25 200.75
15.75 -13.25 200.25
15.75 -15.25 201.25
15.75 -19.25 199.25
21.75 -5.25 202.75
16.75 -31.75 198.75
15.75 -14.25 201.75
17.75 -31.25 198.75
35.75 -5.25 199.25
47.75 -5.25 196.25
41.75 -5.25 197.75
23.75 -5.25 202.25
45.75 -5.25 196.75
55.25 -3.25 205.75
55.25 -1.25 204.75
46.25 -5.75 200.75
55.25 -2.25 205.25
55.25 -0.25 204.25
39.25 -5.25 202.75
37.25 -5.25 202.25
47.25 -5.25 200.75
43.25 -5.25 201.75
41.25 -5.25 201.25
18.25 -31.75 202.75
23.25 -5.25 198.75
15.25 -21.25 200.75
16.25 -6.75 198.75
15.25 -20.25 200.25
15.25 -22.25 201.25
21.25 -3.25 197.25
16.25 -2.75 196.75
15.25 -23.25 201.75
17.25 -6.25 198.75
21.25 -4.25 198.75
16.25 -30.75 202.75
16.25 -5.75 199.25
16.25 -31.75 202.25
17.25 -2.25 196.75
25.25 -5.25 197.25
24.25 -5.75 197.25
16.25 -29.75 203.25
18.25 -30.75 202.25
29.25 -5.25 196.25
45.25 -5.25 200.25
33.25 -5.25 203.25
31.25 -5.25 196.75
27.25 -5.25 197.75
19.25 -4.25 199.25
19.25 2.25 196.25
21.25 4.25 198.75
44.25 5.75 200.25
20.25 2.75 197.75
18.25 3.75 196.75
17.25 4.25 199.75
23.25 5.25 198.75
25.25 5.25 197.25
31.25 5.25 196.75
27.25 5.25 197.75
29.25 5.25 196.25
35.25 5.25 203.75
33.25 5.25 203.25
37.25 5.25 202.25
43.25 5.25 201.75
39.25 5.25 202.75
41.25 5.25 201.25
47.25 5.25 200.75
45.25 5.25 200.25
55.25 3.25 205.75
55.25 2.25 205.25
55.25 0.25 204.25
55.25 1.25 204.75
16.25 3.75 196.25
21.25 4.75 198.25
20.25 3.25 197.75
20.25 2.25 197.25
19.25 2.75 196.75
16.25 4.25 199.25
17.25 3.75 196.75
18.25 3.25 196.25
18.25 4.25 199.75
22.25 5.25 198.25
26.25 5.25 197.25
24.25 5.25 197.75
28.25 5.25 196.75
30.25 5.25 196.25
32.25 5.25 203.75
40.25 5.25 201.75
34.25 5.25 203.25
36.25 5.25 202.75
38.25 5.25 202.25
46.25 5.25 200.25
42.25 5.25 201.25
44.25 5.25 200.75
43.25 5.75 201.25
45.25 5.75 200.75
47.25 5.75 200.25
55.25 2.75 205.75
55.25 3.75 205.25
55.25 0.75 204.75
55.25 1.75 204.25
16.25 3.25 196.75
23.25 5.75 199.75
21.25 3.75 196.25
16.25 4.25 198.75
48.25 5.25 206.25
47.25 5.75 201.75
21.25 4.75 199.75
17.25 3.75 197.25
18.25 3.25 197.75
19.25 2.75 197.25
22.25 5.25 199.75
26.25 5.25 196.75
24.25 5.25 196.25
28.25 5.25 197.25
34.25 5.25 202.75
30.25 5.25 197.75
32.25 5.25 202.25
36.25 5.25 203.25
38.25 5.25 203.75
40.25 5.25 200.25
46.25 5.25 201.75
43.25 5.75 200.75
42.25 5.25 200.75
44.25 5.25 201.25
45.25 5.75 201.25
55.25 2.75 204.25
55.25 3.75 204.75
55.25 1.75 205.75
55.25 0.75 205.25
16.25 3.25 197.25
55.25 -2.25 198.75
55.25 -3.25 198.25
45.25 -5.25 195.75
55.25 -5.25 197.25
55.25 -1.25 199.25
55.25 -0.25 199.75
55.25 -4.25 197.75
53.25 -5.25 197.75
42.25 -4.75 194.75
49.25 -5.25 196.75
44.25 -4.75 195.25
18.25 -14.75 201.75
16.25 -17.75 198.75
16.25 -15.75 201.75
16.25 -18.75 199.25
14.25 -3.75 200.25
17.25 -17.25 198.75
10.25 -1.75 200.25
9.25 -0.25 200.25
22.25 -4.75 205.75
13.25 -3.25 200.75
11.25 -2.25 201.75
23.25 -5.25 205.25
47.25 -5.25 195.25
51.25 -5.25 196.25
40.25 -4.75 194.25
18.25 -19.75 199.25
17.25 -8.75 201.75
55.25 -3.75 197.75
55.25 -0.75 196.25
55.25 -4.75 198.25
55.25 -1.75 196.75
55.25 -2.75 197.25
50.25 -5.25 199.75
54.25 -5.25 198.75
52.25 -5.25 198.25
28.25 -5.25 204.25
34.25 -5.25 195.75
37.25 -4.75 194.75
16.25 -22.25 198.75
16.25 -21.25 199.25
17.25 -22.75 198.75
16.25 -8.25 201.75
15.25 -2.75 203.25
15.25 -4.75 200.25
25.25 -5.75 205.25
16.25 -9.25 201.25
24.25 -5.25 205.25
14.25 -2.25 203.25
27.25 -5.75 205.75
32.25 -5.25 195.25
48.25 -5.25 199.25
18.25 -20.25 199.25
26.25 -5.25 205.75
39.25 -4.75 194.25
18.25 -23.25 198.75
40.75 -5.75 197.25
49.75 -5.25 195.25
37.75 -5.25 198.25
41.75 -5.25 197.25
51.75 -5.25 195.75
29.75 -5.25 200.25
47.75 -5.25 196.75
45.75 -5.25 196.25
18.75 -29.75 199.75
21.75 -4.25 202.75
27.75 -5.25 201.75
15.75 -18.25 199.25
15.75 -19.25 199.75
15.75 -13.25 200.75
15.75 -12.25 200.25
15.75 -14.25 201.25
15.75 -15.25 201.75
16.75 -30.75 198.75
23.75 -5.25 202.75
17.75 -30.25 198.75
25.75 -5.25 201.25
21.75 -5.25 202.25
39.75 -5.25 198.75
43.75 -5.25 197.75
20.75 -3.75 201.25
55.25 -3.75 199.75
55.25 -4.75 196.25
55.25 -2.75 199.25
55.25 -0.75 198.25
55.25 -1.75 198.75
49.25 -5.75 197.25
54.25 -5.25 196.75
43.25 -4.75 195.25
50.25 -5.25 197.75
52.25 -5.25 196.25
48.25 -5.25 197.25
45.25 -4.75 194.75
42.25 -5.25 195.75
40.25 -5.25 195.25
16.25 -18.25 198.75
16.25 -17.25 199.25
16.25 -12.25 201.75
22.25 -5.25 204.75
10.25 -1.25 201.75
11.25 -2.75 200.25
14.25 -3.25 201.75
15.25 -3.75 201.75
10.25 -2.25 200.25
23.25 -5.75 204.75
18.25 -16.25 199.25
18.25 -13.25 201.75
43.75 -5.75 199.25
42.75 -5.25 199.25
44.75 -5.25 198.75
46.75 -5.25 198.25
40.75 -5.25 199.75
18.75 -5.25 201.25
34.75 -5.25 197.25
15.75 -22.75 199.75
15.75 -23.75 199.25
16.75 -27.25 198.75
15.75 -9.75 200.25
15.75 -11.75 201.25
15.75 -8.75 200.75
16.75 -3.25 202.75
16.75 -5.25 201.75
19.75 -2.75 202.75
25.75 -5.75 203.75
21.75 -3.75 203.75
19.75 -1.75 203.25
26.75 -5.25 203.25
17.75 -1.75 203.75
17.75 -3.75 202.75
24.75 -5.25 203.75
27.75 -5.75 203.25
20.75 -2.25 203.25
18.75 -7.25 200.25
20.75 -4.25 200.25
22.75 -5.25 200.25
36.75 -5.25 196.75
38.75 -5.25 196.25
21.75 -4.75 200.25
40.75 -5.75 198.75
42.75 -5.75 198.25
43.75 -5.25 198.25
45.75 -5.25 199.75
41.75 -5.25 198.75
35.75 -5.25 196.25
29.75 -5.25 203.75
27.75 -5.25 202.25
39.75 -5.25 197.25
37.75 -5.25 197.75
15.75 -20.25 199.75
15.75 -11.25 200.25
15.75 -21.25 199.25
15.75 -10.25 200.75
16.75 -7.75 201.75
15.75 -9.25 201.25
16.75 -2.75 203.25
16.75 -25.75 198.75
20.75 -1.75 203.75
24.75 -5.75 202.75
20.75 -3.75 202.75
25.75 -5.25 202.75
18.75 -26.75 199.75
17.75 -25.25 198.75
31.75 -5.25 203.25
47.75 -5.25 199.25
23.75 -5.25 201.25
46.75 -5.25 197.25
26.75 -5.25 200.25
38.75 -5.25 199.25
36.75 -5.25 199.75
15.75 -16.75 199.75
15.75 -17.75 199.25
15.75 -13.75 201.25
15.75 -14.75 200.75
21.75 -4.75 203.25
16.75 -4.25 202.25
16.75 -29.25 198.75
22.75 -5.25 203.25
23.75 -5.75 203.25
17.75 -29.75 198.75
42.75 -5.25 196.25
34.75 -5.25 198.25
18.75 -30.25 199.75
52.75 -5.25 195.75
44.75 -5.25 197.75
40.75 -5.25 196.75
19.75 -3.75 201.25
36.25 -5.25 199.25
42.25 -5.25 196.75
28.25 -5.25 201.25
46.25 -5.25 197.75
26.25 -5.25 200.75
44.25 -5.25 197.25
15.25 -15.75 200.75
15.25 -14.75 200.25
22.25 -5.25 203.75
16.25 -28.25 198.75
23.25 -5.75 203.75
16.25 -31.25 199.25
18.25 -4.25 202.25
18.25 -31.25 199.75
18.25 -30.25 199.25
34.25 -5.25 198.75
24.25 -5.25 200.25
30.25 -5.25 201.75
49.25 -4.75 195.75
40.25 -5.25 197.25
26.25 -5.25 201.75
46.25 -5.25 196.75
48.25 -5.25 195.25
42.25 -5.25 197.75
17.25 -30.75 198.75
15.25 -13.75 200.75
16.25 -29.25 199.25
22.25 -5.25 202.75
23.25 -5.75 202.75
21.25 -4.75 202.75
15.25 -12.75 200.25
16.25 -30.25 198.75
18.25 -28.25 199.25
50.25 -5.25 195.75
28.25 -5.25 200.25
24.25 -5.25 201.25
44.25 -5.25 196.25
38.25 -5.25 198.75
36.25 -5.25 198.25
34.25 -5.25 199.75
30.25 -5.25 200.75
29.25 -5.75 200.25
55.25 -2.25 204.25
55.25 -1.25 205.75
55.25 -0.25 205.25
55.25 -3.25 204.75
38.25 -5.75 203.75
45.25 -5.25 201.25
35.25 -5.25 202.75
39.25 -5.25 203.75
27.25 -5.25 196.75
15.25 -20.25 201.25
21.25 -3.25 196.25
16.25 -1.75 196.25
16.25 -7.75 199.25
15.25 -23.25 200.75
17.25 -3.25 197.25
16.25 -4.75 198.75
15.25 -21.25 201.75
16.25 -28.75 202.75
16.25 -29.75 202.25
17.25 -4.25 198.75
26.25 -5.75 196.75
19.25 -2.25 197.25
18.25 -3.75 197.75
19.25 -3.25 197.75
24.25 -5.75 196.25
17.25 -30.25 203.75
31.25 -5.25 197.75
33.25 -5.25 202.25
25.25 -5.25 196.25
41.25 -5.25 200.25
29.25 -5.25 197.25
43.25 -5.25 200.75
47.25 -5.25 201.75
18.25 -6.75 199.25
22.25 4.75 196.25
20.25 3.75 199.25
23.25 5.25 196.75
18.25 3.75 198.75
25.25 5.25 199.25
29.25 5.25 198.25
27.25 5.25 199.75
35.25 5.25 201.75
31.25 5.25 198.75
33.25 5.25 201.25
37.25 5.25 200.25
39.25 5.25 200.75
41.25 5.25 203.25
51.25 5.25 205.75
49.25 5.25 205.25
43.25 5.25 203.75
47.25 5.25 202.75
45.25 5.25 202.25
53.25 5.25 204.25
44.25 5.75 202.25
55.25 4.25 204.25
55.25 5.25 204.75
16.25 3.75 198.25
53.75 -5.25 195.75
38.75 -5.75 199.25
47.75 -5.25 197.25
45.75 -5.25 197.75
43.75 -5.25 196.25
29.75 -5.25 201.75
31.75 -5.25 201.25
35.75 -5.25 198.25
25.75 -5.25 200.75
39.75 -5.25 199.25
23.75 -5.25 203.25
37.75 -5.25 199.75
27.75 -5.25 200.25
15.75 -17.25 199.25
15.75 -16.25 199.75
15.75 -14.25 200.75
15.75 -13.25 201.25
16.75 -29.75 198.75
21.75 -4.25 203.25
22.75 -5.75 203.25
17.75 -29.25 198.75
41.75 -5.25 196.75
20.75 -3.75 200.75
17.75 -4.25 202.25
21.25 -4.25 196.25
55.25 -4.25 204.75
41.25 -5.25 203.75
53.25 -5.25 204.75
55.25 -5.25 204.25
43.25 -5.25 203.25
45.25 -5.25 202.75
20.25 -3.75 199.75
39.25 -5.25 200.25
51.25 -5.25 205.25
15.25 -17.25 200.25
15.25 -16.25 200.75
17.25 -23.25 204.75
15.25 -19.25 201.25
16.25 -27.75 202.75
16.25 -24.75 203.25
22.25 -4.75 196.75
16.25 -26.75 202.25
17.25 -22.25 204.25
23.25 -5.25 196.25
18.25 -3.75 198.25
18.25 -27.75 202.25
27.25 -5.25 199.25
49.25 -5.25 205.75
47.25 -5.25 202.25
35.25 -5.25 201.25
37.25 -5.25 200.75
25.25 -5.25 199.75
18.25 -26.75 202.75
54.25 -5.25 205.75
55.25 -4.75 205.25
42.25 -5.25 202.75
46.25 -5.25 203.75
34.25 -5.25 200.75
19.25 -29.75 200.75
50.25 -5.25 204.75
48.25 -5.25 204.25
40.25 -5.25 202.25
38.25 -5.25 201.75
32.25 -5.25 200.25
22.25 -5.25 197.75
15.25 -19.75 200.75
15.25 -18.75 200.25
16.25 -24.25 202.75
17.25 -21.75 204.25
16.25 -27.25 203.25
16.25 -25.25 202.25
18.25 -31.25 201.75
18.25 -25.25 202.75
52.25 -5.25 205.25
28.25 -5.25 199.25
44.25 -5.25 203.25
30.25 -5.25 199.75
26.25 -5.25 198.75
24.25 5.75 196.75
21.25 3.25 196.75
42.25 5.75 200.25
19.25 3.25 197.25
21.25 4.25 199.25
19.25 1.25 196.25
23.25 5.25 199.25
18.25 3.75 197.25
25.25 5.25 196.75
29.25 5.25 197.75
27.25 5.25 196.25
33.25 5.25 202.75
31.25 5.25 197.25
35.25 5.25 202.25
37.25 5.25 203.75
39.25 5.25 203.25
41.25 5.25 200.75
45.25 5.25 201.75
43.25 5.25 200.25
47.25 5.25 201.25
46.25 5.75 201.25
55.25 3.25 204.25
55.25 0.25 205.75
55.25 2.25 204.75
55.25 1.25 205.25
16.25 3.75 197.75
21.25 2.75 196.25
21.25 3.75 196.75
50.25 5.25 206.25
18.25 4.25 198.75
19.25 2.75 197.75
19.25 1.75 196.25
18.25 3.25 197.25
16.25 3.25 197.75
17.25 3.75 197.75
22.25 5.25 199.25
24.25 5.25 196.75
26.25 5.25 196.25
30.25 5.25 197.25
28.25 5.25 197.75
32.25 5.25 202.75
46.25 5.25 201.25
36.25 5.25 203.75
34.25 5.25 202.25
40.25 5.25 200.75
38.25 5.25 203.25
44.25 5.25 201.75
42.25 5.25 200.25
47.25 5.75 201.25
43.25 5.75 200.25
55.25 3.75 204.25
55.25 2.75 204.75
55.25 0.75 205.75
55.25 1.75 205.25
21.25 4.75 199.25
53.75 -5.25 205.75
51.75 -5.25 204.25
41.75 -5.25 202.75
43.75 -5.25 202.25
49.75 -5.25 204.75
45.75 -5.25 203.75
17.75 -26.25 203.25
47.75 -5.25 203.25
29.75 -5.25 199.75
27.75 -5.25 198.25
18.75 -31.75 201.25
31.75 -5.25 199.25
15.75 -23.25 202.25
21.75 -5.25 197.75
15.75 -13.25 199.25
15.75 -17.25 201.25
15.75 -12.25 199.75
20.75 -3.75 198.75
16.75 -26.75 203.25
15.75 -19.25 200.25
16.75 -27.75 203.75
21.75 -4.25 197.25
15.75 -16.25 201.75
22.75 -5.75 197.25
18.75 -28.75 200.75
18.75 -29.75 200.25
23.75 -5.25 197.25
25.75 -5.25 198.75
18.75 -30.75 201.75
17.75 -27.25 203.75
18.75 -25.75 202.25
35.75 -5.25 200.25
39.75 -5.25 201.25
37.75 -5.25 201.75
48.25 -5.25 194.75
43.25 -5.75 196.25
42.25 -5.25 196.25
26.25 -5.25 200.25
34.25 -5.25 198.25
38.25 -5.25 199.25
18.25 -31.25 199.25
15.25 -14.75 200.75
15.25 -15.75 200.25
16.25 -30.25 199.25
16.25 -29.25 198.75
22.25 -5.25 203.25
23.25 -5.75 203.25
16.25 -31.25 199.75
18.25 -30.25 199.75
28.25 -5.25 201.75
52.25 -5.25 195.75
32.25 -5.25 198.75
30.25 -5.25 201.25
44.25 -5.25 197.75
46.25 -5.25 197.25
40.25 -5.25 196.75
19.25 -3.75 201.25
24.25 -5.25 200.75
21.25 3.75 197.25
47.25 5.75 200.75
20.25 2.25 197.75
21.25 4.75 198.75
45.25 5.75 200.25
16.25 4.25 199.75
18.25 4.25 199.25
17.25 3.75 196.25
18.25 3.25 196.75
24.25 5.25 197.25
22.25 5.25 198.75
26.25 5.25 197.75
28.25 5.25 196.25
30.25 5.25 196.75
32.25 5.25 203.25
36.25 5.25 202.25
34.25 5.25 203.75
40.25 5.25 201.25
38.25 5.25 202.75
46.25 5.25 200.75
42.25 5.25 201.75
44.25 5.25 200.25
55.25 3.75 205.75
55.25 2.75 205.25
55.25 1.75 204.75
55.25 0.75 204.25
16.25 3.25 196.25
54.75 -2.25 200.25
46.75 -5.25 205.75
42.75 -5.25 204.75
54.75 -5.25 203.75
52.75 -5.25 203.25
50.75 -5.25 202.75
18.75 -20.25 202.25
18.75 -17.25 200.75
40.75 -5.25 204.25
15.75 -3.75 198.75
16.75 -12.25 198.75
15.75 -29.75 201.75
15.75 -28.75 201.25
16.75 -22.25 203.75
10.75 -2.25 199.25
15.75 -30.75 200.25
11.75 -2.75 199.25
14.75 -3.25 198.75
15.75 -26.75 202.25
16.75 -25.25 204.25
22.75 -5.25 195.75
15.75 -31.75 200.75
9.75 -0.75 198.75
16.75 -23.25 203.25
18.75 -16.25 200.25
18.75 -18.25 201.25
17.75 -23.75 203.25
23.75 -4.75 195.25
18.75 -15.25 199.75
44.75 -5.25 205.25
18.75 -19.25 201.75
48.75 -5.25 202.25
18.75 -14.25 199.25
50.25 -4.75 195.75
42.25 -5.75 197.25
48.25 -4.75 195.25
35.25 -5.25 199.25
30.25 -5.75 200.25
39.25 -5.25 198.25
31.25 -5.25 200.25
37.25 -5.25 198.75
23.25 -5.25 202.25
15.25 -13.25 200.25
16.25 -28.75 199.25
16.25 -31.75 198.75
18.25 -29.75 199.25
21.25 -4.25 202.25
45.25 -5.25 196.75
27.25 -5.25 201.25
29.25 -5.25 200.75
47.25 -5.25 196.25
33.25 -5.25 199.75
41.25 -5.25 197.75
43.25 -5.25 197.25
49.25 -5.25 195.75
22.25 4.75 196.75
20.25 3.75 199.75
19.25 3.25 198.25
18.25 3.75 198.25
23.25 5.25 196.25
27.25 5.25 199.25
25.25 5.25 199.75
29.25 5.25 198.75
31.25 5.25 198.25
33.25 5.25 201.75
36.25 5.75 200.75
35.25 5.25 201.25
37.25 5.25 200.75
41.25 5.25 203.75
39.25 5.25 200.25
43.25 5.25 203.25
49.25 5.25 205.75
53.25 5.25 204.75
47.25 5.25 202.25
51.25 5.25 205.25
45.25 5.25 202.75
54.25 5.75 204.25
55.25 5.25 204.25
55.25 4.25 204.75
16.25 3.75 198.75
22.25 -4.75 203.75
39.25 -5.25 199.25
37.25 -5.25 199.75
47.25 -5.25 197.25
41.25 -5.25 196.75
35.25 -5.25 198.25
43.25 -5.25 196.25
15.25 -15.25 200.25
16.25 -30.75 199.25
17.25 -4.25 202.25
23.25 -5.25 203.25
16.25 -31.75 199.75
21.25 -4.25 203.25
22.25 -5.75 203.25
16.25 -29.75 198.75
18.25 -31.75 199.25
18.25 -30.75 199.75
29.25 -5.25 201.75
53.25 -5.25 195.75
33.25 -5.25 198.75
31.25 -5.25 201.25
27.25 -5.25 200.25
45.25 -5.25 197.75
20.25 -3.75 200.75
27.75 -2.75 187.75
26.75 -2.25 187.75
49.75 -4.75 195.75
42.75 -5.25 197.75
48.75 -5.25 195.25
50.75 -5.25 195.75
34.75 -5.25 199.75
32.75 -5.25 199.25
28.75 -5.25 200.25
24.75 -5.25 201.25
44.75 -5.25 196.25
30.75 -5.25 200.75
46.75 -5.25 196.75
17.75 -30.75 198.75
15.75 -13.75 200.75
15.75 -12.75 200.25
15.75 -14.75 201.25
15.75 -19.75 199.75
15.75 -15.75 201.75
15.75 -18.75 199.25
16.75 -30.25 198.75
21.75 -4.75 202.75
22.75 -5.25 202.75
18.75 -29.25 199.75
38.75 -5.25 198.75
36.75 -5.25 198.25
40.75 -5.25 197.25
26.25 -0.25 190.25
27.25 -2.75 191.25
26.25 -1.25 190.75
43.75 -5.25 205.75
55.75 -5.25 202.75
47.75 -5.25 204.75
49.75 -5.25 203.25
51.75 -5.25 203.75
18.75 -16.75 201.25
53.75 -5.25 202.25
45.75 -5.25 204.25
22.75 -3.75 193.75
16.75 -20.75 203.75
22.75 -4.75 194.25
16.75 -14.75 198.75
15.75 -24.25 202.25
15.75 -30.25 201.25
9.75 -0.25 199.75
15.75 -28.25 200.25
13.75 -3.25 199.25
16.75 -27.75 204.25
15.75 -29.25 200.75
11.75 -2.25 198.25
9.75 -1.25 199.25
14.75 -3.75 199.75
15.75 -31.25 201.75
21.75 -2.25 193.75
23.75 -5.25 194.75
18.75 -19.75 200.75
18.75 -18.75 200.25
18.75 -22.75 202.25
17.75 -20.25 203.75
41.75 -5.25 205.25
26.75 -2.25 187.25
27.75 -2.75 187.25
22.75 -4.75 205.75
51.75 -5.25 196.25
49.75 -5.25 196.75
45.75 -5.25 195.75
44.75 -4.75 195.25
18.75 -18.75 199.75
53.75 -5.25 197.75
42.75 -4.75 194.75
16.75 -17.75 198.75
15.75 -28.25 199.75
13.75 -3.25 200.75
9.75 -1.25 200.75
11.75 -2.25 201.75
14.75 -3.75 200.25
9.75 -0.25 200.25
21.75 -4.25 205.25
23.75 -5.25 205.25
18.75 -13.75 200.25
18.75 -12.75 200.75
40.75 -4.75 194.25
18.75 -15.75 201.25
45.25 -5.25 197.25
36.25 -5.75 199.25
47.25 -5.25 197.75
31.25 -5.25 201.75
33.25 -5.25 198.25
39.25 -5.25 199.75
35.25 -5.25 198.75
25.25 -5.25 200.25
43.25 -5.25 196.75
15.25 -15.25 200.75
15.25 -14.25 200.25
16.25 -28.75 198.75
16.25 -31.75 199.25
18.25 -31.75 199.75
18.25 -30.75 199.25
18.25 -3.75 201.75
37.25 -5.25 199.25
20.25 -3.75 200.25
41.25 -5.25 196.25
27.25 -5.25 200.75
11.75 -0.75 203.25
22.75 -3.25 205.75
54.75 -2.25 197.25
50.75 -5.25 199.75
54.75 -5.25 198.75
52.75 -5.25 198.25
34.75 -5.25 195.75
24.75 -5.25 205.25
18.75 -21.25 199.75
39.75 -4.75 194.25
16.75 -22.25 198.75
15.75 -27.75 199.75
15.75 -5.75 200.75
21.75 -3.75 205.25
15.75 -6.75 201.25
15.75 -2.75 203.25
21.75 -2.75 205.75
16.75 -15.25 202.25
16.75 -8.25 201.75
15.75 -4.75 200.25
20.75 -1.25 204.25
14.75 -2.25 203.25
25.75 -5.75 205.25
18.75 -11.25 200.75
18.75 -8.25 201.25
37.75 -4.75 194.75
48.75 -5.25 199.25
14.75 -0.75 203.75
16.75 -0.75 204.25
12.75 -0.75 203.25
13.75 -1.25 203.75
21.75 -3.25 204.75
48.75 -5.75 198.75
53.75 -5.25 199.75
51.75 -5.25 198.25
39.75 -5.25 195.25
32.75 -4.75 194.25
31.75 -5.25 205.25
37.75 -5.25 195.75
29.75 -5.25 205.75
18.75 -11.75 201.25
17.75 -21.25 198.75
18.75 -8.75 200.75
15.75 -24.25 199.75
15.75 -25.25 199.25
16.75 -21.75 198.75
15.75 -7.25 200.25
15.75 -6.25 200.75
15.75 -5.25 201.25
12.75 -2.75 202.25
15.75 -3.25 202.25
16.75 -11.75 201.75
14.75 -2.75 202.75
14.75 -1.75 203.25
10.75 -0.75 202.75
15.75 -0.25 203.75
26.75 -5.75 204.25
24.75 -5.75 204.75
15.75 -4.25 201.75
18.75 -22.75 199.75
17.75 -11.25 201.75
34.75 -4.75 194.75
49.75 -5.25 198.75
18.75 -9.75 200.25
25.75 -5.25 204.75
22.75 5.75 197.25
21.75 5.25 197.75
20.75 3.75 198.75
21.75 4.25 197.25
17.75 4.25 196.25
46.75 5.75 203.25
18.75 3.75 199.25
31.75 5.25 199.25
25.75 5.25 198.75
23.75 5.25 197.25
27.75 5.25 198.25
29.75 5.25 199.75
33.75 5.25 200.75
35.75 5.25 200.25
39.75 5.25 201.25
37.75 5.25 201.75
41.75 5.25 202.75
53.75 5.25 205.75
45.75 5.25 203.75
51.75 5.25 204.25
47.75 5.25 203.25
49.75 5.25 204.75
43.75 5.25 202.25
44.75 5.75 203.75
48.75 5.75 204.75
50.75 5.75 204.25
42.75 5.75 202.25
52.75 5.75 205.75
15.75 3.25 192.25
11.75 2.75 198.75
13.75 3.75 199.75
17.75 4.75 195.25
14.75 3.25 199.25
12.75 3.25 199.75
16.75 4.25 195.25
15.75 3.75 199.25
23.75 4.75 194.75
40.75 5.25 205.75
42.75 5.25 205.25
54.75 5.25 202.25
46.75 5.25 204.25
44.75 5.25 204.75
48.75 5.25 203.75
50.75 5.25 203.25
52.75 5.25 202.75
49.75 5.75 203.75
53.75 5.75 202.75
45.75 5.75 204.75
47.75 5.75 204.25
16.75 1.25 193.75
9.75 0.75 199.25
17.75 2.75 192.25
17.75 1.75 193.75
22.75 -2.75 205.75
16.75 -9.75 201.75
53.75 -5.25 198.75
51.75 -5.25 199.25
31.75 -5.25 204.25
49.75 -5.25 199.75
18.75 -11.75 200.25
18.75 -9.75 201.25
33.75 -5.25 195.75
36.75 -4.75 194.25
16.75 -23.75 198.75
15.75 -7.25 201.25
21.75 -3.25 205.75
15.75 -26.25 199.75
20.75 -1.75 204.75
15.75 -4.25 200.75
13.75 -2.25 203.25
20.75 -0.75 204.25
15.75 -5.25 200.25
27.75 -5.25 205.25
25.75 -5.25 205.75
12.75 -1.75 202.75
15.75 -2.25 203.75
24.75 -5.75 205.75
35.75 -5.25 195.25
38.75 -4.75 194.75
54.75 -0.25 199.75
54.75 -5.25 197.25
52.75 -5.25 197.75
43.75 -4.75 194.75
18.75 -18.25 199.75
18.75 -13.25 200.25
45.75 -4.75 195.25
16.75 -17.25 198.75
15.75 -28.75 199.75
22.75 -5.25 205.25
9.75 -0.75 200.25
13.75 -3.75 200.75
12.75 -3.25 200.75
23.75 -5.75 205.25
10.75 -2.25 201.75
11.75 -2.75 201.75
48.75 -5.25 196.75
18.75 -12.25 200.75
44.75 -5.25 195.75
50.75 -5.25 196.25
18.75 -15.25 201.25
41.75 -4.75 194.25
18.75 -19.25 199.25
12.75 -0.25 203.25
16.75 -0.25 204.25
54.75 -4.25 199.75
38.75 -5.25 195.25
52.75 -5.25 199.75
54.75 -5.25 199.25
48.75 -5.25 198.75
30.75 -5.25 205.25
26.75 -5.25 204.25
16.75 -21.25 198.75
15.75 -24.75 199.75
15.75 -7.75 200.25
13.75 -2.75 202.25
14.75 -3.25 202.25
20.75 -2.25 204.25
15.75 -5.75 201.25
10.75 -1.25 202.25
21.75 -3.75 204.75
15.75 -2.75 202.75
20.75 -0.25 205.25
16.75 -11.25 201.75
15.75 -6.75 200.75
10.75 -0.25 202.75
11.75 -1.75 202.25
15.75 -25.75 199.25
15.75 -0.75 203.75
24.75 -5.25 204.75
25.75 -5.75 204.75
18.75 -22.25 199.75
50.75 -5.25 198.25
18.75 -9.25 200.25
18.75 -11.25 201.25
33.75 -4.75 194.25
35.75 -4.75 194.75
36.75 -5.25 195.75
17.75 -11.75 201.75
26.75 -2.25 188.75
27.75 -2.75 188.75
49.25 -4.75 196.25
55.25 -2.75 198.75
47.25 -4.75 195.75
55.25 -0.75 199.75
55.25 -4.75 197.75
55.25 -1.75 199.25
55.25 -3.75 198.25
44.25 -5.25 195.75
50.25 -5.25 196.25
48.25 -5.25 196.75
54.25 -5.25 197.25
52.25 -5.25 197.75
16.25 -17.25 198.75
16.25 -18.25 199.25
12.25 -3.25 200.75
16.25 -15.25 201.75
22.25 -5.25 205.25
22.25 -4.25 205.75
15.25 -3.75 200.25
46.25 -5.25 195.25
41.25 -4.75 194.25
43.25 -4.75 194.75
45.25 -4.75 195.25
18.25 -16.25 198.75
18.25 -19.25 199.25
18.25 -14.25 201.75
15.25 -11.75 200.25
36.25 -5.25 197.75
44.25 -5.25 199.75
18.25 -7.25 201.25
22.25 -5.25 201.25
42.25 -5.25 198.25
40.25 -5.25 198.75
38.25 -5.25 197.25
21.25 -4.75 201.25
16.25 -26.25 199.25
16.25 -25.25 198.75
21.25 -3.75 202.75
16.25 -7.25 201.75
17.25 -7.75 201.75
17.25 -2.75 203.25
24.25 -5.25 202.75
16.25 -6.25 201.25
17.25 -25.75 198.75
18.25 -27.25 199.25
30.25 -5.25 203.25
26.25 -5.25 202.25
46.25 -5.25 199.25
28.25 -5.25 203.75
34.25 -5.25 196.25
16.75 -9.25 201.75
21.75 -2.75 205.25
54.75 -4.25 198.75
54.75 -2.25 197.75
54.75 -0.25 196.75
48.75 -5.25 199.75
54.75 -5.25 198.25
52.75 -5.25 198.75
39.75 -4.75 194.75
37.75 -4.75 194.25
17.75 -23.75 198.75
15.75 -26.75 199.75
16.75 -23.25 198.75
15.75 -5.75 200.25
15.75 -4.75 200.75
15.75 -7.75 201.25
21.75 -3.75 205.75
20.75 -1.25 204.75
24.75 -5.25 205.75
20.75 -0.25 204.25
26.75 -5.25 205.25
27.75 -5.75 205.25
25.75 -5.75 205.75
15.75 -27.75 199.25
50.75 -5.25 199.25
18.75 -11.25 200.25
18.75 -20.25 199.75
18.75 -9.25 201.25
27.75 -2.75 188.25
26.75 -1.25 189.75
26.75 -2.25 188.25
50.25 -4.75 195.25
43.25 -5.25 197.75
41.25 -5.25 197.25
47.25 -5.25 196.75
39.25 -5.25 198.75
51.25 -5.25 195.75
45.25 -5.25 196.25
35.25 -5.25 199.75
33.25 -5.25 199.25
48.25 -4.75 195.75
16.25 -29.75 199.25
21.25 -4.25 202.75
16.25 -30.75 198.75
15.25 -12.25 200.25
18.25 -28.75 199.25
29.25 -5.25 200.25
49.25 -5.25 195.25
37.25 -5.25 198.25
25.25 -5.25 201.25
20.25 -3.75 201.25
27.25 -5.25 201.75
23.25 -5.25 202.75
41.25 -5.25 198.75
45.25 -5.25 199.75
37.25 -5.25 197.75
19.25 -4.25 200.75
25.25 -5.25 202.75
27.25 -5.25 202.25
16.25 -25.75 198.75
16.25 -2.75 203.25
16.25 -26.75 199.25
16.25 -7.75 201.75
16.25 -6.75 201.25
17.25 -25.25 198.75
47.25 -5.25 199.25
31.25 -5.25 203.25
33.25 -5.25 196.75
29.25 -5.25 203.75
39.25 -5.25 197.25
43.25 -5.25 198.25
18.25 -27.75 199.25
35.25 -5.25 196.25
51.25 -4.75 195.75
38.25 -5.25 198.25
44.25 -5.25 196.75
42.25 -5.25 197.25
36.25 -5.25 198.75
34.25 -5.25 199.25
22.25 -5.25 202.25
40.25 -5.25 197.75
24.25 -5.25 201.75
18.25 -29.25 199.25
16.25 -28.25 199.25
15.25 -13.75 200.25
16.25 -31.25 198.75
17.25 -31.75 198.75
32.25 -5.25 199.75
28.25 -5.25 200.75
46.25 -5.25 196.25
30.25 -5.25 200.25
48.25 -5.25 195.75
26.25 -5.25 201.25
50.25 -5.25 195.25
45.25 -5.75 198.75
38.25 -5.25 196.25
42.25 -5.25 199.25
40.25 -5.25 199.75
18.25 -4.25 201.75
44.25 -5.25 198.75
16.25 -24.25 199.25
16.25 -27.25 198.75
16.25 -1.25 203.75
21.25 -3.75 203.75
17.25 -3.75 202.75
16.25 -4.25 201.25
16.25 -3.25 202.75
26.25 -5.25 203.25
19.25 -2.75 202.75
17.25 -1.75 203.75
24.25 -5.25 203.75
19.25 -1.75 203.25
17.25 -5.75 201.75
27.25 -5.75 203.25
19.25 -3.75 202.25
16.25 -5.25 201.75
17.25 -27.75 198.75
32.25 -5.25 197.75
18.25 -5.25 201.25
30.25 -5.25 202.25
18.25 -25.25 199.25
36.25 -5.25 196.75
46.25 -5.25 198.25
21.25 -4.75 200.25
28.25 -5.25 202.75
22.25 -5.25 200.25
21.25 -2.75 203.75
40.25 -5.25 199.25
42.25 -5.25 199.75
44.25 -5.25 198.25
36.25 -5.25 196.25
46.25 -5.25 198.75
38.25 -5.25 196.75
32.25 -5.25 197.25
28.25 -5.25 202.25
22.25 -5.25 200.75
34.25 -5.25 197.75
17.25 -26.75 198.75
16.25 -25.25 199.25
16.25 -4.25 201.75
16.25 -5.25 201.25
27.25 -5.75 203.75
16.25 -26.25 198.75
18.25 -3.25 202.75
21.25 -3.75 203.25
17.25 -3.75 202.25
25.25 -5.75 203.25
21.25 -4.75 200.75
26.25 -5.25 203.75
24.25 -5.25 203.25
30.25 -5.25 202.75
18.25 -24.25 199.25
54.75 -2.25 199.25
50.75 -5.25 197.75
52.75 -5.25 196.25
48.75 -5.25 197.25
40.75 -5.25 195.25
43.75 -4.75 195.25
45.75 -4.75 194.75
17.75 -12.75 201.75
54.75 -5.25 196.75
42.75 -5.25 195.75
17.75 -18.75 198.75
16.75 -18.25 198.75
12.75 -3.25 201.25
14.75 -3.25 201.75
15.75 -3.75 201.75
10.75 -2.25 200.25
15.75 -30.75 199.25
11.75 -2.75 200.25
16.75 -12.25 201.75
15.75 -31.75 199.75
9.75 -0.75 201.75
23.75 -5.75 204.75
18.75 -17.25 199.75
18.75 -15.25 200.75
18.75 -12.25 201.25
18.75 -14.25 200.25
22.75 -5.25 204.75
16.25 -1.75 203.75
41.25 -5.25 199.75
39.25 -5.25 196.25
45.25 -5.25 198.75
47.25 -5.25 198.25
25.25 -5.25 203.75
37.25 -5.25 196.75
21.25 -4.25 200.25
19.25 -3.25 202.25
16.25 -24.75 199.25
16.25 -5.75 201.75
21.25 -3.25 203.75
16.25 -27.75 198.75
16.25 -4.75 201.25
17.25 -3.25 202.75
24.25 -5.75 203.75
26.25 -5.75 203.25
18.25 -3.75 202.25
27.25 -5.25 203.25
17.25 -27.25 198.75
33.25 -5.25 197.75
31.25 -5.25 202.25
29.25 -5.25 202.75
18.25 -25.75 199.25
43.25 -5.25 199.25
35.25 -5.25 197.25
47.75 -4.75 194.75
54.75 -5.25 196.25
48.75 -5.25 197.75
52.75 -5.25 196.75
15.75 -30.75 199.75
11.75 -2.75 200.75
10.75 -2.25 200.75
9.75 -0.75 201.25
12.75 -3.25 201.75
16.75 -13.25 201.75
14.75 -3.25 201.25
22.75 -5.25 204.25
16.75 -19.25 198.75
21.75 -4.75 204.25
18.75 -16.25 199.75
18.75 -15.25 200.25
40.75 -5.25 195.75
50.75 -5.25 197.25
42.75 -5.25 195.25
17.75 -19.75 198.75
48.75 -5.25 196.25
43.75 -4.75 194.25
47.75 -4.75 195.25
44.75 -5.25 195.25
50.75 -5.25 196.75
54.75 -5.25 197.75
46.75 -5.25 195.75
52.75 -5.25 197.25
16.75 -16.25 198.75
15.75 -29.75 199.75
12.75 -3.25 200.25
10.75 -2.25 201.25
22.75 -5.25 205.75
16.75 -14.25 201.75
13.75 -3.75 200.25
9.75 -1.75 200.25
9.75 -0.75 200.75
11.75 -2.75 201.25
23.75 -5.75 205.75
15.75 -28.75 199.25
18.75 -12.25 200.25
18.75 -14.25 201.25
41.75 -4.75 194.75
18.75 -13.25 200.75
18.75 -19.25 199.75
47.25 -5.25 199.75
41.25 -5.25 198.25
18.25 -26.75 199.25
29.25 -5.25 203.25
39.25 -5.25 197.75
16.25 -27.75 199.25
16.25 -24.75 198.75
16.25 -7.75 201.25
16.25 -6.75 201.75
17.25 -2.25 203.75
18.25 -2.75 203.25
17.25 -6.25 201.75
17.25 -3.25 203.25
45.25 -5.25 199.25
33.25 -5.25 196.25
43.25 -5.25 198.75
19.25 -4.25 200.25
25.25 -5.25 202.25
37.25 -5.25 197.25
46.25 -5.75 198.75
39.25 -5.25 196.75
47.25 -5.25 198.75
33.25 -5.25 197.25
17.25 -4.25 201.75
29.25 -5.25 202.25
16.25 -25.75 199.25
16.25 -26.75 198.75
16.25 -3.75 202.25
16.25 -2.75 202.75
16.25 -5.75 201.25
21.25 -3.25 203.25
27.25 -5.25 203.75
25.25 -5.25 203.25
19.25 -3.25 202.75
26.25 -5.75 203.75
24.25 -5.75 203.25
16.25 -4.75 201.75
17.25 -26.25 198.75
41.25 -5.25 199.25
43.25 -5.25 199.75
37.25 -5.25 196.25
19.25 -4.25 201.25
45.25 -5.25 198.25
18.25 -24.75 199.25
42.25 -5.25 198.75
46.25 -5.25 199.75
36.25 -5.25 197.25
38.25 -5.25 197.75
40.25 -5.25 198.25
16.25 -6.25 201.75
16.25 -24.25 198.75
16.25 -2.25 203.75
16.25 -27.25 199.25
16.25 -7.25 201.25
18.25 -26.25 199.25
32.25 -5.25 196.25
28.25 -5.25 203.25
44.25 -5.25 199.25
24.25 -5.25 202.25
22.25 -5.25 201.75
34.25 -5.25 196.75
13.75 3.25 200.25
18.75 3.75 207.75
17.75 4.25 204.75
11.75 2.25 201.25
16.75 4.75 204.75
14.75 3.75 200.75
23.75 5.25 205.75
40.75 4.75 194.75
45.75 5.25 195.25
49.75 5.25 196.25
42.75 4.75 194.25
46.75 4.75 195.25
53.75 5.25 197.25
51.75 5.25 196.75
47.75 5.25 195.75
52.75 5.75 197.25
9.75 1.25 200.25
9.75 0.25 200.75
16.75 1.75 206.25
16.75 2.75 207.75
18.75 4.25 204.75
49.75 5.75 196.75
39.75 4.75 193.75
47.75 4.75 195.75
12.75 3.25 200.75
22.75 5.25 205.25
13.75 3.75 200.75
16.75 4.25 204.25
15.75 3.75 200.25
18.75 3.25 207.25
52.75 5.25 197.75
41.75 4.75 194.25
54.75 5.25 197.25
45.75 4.75 195.25
44.75 5.25 195.75
48.75 5.25 196.75
46.75 5.25 195.25
50.75 5.25 196.25
43.75 4.75 194.75
9.75 0.75 200.25
16.75 2.25 207.25
17.75 2.75 207.25
41.75 -5.25 195.25
53.75 -5.25 196.25
42.75 -4.75 195.25
51.75 -5.25 197.75
43.75 -5.25 195.75
18.75 -14.75 200.25
47.75 -5.25 194.75
21.75 -4.25 204.75
13.75 -3.25 201.25
9.75 -0.25 201.75
10.75 -1.75 201.75
16.75 -12.75 201.75
12.75 -2.75 201.75
16.75 -18.75 198.75
9.75 -1.25 201.25
10.75 -2.75 200.25
22.75 -5.75 204.75
15.75 -31.25 199.75
15.75 -30.25 199.25
18.75 -15.75 200.75
49.75 -5.25 197.25
18.75 -12.75 201.25
44.75 -4.75 194.75
18.75 -16.75 199.25
16.75 4.25 204.75
11.75 2.75 201.25
13.75 3.75 200.25
12.75 3.25 200.25
15.75 3.75 200.75
22.75 5.25 205.75
17.75 4.75 204.75
37.75 4.75 193.75
41.75 4.75 194.75
54.75 5.25 197.75
52.75 5.25 197.25
48.75 5.25 196.25
43.75 4.75 194.25
50.75 5.25 196.75
47.75 4.75 195.25
53.75 5.75 197.25
44.75 5.25 195.25
46.75 5.25 195.75
9.75 0.75 200.75
17.75 1.75 206.25
17.75 2.75 207.75
16.75 4.75 204.25
22.75 4.75 205.75
11.75 2.25 201.75
21.75 4.25 205.25
46.75 4.75 195.75
13.75 3.25 200.75
14.75 3.75 200.25
23.75 5.25 205.25
18.75 3.75 207.25
17.75 4.25 204.25
47.75 5.25 195.25
53.75 5.25 197.75
40.75 4.75 194.25
49.75 5.25 196.75
44.75 4.75 195.25
51.75 5.25 196.25
42.75 4.75 194.75
45.75 5.25 195.75
9.75 1.25 200.75
9.75 0.25 200.25
16.75 2.75 207.25
10.75 1.75 201.25
21.75 4.25 204.25
14.75 3.75 201.25
12.75 2.75 201.25
18.75 3.75 206.25
13.75 3.25 201.75
16.75 4.75 205.25
17.75 5.25 205.75
23.75 5.25 204.25
40.75 4.75 195.25
34.75 4.75 193.75
44.75 4.75 194.25
41.75 5.25 195.75
43.75 5.25 195.25
49.75 5.25 197.75
51.75 5.25 197.25
46.75 4.75 194.75
50.75 5.75 197.25
53.75 5.25 196.75
48.75 5.75 197.75
9.75 0.25 201.25
16.25 3.25 206.75
22.25 4.25 204.75
16.25 5.25 205.75
11.25 2.75 200.75
22.25 5.25 204.25
17.25 4.75 205.25
14.25 3.25 201.25
15.25 3.75 201.25
18.25 4.25 205.75
35.25 4.75 193.75
41.25 4.75 195.25
40.25 5.25 195.75
42.25 5.25 195.25
47.25 4.75 194.75
52.25 5.25 196.75
50.25 5.25 197.25
48.25 5.25 197.75
54.25 5.25 196.25
55.25 3.75 199.25
55.25 4.75 196.75
55.25 2.75 199.75
55.25 1.75 198.25
55.25 0.75 198.75
10.25 1.25 201.25
16.25 2.25 206.25
16.25 4.25 205.25
10.25 0.25 201.75
15.25 3.25 201.25
16.25 4.75 205.25
11.25 2.25 200.75
22.25 4.75 204.75
12.25 2.75 201.25
13.25 3.25 201.75
18.25 4.75 205.75
17.25 5.25 205.75
23.25 5.25 204.25
40.25 4.75 195.25
41.25 5.25 195.75
43.25 5.25 195.25
46.25 4.75 194.75
44.25 4.75 194.25
51.25 5.25 197.25
49.25 5.25 197.75
53.25 5.25 196.75
55.25 3.25 199.25
55.25 4.25 196.75
55.25 0.25 198.75
55.25 2.25 199.75
55.25 1.25 198.25
10.25 0.75 201.75
18.25 2.75 206.75
23.75 5.75 201.75
16.75 3.25 203.25
15.75 5.75 207.75
20.75 4.25 201.75
39.75 5.75 197.75
20.75 3.25 202.25
47.75 5.75 199.75
21.75 4.75 201.75
18.75 3.25 203.75
18.75 4.25 200.25
17.75 3.75 203.25
16.75 4.25 200.75
22.75 5.25 201.75
24.75 5.25 202.25
26.75 5.25 202.75
28.75 5.25 203.25
30.75 5.25 203.75
34.75 5.25 196.75
32.75 5.25 196.25
36.75 5.25 197.25
38.75 5.25 197.75
40.75 5.25 198.25
44.75 5.25 199.25
46.75 5.25 199.75
42.75 5.25 198.75
15.75 3.75 204.75
15.75 2.75 204.25
15.75 4.75 207.25
21.75 3.75 203.75
16.75 3.25 202.75
15.75 1.75 204.25
19.75 1.75 203.25
21.75 4.75 200.25
20.75 4.25 200.25
16.75 4.25 201.25
18.75 3.25 202.25
19.75 2.75 202.75
31.75 5.75 202.25
23.75 5.75 200.25
17.75 3.75 202.75
24.75 5.25 203.75
22.75 5.25 200.25
26.75 5.25 203.25
28.75 5.25 202.75
36.75 5.25 196.75
30.75 5.25 202.25
42.75 5.25 199.25
34.75 5.25 197.25
32.75 5.25 197.75
38.75 5.25 196.25
43.75 5.75 199.25
40.75 5.25 199.75
44.75 5.25 198.75
46.75 5.25 198.25
15.75 2.75 205.75
15.75 3.75 205.25
15.75 4.75 206.75
19.75 3.25 201.25
21.75 4.25 203.25
20.75 3.75 200.75
18.75 3.75 201.25
16.75 3.75 201.75
23.75 5.25 203.25
25.75 5.25 200.75
27.75 5.25 200.25
31.75 5.25 201.25
29.75 5.25 201.75
35.75 5.25 198.25
33.75 5.25 198.75
39.75 5.25 199.25
37.75 5.25 199.75
41.75 5.25 196.75
47.75 5.25 197.25
45.75 5.25 197.75
43.75 5.25 196.25
42.75 5.75 196.25
15.75 4.25 205.75
15.75 3.25 206.25
21.75 4.25 204.75
50.75 5.75 197.75
15.75 3.25 201.75
13.75 3.25 201.25
16.75 4.75 205.75
18.75 2.75 206.25
12.75 2.75 201.75
18.75 3.75 206.75
23.75 5.25 204.75
41.75 5.25 195.25
42.75 4.75 195.25
47.75 5.25 194.75
49.75 5.25 197.25
43.75 5.25 195.75
51.75 5.25 197.75
48.75 5.75 197.25
53.75 5.25 196.25
44.75 4.75 194.75
9.75 0.25 201.75
17.75 2.25 206.75
20.75 3.25 203.25
47.75 5.75 198.75
20.75 4.25 200.75
21.75 4.75 200.75
19.75 2.75 202.25
45.75 5.75 198.25
18.75 3.25 202.75
17.75 3.75 202.25
22.75 5.25 200.75
24.75 5.25 203.25
30.75 5.25 202.75
26.75 5.25 203.75
34.75 5.25 197.75
28.75 5.25 202.25
32.75 5.25 197.25
38.75 5.25 196.75
40.75 5.25 199.25
36.75 5.25 196.25
46.75 5.25 198.75
44.75 5.25 198.25
42.75 5.25 199.75
43.75 5.75 199.75
15.75 2.75 205.25
15.75 4.75 206.25
15.75 3.75 205.75
15.75 1.75 204.75
15.75 0.75 204.25
10.25 0.75 201.25
17.25 5.25 205.25
50.25 5.75 197.75
22.25 4.75 204.25
12.25 2.75 201.75
11.25 2.25 200.25
15.25 3.25 201.75
13.25 3.25 201.25
18.25 4.75 205.25
23.25 5.25 204.75
32.25 4.75 193.75
47.25 5.25 194.75
41.25 5.25 195.25
51.25 5.25 197.75
42.25 4.75 195.25
44.25 4.75 194.75
49.25 5.25 197.25
48.25 5.75 197.25
43.25 5.25 195.75
53.25 5.25 196.25
55.25 2.25 199.25
55.25 5.25 196.75
55.25 4.25 196.25
55.25 3.25 199.75
55.25 1.25 198.75
55.25 0.25 198.25
16.25 4.75 205.75
16.25 2.75 206.75
17.25 2.25 206.75
15.25 1.75 203.75
19.25 0.75 204.25
13.25 1.75 203.25
15.25 2.75 202.25
17.25 6.75 207.75
16.25 6.25 207.75
18.25 5.25 206.75
17.25 5.75 206.25
26.25 5.25 204.75
24.25 5.25 204.25
28.25 5.25 205.25
30.25 5.25 205.75
36.25 5.25 195.25
35.25 4.75 194.25
39.25 4.75 195.25
33.25 4.75 194.75
50.25 5.25 198.75
38.25 5.25 195.75
54.25 5.25 199.75
48.25 5.25 198.25
52.25 5.25 199.25
53.25 5.75 199.25
49.25 5.75 198.25
55.25 3.75 196.75
55.25 4.75 199.25
55.25 1.75 197.75
55.25 0.75 197.25
16.25 2.25 205.75
16.25 5.25 206.25
10.25 0.25 202.25
21.25 0.75 205.75
20.75 2.75 202.75
21.75 5.25 201.25
15.75 2.25 204.25
20.75 3.75 202.25
15.75 5.25 207.75
19.75 2.25 203.25
18.75 2.75 203.25
16.75 3.75 203.25
17.75 4.25 200.75
23.75 5.25 201.75
25.75 5.25 202.25
29.75 5.25 203.25
27.75 5.25 202.75
38.75 5.75 197.75
35.75 5.25 196.75
31.75 5.25 203.75
39.75 5.25 197.75
33.75 5.25 196.25
37.75 5.25 197.25
41.75 5.25 198.25
47.75 5.25 199.75
45.75 5.25 199.25
43.75 5.25 198.75
46.75 5.75 199.75
42.75 5.75 198.75
15.75 4.25 207.25
15.75 3.25 204.75
13.25 0.75 203.25
16.25 6.25 207.25
15.25 0.75 203.75
15.25 1.75 203.25
14.25 1.25 203.25
14.25 0.25 203.75
15.25 2.75 202.75
14.25 3.25 202.25
13.25 2.75 202.25
12.25 2.25 202.25
53.25 5.75 199.75
14.25 2.25 202.75
17.25 5.75 206.75
18.25 6.25 207.75
18.25 5.25 206.25
28.25 5.25 205.75
26.25 5.25 204.25
24.25 5.25 204.75
37.25 4.75 195.25
30.25 5.25 205.25
35.25 4.75 194.75
33.25 4.75 194.25
38.25 5.25 195.25
36.25 5.25 195.75
54.25 5.25 199.25
52.25 5.25 199.75
48.25 5.25 198.75
50.25 5.25 198.25
51.25 5.75 198.25
49.25 5.75 198.75
55.25 4.75 199.75
55.25 3.75 196.25
55.25 2.75 196.75
55.25 0.75 197.75
55.25 1.75 197.25
16.25 5.25 206.75
16.25 1.25 204.75
16.25 4.75 204.75
16.25 2.75 207.75
22.25 4.75 205.25
11.25 2.25 201.25
12.25 2.75 200.75
23.25 5.25 205.75
14.25 3.75 200.75
13.25 3.25 200.25
40.25 4.75 194.75
42.25 4.75 194.25
53.25 5.25 197.25
51.25 5.25 196.75
45.25 5.25 195.25
46.25 4.75 195.25
47.25 5.25 195.75
49.25 5.25 196.25
54.25 5.75 197.75
50.25 5.75 196.75
55.25 3.25 198.75
55.25 5.25 197.75
55.25 4.25 197.25
55.25 0.25 199.25
55.25 2.25 198.25
55.25 1.25 199.75
10.25 1.75 200.75
16.25 1.75 206.25
11.25 1.25 202.25
16.25 0.75 204.25
16.25 4.75 206.25
15.25 0.25 203.75
16.25 5.75 206.75
15.25 2.25 202.75
14.25 1.75 203.25
18.25 0.75 204.75
13.25 2.25 202.25
15.25 3.25 202.25
14.25 2.75 202.75
17.25 6.25 207.25
18.25 4.75 206.75
25.25 5.25 204.75
29.25 5.25 205.75
27.25 5.25 204.25
36.25 4.75 195.25
39.25 5.25 195.25
31.25 5.25 205.25
32.25 4.75 194.25
34.25 4.75 194.75
37.25 5.25 195.75
53.25 5.25 199.75
49.25 5.25 198.75
51.25 5.25 198.25
54.25 5.75 199.25
50.25 5.75 198.25
55.25 5.25 199.25
55.25 4.25 199.75
55.25 1.25 197.25
55.25 0.25 197.75
55.25 2.25 196.75
16.25 1.75 204.75
11.25 0.25 202.75
21.25 0.25 205.25
17.25 1.25 204.75
20.75 3.75 202.75
15.75 3.25 204.25
21.75 5.25 201.75
20.75 2.75 202.25
18.75 2.75 203.75
16.75 3.75 203.75
17.75 4.25 200.25
23.75 5.25 201.25
25.75 5.25 202.75
27.75 5.25 202.25
33.75 5.25 196.75
29.75 5.25 203.75
31.75 5.25 203.25
37.75 5.25 197.75
35.75 5.25 196.25
39.75 5.25 197.25
41.75 5.25 198.75
47.75 5.25 199.25
46.75 5.75 199.25
43.75 5.25 198.25
45.75 5.25 199.75
42.75 5.75 198.25
44.75 5.75 199.75
15.75 2.25 204.75
15.75 5.25 207.25
15.75 4.25 207.75
19.75 3.75 201.75
21.75 4.75 203.75
22.75 5.25 203.75
24.75 5.25 200.25
26.75 5.25 200.75
30.75 5.25 201.75
28.75 5.25 201.25
32.75 5.25 198.25
31.75 5.75 201.75
38.75 5.25 199.75
36.75 5.25 199.25
34.75 5.25 198.75
46.75 5.25 197.75
40.75 5.25 196.25
44.75 5.25 197.25
42.75 5.25 196.75
47.75 5.75 197.75
15.75 2.75 206.25
15.75 3.75 206.75
20.75 2.75 203.25
19.75 2.25 202.75
19.75 3.25 202.25
21.75 5.25 200.75
17.75 3.25 202.75
17.75 4.25 201.25
16.75 3.75 202.75
18.75 3.75 202.25
23.75 5.25 200.25
25.75 5.25 203.75
27.75 5.25 203.25
29.75 5.25 202.75
35.75 5.25 197.25
33.75 5.25 197.75
31.75 5.25 202.25
39.75 5.25 196.25
37.75 5.25 196.75
43.75 5.25 199.25
41.75 5.25 199.75
47.75 5.25 198.25
45.75 5.25 198.75
15.75 4.25 206.75
15.75 3.25 205.25
15.75 2.25 205.75
15.75 1.25 204.25
10.75 1.25 201.75
10.75 2.25 200.25
12.75 3.25 201.25
11.75 2.75 200.25
14.75 3.25 201.75
18.75 4.25 205.25
18.75 3.25 206.75
15.75 3.75 201.75
17.75 4.75 205.75
22.75 5.25 204.75
54.75 2.25 199.25
40.75 5.25 195.25
54.75 5.25 196.75
43.75 4.75 195.25
50.75 5.25 197.75
48.75 5.25 197.25
42.75 5.25 195.75
45.75 4.75 194.75
51.75 5.75 197.75
52.75 5.25 196.25
16.75 2.25 206.75
15.75 2.75 203.25
35.75 4.75 195.25
18.75 2.25 204.25
18.75 3.25 204.75
18.75 5.25 207.75
17.75 5.75 207.25
18.75 4.25 207.25
26.75 5.25 205.75
24.75 5.25 205.25
28.75 5.25 204.25
30.75 5.25 204.75
32.75 5.25 195.25
41.75 4.75 193.75
34.75 5.25 195.75
54.75 1.25 196.75
39.75 4.75 194.25
37.75 4.75 194.75
48.75 5.25 199.25
52.75 5.25 198.25
50.75 5.25 199.75
54.75 5.25 198.75
49.75 5.75 199.25
16.75 1.25 205.25
20.75 0.25 204.75
10.25 1.25 200.75
22.25 4.25 205.25
18.25 4.25 204.25
12.25 3.25 200.25
18.25 3.25 207.75
15.25 3.75 200.75
17.25 4.75 204.75
37.25 4.75 193.75
54.25 5.25 197.75
44.25 5.25 195.25
41.25 4.75 194.75
47.25 4.75 195.25
52.25 5.25 197.25
43.25 4.75 194.25
50.25 5.25 196.75
55.25 5.75 197.75
48.25 5.25 196.25
46.25 5.25 195.75
55.25 4.75 197.25
55.25 3.75 198.75
55.25 2.75 198.25
55.25 0.75 199.25
55.25 1.75 199.75
16.25 4.25 204.75
17.25 1.75 206.25
16.25 3.25 207.25
12.25 1.75 202.25
17.25 6.25 206.75
15.25 2.25 203.25
16.25 5.75 207.25
16.25 3.75 204.25
18.25 5.75 207.75
18.25 3.75 204.75
25.25 5.25 205.25
27.25 5.25 205.75
29.25 5.25 204.25
32.25 2.75 192.75
34.25 4.75 195.25
33.25 5.25 195.25
31.25 5.25 204.75
35.25 5.25 195.75
36.25 4.75 194.75
38.25 4.75 194.25
49.25 5.25 199.25
51.25 5.25 199.75
53.25 5.25 198.25
52.25 5.75 198.25
54.25 5.75 198.75
55.25 5.25 198.75
55.25 4.25 198.25
55.25 3.25 197.75
55.25 0.25 196.25
55.25 2.25 197.25
55.25 1.25 196.75
16.25 1.75 205.25
17.25 1.25 205.25
17.75 4.25 201.75
15.75 5.25 206.75
18.75 1.75 203.75
18.75 3.75 202.75
15.75 4.25 206.25
21.75 5.25 200.25
16.75 3.75 202.25
25.75 5.25 203.25
23.75 5.25 200.75
27.75 5.25 203.75
29.75 5.25 202.25
33.75 5.25 197.25
31.75 5.25 202.75
39.75 5.25 196.75
35.75 5.25 197.75
37.75 5.25 196.25
41.75 5.25 199.25
45.75 5.25 198.25
47.75 5.25 198.75
43.75 5.25 199.75
42.75 5.75 199.75
15.75 3.25 205.75
15.75 2.25 205.25
15.75 0.25 204.25
15.75 1.25 204.75
21.75 4.25 202.25
15.75 4.25 204.75
21.75 5.25 202.75
40.75 5.75 197.75
20.75 3.75 201.75
18.75 3.75 200.25
25.75 5.25 201.75
23.75 5.25 202.25
27.75 5.25 201.25
29.75 5.25 200.75
35.75 5.25 199.25
31.75 5.25 200.25
39.75 5.25 198.25
33.75 5.25 199.75
37.75 5.25 198.75
41.75 5.25 197.75
47.75 5.25 196.25
43.75 5.25 197.25
48.75 4.75 195.25
49.75 5.25 195.75
45.75 5.25 196.75
15.75 3.25 207.25
12.75 1.25 203.25
12.75 0.25 203.75
14.75 1.25 203.75
21.75 3.75 204.25
13.75 2.75 202.75
12.75 2.25 202.75
16.75 6.25 207.75
13.75 1.75 203.25
18.75 2.25 205.25
16.75 5.25 206.25
18.75 3.25 205.75
17.75 5.75 206.25
18.75 5.25 206.75
18.75 4.25 206.25
24.75 5.25 204.25
28.75 5.25 205.25
30.75 5.25 205.75
26.75 5.25 204.75
33.75 4.75 194.75
38.75 5.25 195.75
36.75 5.25 195.25
35.75 4.75 194.25
52.75 5.25 199.25
54.75 5.25 199.75
50.75 5.25 198.75
48.75 5.25 198.25
10.75 0.25 202.25
16.75 0.25 204.75
13.75 1.25 203.25
16.75 0.75 204.75
18.75 4.75 206.25
13.75 2.25 202.75
15.75 3.25 202.75
17.75 5.25 206.25
14.75 2.75 202.25
18.75 2.75 205.25
16.75 6.75 207.75
16.75 5.75 206.25
50.75 5.75 198.75
18.75 3.75 205.75
17.75 6.25 207.75
25.75 5.25 204.25
38.75 4.75 195.25
27.75 5.25 204.75
29.75 5.25 205.25
34.75 4.75 194.25
37.75 5.25 195.25
31.75 5.25 205.75
32.75 4.75 194.75
39.75 5.25 195.75
51.75 5.25 198.75
49.75 5.25 198.25
53.75 5.25 199.25
48.75 5.75 198.25
54.75 5.75 199.75
10.75 0.75 202.25
15.75 2.25 206.25
15.75 3.25 206.75
20.75 3.75 200.25
21.75 4.25 203.75
19.75 3.25 201.75
16.75 3.75 201.25
18.75 3.75 201.75
26.75 5.75 200.75
23.75 5.25 203.75
25.75 5.25 200.25
29.75 5.25 201.25
27.75 5.25 200.75
33.75 5.25 198.25
37.75 5.25 199.25
31.75 5.25 201.75
35.75 5.25 198.75
39.75 5.25 199.75
41.75 5.25 196.25
47.75 5.25 197.75
45.75 5.25 197.25
43.75 5.25 196.75
44.75 5.75 197.25
15.75 4.25 205.25
21.75 4.75 204.25
49.75 5.75 197.75
10.75 2.25 200.75
14.75 3.25 201.25
15.75 3.75 201.25
11.75 2.75 200.75
16.75 5.25 205.75
18.75 4.25 205.75
18.75 3.25 206.25
22.75 5.25 204.25
17.75 4.75 205.25
41.75 4.75 195.25
47.75 4.75 194.75
42.75 5.25 195.25
54.75 1.25 198.25
40.75 5.25 195.75
50.75 5.25 197.25
54.75 5.25 196.25
52.75 5.25 196.75
48.75 5.25 197.75
16.75 2.25 206.25
15.75 4.75 205.75
21.75 4.75 203.25
19.75 3.75 201.25
17.75 3.75 201.75
22.75 5.25 203.25
28.75 5.25 201.75
24.75 5.25 200.75
26.75 5.25 200.25
30.75 5.25 201.25
31.75 5.75 201.25
29.75 5.75 201.75
36.75 5.25 199.75
38.75 5.25 199.25
34.75 5.25 198.25
32.75 5.25 198.75
40.75 5.25 196.75
45.75 5.75 197.75
44.75 5.25 197.75
46.75 5.25 197.25
42.75 5.25 196.25
52.75 5.25 195.75
15.75 2.75 206.75
15.75 3.75 206.25
15.75 -33.25 200.25
15.75 -32.25 200.75
15.75 -34.25 201.75
16.75 -43.75 202.75
16.75 -42.75 202.25
16.75 -40.75 203.25
15.75 -35.25 201.25
16.75 -48.75 199.25
16.75 -45.75 201.75
16.75 -51.75 198.75
17.75 -42.25 202.25
17.75 -40.25 203.25
17.75 -45.25 201.75
17.75 -43.25 202.75
17.75 -51.25 198.75
18.75 -46.75 200.75
16.75 6.25 206.25
15.75 2.75 203.75
18.75 5.25 207.25
13.75 1.75 202.75
18.75 2.25 204.75
18.75 3.25 204.25
18.75 4.25 207.75
24.75 5.25 205.75
26.75 5.25 205.25
28.75 5.25 204.75
30.75 5.25 204.25
34.75 5.25 195.25
32.75 2.25 192.25
39.75 4.75 194.75
33.75 4.75 195.25
32.75 5.25 195.75
37.75 4.75 194.25
50.75 5.25 199.25
52.75 5.25 198.75
48.75 5.25 199.75
54.75 5.25 198.25
49.75 5.75 199.75
53.75 5.75 198.75
16.75 1.25 205.75
20.75 0.25 204.25
17.75 1.75 205.75
20.75 1.25 204.75
15.75 -37.75 200.25
15.75 -36.75 200.75
16.75 -46.25 202.25
15.75 -39.75 201.25
16.75 -47.25 202.75
16.75 -52.25 199.25
15.75 -38.75 201.75
16.75 -55.25 198.75
16.75 -44.25 203.25
17.75 -52.75 199.25
18.75 -42.25 200.75
18.75 -41.25 201.25
17.75 -46.75 202.25
18.75 -43.25 200.25
18.75 -42.25 200.25
15.75 -36.75 200.25
15.75 -37.75 200.75
16.75 -46.25 202.75
16.75 -47.25 202.25
15.75 -38.75 201.25
16.75 -54.25 198.75
16.75 -53.25 199.25
15.75 -39.75 201.75
17.75 -53.75 199.25
17.75 -54.75 198.75
17.75 -46.75 202.75
17.75 -47.75 202.25
18.75 -43.25 200.75
18.75 -40.25 201.25
17.75 -49.75 198.75
15.75 -35.75 200.25
15.75 -34.75 200.75
15.75 -32.75 201.75
15.75 -33.75 201.25
16.75 -41.25 202.75
16.75 -40.25 202.25
16.75 -49.25 198.75
16.75 -42.25 203.25
16.75 -50.25 199.25
16.75 -47.25 201.75
18.75 -44.25 200.75
17.75 -47.75 201.75
17.75 -41.75 202.75
17.75 -40.75 202.25
17.75 -50.75 199.25
15.75 -34.75 200.25
15.75 -35.75 200.75
15.75 -32.75 201.25
16.75 -41.25 202.25
16.75 -40.25 202.75
15.75 -33.75 201.75
16.75 -48.25 198.75
16.75 -43.25 203.25
16.75 -46.25 201.75
16.75 -51.25 199.25
17.75 -48.75 198.75
17.75 -41.75 202.25
17.75 -51.75 199.25
17.75 -46.75 201.75
18.75 -45.25 200.75
17.75 -40.75 202.75
18.75 -44.25 200.25
17.75 -42.25 202.75
15.75 -32.25 200.25
15.75 -33.25 200.75
15.75 -35.25 201.75
16.75 -43.75 202.25
16.75 -42.75 202.75
15.75 -34.25 201.25
16.75 -49.75 199.25
16.75 -41.75 203.25
16.75 -50.75 198.75
16.75 -44.75 201.75
17.75 -49.25 199.25
17.75 -43.25 202.25
17.75 -44.25 201.75
17.75 -45.25 202.75
17.75 -44.25 202.25
15.75 -38.25 200.75
15.75 -39.25 200.25
16.75 -45.75 202.75
15.75 -36.25 201.75
15.75 -37.25 201.25
16.75 -44.75 202.25
16.75 -53.75 198.75
16.75 -54.75 199.25
17.75 -54.25 199.25
18.75 -41.75 200.25
18.75 -40.75 200.75
17.75 -43.25 201.75
15.75 -34.25 200.75
15.75 -35.25 200.25
15.75 -33.25 201.25
16.75 -40.75 202.25
16.75 -41.75 202.75
15.75 -32.25 201.75
16.75 -50.75 199.25
16.75 -49.75 198.75
16.75 -47.75 201.75
16.75 -42.75 203.25
17.75 -50.25 199.25
18.75 -44.75 200.75
17.75 -41.25 202.75
18.75 -45.75 200.25
17.75 -47.25 201.75
17.75 -40.25 202.25
16.25 -35.75 202.25
17.25 -32.25 203.75
16.25 -36.75 201.75
16.25 -34.75 202.75
16.25 -56.75 199.75
16.25 -57.75 199.25
18.25 -57.75 199.75
18.25 -37.75 201.75
18.25 -34.75 202.25
16.75 -36.25 203.25
16.75 -39.25 202.75
15.75 -44.75 200.75
15.75 -45.75 200.25
16.75 -38.25 202.25
16.75 -60.25 199.25
16.75 -63.25 198.75
17.75 -60.75 199.25
18.75 -35.25 200.25
17.75 -36.75 203.25
17.75 -39.75 202.75
18.75 -32.25 201.75
18.75 -34.25 200.75
12.25 1.75 202.75
15.25 2.25 203.75
18.25 3.75 204.25
18.25 5.75 207.25
25.25 5.25 205.75
32.25 4.75 195.25
27.25 5.25 205.25
29.25 5.25 204.75
33.25 5.25 195.75
31.25 5.25 204.25
32.25 2.75 192.25
36.25 4.75 194.25
35.25 5.25 195.25
38.25 4.75 194.75
53.25 5.25 198.75
51.25 5.25 199.25
49.25 5.25 199.75
48.25 5.75 199.75
54.25 5.75 198.25
55.25 5.25 198.25
55.25 2.25 197.75
55.25 3.25 197.25
55.25 1.25 196.25
55.25 4.25 198.75
55.25 0.25 196.75
17.25 1.25 205.75
16.25 1.75 205.75
10.25 1.75 200.25
12.25 2.75 200.25
13.25 3.25 200.75
17.25 4.25 204.25
14.25 3.75 200.25
47.25 5.25 195.25
23.25 5.25 205.25
40.25 4.75 194.25
44.25 4.75 195.25
42.25 4.75 194.75
49.25 5.25 196.75
53.25 5.25 197.75
54.25 5.75 197.25
51.25 5.25 196.25
45.25 5.25 195.75
55.25 3.25 198.25
55.25 4.25 197.75
55.25 1.25 199.25
55.25 5.25 197.25
55.25 2.25 198.75
55.25 0.25 199.75
16.25 2.75 207.25
9.25 0.25 200.25
15.75 7.25 209.75
15.75 4.25 208.25
15.75 8.25 214.25
15.75 6.25 209.25
15.75 11.25 215.75
16.75 6.75 214.75
15.75 10.25 215.25
16.75 16.75 221.75
17.75 16.25 221.75
18.75 7.75 214.75
15.75 5.25 208.75
15.75 10.75 214.25
15.75 4.75 209.25
15.75 8.75 215.25
16.75 16.25 220.75
15.75 5.75 209.75
15.75 -40.75 200.75
15.75 -41.75 200.25
16.75 -35.25 202.75
16.75 -32.25 203.25
16.75 -33.25 203.75
15.75 -43.75 201.25
16.75 -56.25 199.25
16.75 -59.25 198.75
17.75 -56.75 199.25
18.75 -38.25 200.75
17.75 -59.75 198.75
18.75 -39.25 200.25
18.75 -37.25 201.25
17.75 -35.75 202.75
17.75 -32.75 203.25
18.25 -43.25 200.25
16.25 -41.25 201.75
16.25 -53.25 199.75
17.25 -44.75 203.25
16.25 -52.25 199.25
17.25 -47.75 202.75
18.25 -52.25 199.75
17.25 -55.75 198.75
18.25 -41.25 201.25
18.25 -40.25 201.75
16.25 -37.75 202.25
16.25 -34.75 201.75
17.25 -38.25 203.75
16.25 -62.75 199.75
17.25 -39.25 203.25
16.25 -63.75 199.25
17.25 -60.25 198.75
18.25 -63.75 199.75
18.25 -36.75 202.25
18.25 -35.75 201.75
15.75 -34.75 201.75
15.75 -33.75 200.25
15.75 -32.75 200.75
15.75 -35.75 201.25
16.75 -42.25 202.25
16.75 -43.25 202.75
16.75 -40.25 203.25
16.75 -51.25 198.75
16.75 -45.25 201.75
16.75 -48.25 199.25
17.75 -43.75 202.75
18.75 -46.25 200.75
17.75 -42.75 202.25
17.75 -51.75 198.75
17.75 -48.75 199.25
17.75 -45.75 201.75
17.25 -36.75 203.75
16.25 -39.25 202.25
16.25 -60.25 199.75
16.25 -61.25 199.25
17.25 -37.75 203.25
16.25 -32.25 201.75
17.25 -62.75 198.75
18.25 -61.25 199.75
18.25 -38.25 202.25
18.25 -33.25 201.75
16.75 13.75 215.75
15.75 7.25 213.25
16.75 12.75 215.25
18.75 9.75 213.25
17.75 13.25 215.75
17.75 12.25 215.25
18.75 8.75 213.75
18.75 5.75 211.25
18.75 3.75 208.25
18.75 6.75 210.75
16.75 2.75 208.25
15.75 9.75 214.75
15.75 6.75 209.25
15.75 5.75 208.75
16.75 16.25 221.75
15.75 10.75 215.25
17.75 16.75 221.75
18.75 7.25 214.75
15.75 4.75 208.25
16.25 -36.25 199.25
16.25 -37.25 199.75
16.25 -58.25 200.25
16.25 -59.25 200.75
17.25 -62.75 202.25
16.25 -56.25 201.25
16.25 -39.25 198.75
18.25 -58.25 200.75
18.25 -59.25 200.25
18.25 -37.25 199.25
18.25 -36.25 199.75
18.25 -32.75 199.25
16.25 -33.75 199.25
16.25 -34.75 198.75
17.25 -59.25 202.25
16.25 -63.75 200.25
16.25 -62.75 200.75
18.25 -62.75 200.25
17.25 -60.25 201.75
18.25 -33.75 199.75
15.75 -34.25 200.25
16.75 -40.75 202.75
15.75 -35.25 200.75
15.75 -33.25 201.75
16.75 -41.75 202.25
15.75 -32.25 201.25
16.75 -48.75 198.75
16.75 -46.75 201.75
16.75 -51.75 199.25
16.75 -43.75 203.25
18.75 -44.75 200.25
18.75 -45.75 200.75
17.75 -40.25 202.75
17.75 -41.25 202.25
17.75 -46.25 201.75
17.75 -51.25 199.25
18.75 -42.25 201.25
15.75 -39.75 200.75
15.75 -38.75 200.25
15.75 -36.75 201.25
15.75 -37.75 201.75
16.75 -44.25 202.75
16.75 -45.25 202.25
16.75 -52.25 198.75
16.75 -55.25 199.25
17.75 -55.75 199.25
17.75 -45.75 202.25
18.75 -40.25 200.25
18.75 -41.25 200.75
17.75 -44.75 202.75
18.25 -44.25 202.25
16.25 -42.25 201.75
16.25 -43.25 201.25
16.25 -54.25 199.75
17.25 -47.75 203.25
16.25 -55.25 199.25
17.25 -44.75 202.75
17.25 -52.75 198.75
18.25 -55.25 199.75
18.25 -43.25 201.75
18.25 -42.25 201.25
18.75 -34.25 201.75
16.75 -37.25 202.75
15.75 -46.75 200.75
16.75 -38.25 203.25
15.75 -47.75 200.25
16.75 -62.25 199.25
16.75 -61.25 198.75
15.75 -45.75 201.25
17.75 -62.75 199.25
18.75 -33.25 200.25
18.75 -32.25 200.75
17.75 -37.75 202.75
18.75 -35.25 201.25
17.75 -36.75 202.25
17.75 -38.75 203.25
15.75 3.25 203.75
16.75 5.75 207.25
34.75 4.75 195.25
18.75 2.75 204.25
18.75 5.75 207.75
18.75 4.75 207.25
18.75 3.75 204.75
27.75 5.25 205.75
25.75 5.25 205.25
32.75 2.75 192.75
29.75 5.25 204.25
36.75 4.75 194.75
35.75 5.25 195.75
33.75 5.25 195.25
31.75 5.25 204.75
38.75 4.75 194.25
51.75 5.25 199.75
49.75 5.25 199.25
53.75 5.25 198.25
48.75 5.75 199.25
50.75 5.75 199.75
20.75 0.75 204.75
17.75 1.25 205.25
15.75 5.75 207.25
15.75 3.75 204.25
15.75 1.75 205.25
20.75 3.25 202.75
21.75 4.75 201.25
20.75 4.25 201.25
18.75 2.25 203.75
18.75 3.25 203.25
18.75 4.25 200.75
22.75 5.25 201.25
17.75 3.75 203.75
16.75 4.25 200.25
24.75 5.25 202.75
28.75 5.25 203.75
26.75 5.25 202.25
30.75 5.25 203.25
36.75 5.25 197.75
38.75 5.25 197.25
32.75 5.25 196.75
34.75 5.25 196.25
40.75 5.25 198.75
44.75 5.25 199.75
46.75 5.25 199.25
42.75 5.25 198.25
47.75 5.75 199.25
43.75 5.75 198.25
45.75 5.75 199.75
15.75 2.75 204.75
15.75 4.75 207.75
20.75 3.25 201.75
21.75 4.75 202.25
19.75 3.75 200.25
22.75 5.25 202.25
26.75 5.25 201.25
24.75 5.25 201.75
29.75 5.75 200.75
28.75 5.25 200.75
30.75 5.25 200.25
36.75 5.25 198.75
34.75 5.25 199.25
32.75 5.25 199.75
40.75 5.25 197.75
38.75 5.25 198.25
48.75 5.25 195.75
42.75 5.25 197.25
46.75 5.25 196.25
44.75 5.25 196.75
50.75 5.25 195.25
45.75 5.75 196.75
47.75 5.75 196.25
15.75 3.75 207.25
16.75 11.25 213.25
15.75 7.75 212.75
16.75 9.25 212.25
15.75 6.75 212.25
16.75 12.25 214.75
17.75 10.75 213.75
18.75 8.25 212.25
18.75 5.25 210.75
18.75 7.25 211.75
18.75 6.25 211.25
17.75 3.75 209.25
16.25 -37.25 199.25
16.25 -36.25 199.75
16.25 -59.25 200.25
16.25 -58.25 200.75
16.25 -57.25 201.25
17.25 -38.75 198.75
16.25 -38.25 198.75
17.25 -63.75 202.25
18.25 -58.25 200.25
18.25 -59.25 200.75
18.25 -37.25 199.75
18.25 -36.25 199.25
16.25 -32.75 199.25
17.25 -58.25 202.25
16.25 -62.75 200.25
16.25 -63.75 200.75
16.25 -35.75 198.75
16.25 -33.75 199.75
17.25 -61.25 201.75
18.25 -63.75 200.25
18.25 -62.75 200.75
18.25 -33.75 199.25
18.25 -32.75 199.75
17.75 -47.25 202.25
15.75 -36.25 200.25
16.75 -46.75 202.75
15.75 -37.25 200.75
15.75 -38.25 201.25
16.75 -47.75 202.25
16.75 -54.75 198.75
16.75 -53.75 199.25
18.75 -42.75 200.25
18.75 -43.75 200.75
17.75 -53.25 199.25
18.75 -40.75 201.25
17.75 -46.25 202.75
15.75 -38.75 200.75
15.75 -39.75 200.25
16.75 -45.25 202.75
15.75 -36.75 201.75
15.75 -37.75 201.25
16.75 -44.25 202.25
16.75 -54.25 199.25
16.75 -53.25 198.75
17.75 -54.75 199.25
17.75 -44.75 202.25
17.75 -53.75 198.75
18.75 -41.25 200.25
17.75 -45.75 202.75
18.75 -40.25 200.75
18.25 -32.75 202.25
16.25 -38.75 201.75
16.25 -33.75 202.25
16.25 -32.75 202.75
16.25 -58.75 199.75
17.25 -34.25 203.75
16.25 -59.75 199.25
17.25 -56.25 198.75
18.25 -59.75 199.75
18.25 -58.75 199.25
18.25 -39.75 201.75
17.25 -35.25 203.25
19.25 -32.25 200.75
16.25 -36.75 202.25
16.25 -35.75 201.75
17.25 -39.25 203.75
16.25 -63.75 199.75
16.25 -62.75 199.25
17.25 -38.25 203.25
17.25 -61.25 198.75
18.25 -62.75 199.75
18.25 -34.75 201.75
18.25 -37.75 202.25
16.25 -34.75 202.25
17.25 -33.25 203.75
16.25 -37.75 201.75
16.25 -57.75 199.75
17.25 -59.25 198.75
16.25 -56.75 199.25
16.25 -35.75 202.75
18.25 -56.75 199.75
18.25 -36.75 201.75
18.25 -35.75 202.25
52.75 -2.75 209.25
16.75 -36.75 203.25
15.75 -45.25 200.25
15.75 -44.25 200.75
16.75 -38.75 202.25
16.75 -39.75 202.75
16.75 -60.75 199.25
16.75 -63.75 198.75
17.75 -60.25 199.25
18.75 -35.75 200.25
18.75 -34.75 200.75
17.75 -39.25 202.75
18.75 -33.75 201.25
16.75 -33.25 203.25
15.75 -40.75 200.25
15.75 -41.75 200.75
16.75 -32.25 203.75
15.75 -42.75 201.25
16.75 -34.25 202.75
16.75 -58.25 198.75
16.75 -57.25 199.25
17.75 -57.75 199.25
17.75 -58.75 198.75
18.75 -39.25 200.75
18.75 -38.25 200.25
18.75 -36.25 201.25
17.75 -34.75 202.75
17.75 -33.75 203.25
16.25 -32.25 202.75
16.25 -38.25 201.75
16.25 -33.25 202.25
17.25 -34.75 203.75
16.25 -58.25 199.75
16.25 -59.25 199.25
17.25 -56.75 198.75
18.25 -59.25 199.75
18.25 -32.25 202.25
18.25 -39.25 201.75
12.75 1.75 202.75
15.75 2.25 203.75
48.75 5.75 199.75
18.75 3.75 204.25
15.75 3.25 203.25
18.75 2.75 204.75
18.75 4.75 207.75
25.75 5.25 205.75
27.75 5.25 205.25
29.75 5.25 204.75
31.75 5.25 204.25
35.75 5.25 195.25
38.75 4.75 194.75
33.75 5.25 195.75
36.75 4.75 194.25
32.75 2.75 192.25
53.75 5.25 198.75
51.75 5.25 199.25
49.75 5.25 199.75
50.75 5.75 199.25
52.75 5.75 198.75
54.75 5.75 198.25
16.75 1.75 205.75
16.25 9.75 213.75
16.25 7.75 210.75
16.25 3.75 208.75
16.25 5.75 211.75
17.25 13.25 215.75
17.25 12.25 215.25
18.25 9.75 213.25
18.25 7.75 210.25
17.25 3.25 208.75
16.75 6.25 213.75
15.75 5.75 211.75
15.75 7.75 210.75
15.75 6.75 210.25
15.75 9.75 213.75
15.75 8.75 213.25
16.75 18.25 223.75
16.75 17.25 222.25
17.75 16.75 222.75
18.75 7.25 213.75
16.75 8.25 210.75
15.75 3.75 208.75
15.75 9.75 215.25
15.75 10.75 214.75
15.75 5.75 209.25
16.75 16.25 220.25
15.75 8.75 215.75
15.75 4.75 209.75
16.75 -42.25 198.75
16.75 -51.25 202.25
15.75 -39.75 199.75
16.75 -52.25 201.75
16.75 -50.25 202.75
16.75 -53.25 201.25
17.75 -53.75 201.25
17.75 -52.75 201.75
17.75 -41.75 199.25
17.75 -51.75 202.25
16.25 -41.25 199.25
16.25 -40.25 199.75
16.25 -54.25 200.75
16.25 -55.25 200.25
17.25 -50.75 202.75
16.25 -53.25 201.25
17.25 -42.75 198.75
18.25 -55.25 200.75
18.25 -54.25 200.25
18.25 -41.25 199.75
18.25 -52.25 201.25
18.25 -40.25 199.25
16.25 -35.25 199.75
16.25 -34.25 199.25
16.25 -33.25 198.75
16.25 -61.25 200.75
16.25 -60.25 200.25
17.25 -56.75 202.25
17.25 -63.75 201.75
17.25 -33.75 198.75
18.25 -61.25 200.25
18.25 -60.25 200.75
18.25 -34.25 199.75
18.25 -35.25 199.25
17.75 -35.25 198.75
16.75 -35.75 198.75
15.75 -48.25 200.75
15.75 -49.25 200.25
15.75 -46.25 199.75
16.75 -61.75 201.75
16.75 -63.75 200.75
16.75 -60.75 201.25
16.75 -58.75 202.25
17.75 -63.25 200.75
17.75 -60.25 201.25
17.75 -61.25 201.75
18.75 -32.75 199.75
15.75 -44.25 200.25
16.75 -37.75 203.25
15.75 -45.25 200.75
16.75 -38.75 202.75
16.75 -39.75 202.25
15.75 -46.25 201.25
16.75 -62.75 198.75
16.75 -61.75 199.25
17.75 -61.25 199.25
17.75 -38.25 202.75
18.75 -35.75 200.75
17.75 -39.25 202.25
18.75 -32.75 201.25
18.75 -34.75 200.25
17.75 -37.25 203.25
18.75 -38.75 201.25
15.75 -40.25 201.25
16.75 -34.75 203.75
15.75 -43.25 200.75
16.75 -35.75 203.25
15.75 -42.25 200.25
16.75 -32.75 202.75
16.75 -56.75 198.75
16.75 -59.75 199.25
17.75 -59.25 199.25
18.75 -36.75 200.25
18.75 -37.75 200.75
17.75 -32.25 202.75
17.75 -35.25 203.25
16.75 -38.25 202.75
16.75 -37.25 203.25
15.75 -45.75 200.75
15.75 -44.75 200.25
16.75 -39.25 202.25
16.75 -62.25 198.75
16.75 -61.25 199.25
17.75 -61.75 199.25
17.75 -39.75 202.25
17.75 -38.75 202.75
18.75 -34.25 200.25
18.75 -32.25 201.25
18.75 -35.25 200.75
18.75 -33.25 201.75
18.75 -38.25 201.75
16.75 -34.25 203.25
15.75 -43.75 200.25
15.75 -42.75 200.75
15.75 -41.75 201.25
16.75 -33.25 202.75
16.75 -35.25 203.75
16.75 -57.25 198.75
16.75 -58.25 199.25
17.75 -58.75 199.25
18.75 -37.25 200.25
18.75 -36.25 200.75
17.75 -33.75 202.75
17.75 -34.75 203.25
18.75 -39.25 201.25
18.75 -37.75 201.25
16.75 -33.75 203.75
15.75 -41.25 200.25
16.75 -35.75 202.75
16.75 -32.75 203.25
15.75 -40.25 200.75
15.75 -43.25 201.25
16.75 -56.75 199.25
16.75 -59.75 198.75
17.75 -56.25 199.25
17.75 -32.25 203.25
18.75 -39.75 200.25
18.75 -38.75 200.75
17.75 -35.25 202.75
21.25 3.25 204.25
13.25 1.25 203.25
15.25 1.25 203.75
13.25 0.25 203.75
17.25 6.25 207.75
13.25 2.25 202.75
14.25 2.75 202.25
17.25 5.25 206.25
18.25 4.75 206.25
18.25 5.75 206.75
25.25 5.25 204.25
31.25 5.25 205.75
27.25 5.25 204.75
38.25 4.75 195.25
29.25 5.25 205.25
37.25 5.25 195.25
32.25 4.75 194.75
34.25 4.75 194.25
53.25 5.25 199.25
39.25 5.25 195.75
51.25 5.25 198.75
49.25 5.25 198.25
54.25 5.75 199.75
55.25 2.25 196.25
55.25 4.25 199.25
55.25 5.25 199.75
55.25 3.25 196.75
55.25 1.25 197.75
55.25 0.25 197.25
16.25 0.75 204.75
21.25 1.25 205.25
16.25 6.25 206.75
15.25 2.75 203.25
14.25 2.25 203.25
24.25 5.25 205.25
26.25 5.25 205.75
35.25 4.75 195.25
28.25 5.25 204.25
32.25 5.25 195.25
30.25 5.25 204.75
32.25 3.25 192.25
37.25 4.75 194.75
34.25 5.25 195.75
39.25 4.75 194.25
48.25 5.25 199.25
54.25 5.25 198.75
52.25 5.25 198.25
50.25 5.25 199.75
53.25 5.75 198.25
51.25 5.75 199.75
55.25 0.75 196.25
55.25 5.75 198.75
55.25 3.75 197.75
55.25 4.75 198.25
55.25 2.75 197.25
55.25 1.75 196.75
16.25 1.25 205.25
18.25 -42.25 199.25
16.25 -42.25 199.75
16.25 -53.25 200.25
16.25 -43.25 199.25
16.25 -52.25 200.75
17.25 -48.75 202.75
16.25 -55.25 201.25
18.25 -52.25 200.25
18.25 -53.25 200.75
18.25 -43.25 199.75
16.25 -39.75 199.25
16.25 -38.75 199.75
16.25 -56.75 200.75
16.25 -57.75 200.25
17.25 -61.25 202.25
16.25 -36.75 198.75
18.25 -56.75 200.25
18.25 -57.75 200.75
18.25 -39.75 199.75
18.25 -38.75 199.25
18.25 -39.25 199.25
16.25 -39.25 199.75
16.25 -38.25 199.25
16.25 -56.25 200.25
16.25 -57.25 200.75
17.25 -60.75 202.25
16.25 -58.25 201.25
18.25 -57.25 200.25
18.25 -56.25 200.75
18.25 -38.25 199.75
17.25 -59.75 201.75
16.25 -36.75 199.75
16.25 -37.75 199.25
16.25 -58.75 200.75
16.25 -59.75 200.25
17.25 -63.25 202.25
16.25 -57.75 201.25
16.25 -38.75 198.75
18.25 -58.75 200.25
18.25 -59.75 200.75
18.25 -37.75 199.75
18.25 -36.75 199.25
16.25 -32.25 199.25
17.25 -58.75 202.25
16.25 -62.25 200.25
16.25 -63.25 200.75
16.25 -35.25 198.75
16.25 -33.25 199.75
17.25 -61.75 201.75
18.25 -63.25 200.25
18.25 -62.25 200.75
18.25 -33.25 199.25
15.75 -42.75 200.25
15.75 -43.75 200.75
16.75 -35.25 203.25
15.75 -40.75 201.25
16.75 -34.25 203.75
16.75 -32.25 202.75
16.75 -56.25 198.75
16.75 -59.25 199.25
17.75 -59.75 199.25
18.75 -36.25 200.25
18.75 -38.25 201.25
17.75 -35.75 203.25
18.75 -37.25 200.75
17.75 -32.75 202.75
15.75 -38.25 200.25
16.75 -44.75 202.75
15.75 -39.25 200.75
15.75 -36.25 201.25
15.75 -37.25 201.75
16.75 -45.75 202.25
16.75 -52.75 198.75
16.75 -55.75 199.25
17.75 -55.25 199.25
18.75 -41.75 200.75
17.75 -45.25 202.25
18.75 -40.75 200.25
17.75 -44.25 202.75
17.75 -46.25 202.25
15.75 -37.25 200.25
15.75 -36.25 200.75
15.75 -39.25 201.25
16.75 -46.75 202.25
16.75 -47.75 202.75
16.75 -52.75 199.25
16.75 -55.75 198.75
15.75 -38.25 201.75
18.75 -43.75 200.25
18.75 -42.75 200.75
17.75 -52.25 199.25
15.75 -42.25 200.75
16.75 -34.75 203.25
15.75 -43.25 200.25
16.75 -33.75 202.75
15.75 -41.25 201.25
16.75 -57.75 198.75
16.75 -58.75 199.25
16.75 -35.75 203.75
17.75 -58.25 199.25
18.75 -39.75 201.25
17.75 -33.25 202.75
18.75 -36.75 200.75
17.75 -34.25 203.25
18.75 -37.75 200.25
16.75 -36.75 198.75
15.75 -41.25 199.75
16.75 -58.75 201.75
16.75 -59.75 201.25
17.75 -59.25 201.25
17.75 -58.25 201.75
17.75 -39.25 199.25
16.75 -43.25 198.75
16.75 -50.25 202.25
16.75 -53.25 201.75
15.75 -38.75 199.75
16.75 -51.25 202.75
17.75 -50.75 202.25
17.75 -53.75 201.75
17.75 -52.75 201.25
16.75 -42.75 198.75
16.75 -51.75 202.25
16.75 -50.75 202.75
16.75 -52.75 201.75
15.75 -39.25 199.75
16.75 -53.75 201.25
17.75 -51.25 202.25
17.75 -53.25 201.25
17.75 -52.25 201.75
17.75 -41.25 199.25
16.25 -40.25 199.25
16.25 -41.25 199.75
16.25 -54.25 200.25
16.25 -52.25 201.25
17.25 -51.75 202.75
16.25 -55.25 200.75
17.25 -43.75 198.75
17.25 -48.75 203.25
18.25 -54.25 200.75
18.25 -55.25 200.25
18.25 -40.25 199.75
18.25 -41.25 199.25
16.25 -38.75 199.25
16.25 -39.75 199.75
16.25 -57.75 200.75
16.25 -56.75 200.25
17.25 -60.25 202.25
16.25 -37.75 198.75
18.25 -56.75 200.75
18.25 -57.75 200.25
17.25 -59.25 201.75
18.25 -39.75 199.25
17.75 -46.25 198.75
15.75 -35.25 199.75
16.75 -46.75 198.75
16.75 -55.75 202.25
16.75 -48.75 201.75
17.75 -48.25 201.75
17.75 -45.25 199.25
16.75 -35.25 198.75
15.75 -49.75 200.25
15.75 -48.75 200.75
16.75 -61.25 201.75
16.75 -58.25 202.25
16.75 -63.25 200.75
16.75 -60.25 201.25
15.75 -46.75 199.75
17.75 -63.75 200.75
17.75 -60.75 201.25
17.75 -61.75 201.75
17.75 -35.75 198.75
18.75 -47.25 200.75
15.75 -33.75 200.75
15.75 -35.75 201.75
16.75 -43.25 202.25
15.75 -34.75 201.25
15.75 -32.75 200.25
16.75 -42.25 202.75
16.75 -50.25 198.75
16.75 -41.25 203.25
16.75 -49.25 199.25
17.75 -49.75 199.25
17.75 -44.75 201.75
17.75 -43.75 202.25
17.75 -42.75 202.75
17.75 -50.75 198.75
17.75 -32.25 203.75
16.75 -34.75 202.75
16.75 -33.75 203.25
15.75 -41.25 200.75
16.75 -32.75 203.75
15.75 -40.25 200.25
15.75 -42.25 201.25
16.75 -58.75 198.75
16.75 -57.75 199.25
17.75 -57.25 199.25
17.75 -58.25 198.75
18.75 -38.75 200.25
18.75 -36.75 201.25
17.75 -34.25 202.75
17.75 -33.25 203.25
18.75 -39.75 200.75
17.75 -35.25 202.25
16.25 -34.25 202.25
16.25 -37.25 201.75
17.25 -33.75 203.75
16.25 -57.25 199.75
16.25 -56.25 199.25
16.25 -35.25 202.75
17.25 -59.75 198.75
18.25 -56.25 199.75
18.25 -36.25 201.75
18.25 -35.25 202.25
16.25 -44.75 199.75
16.25 -49.75 201.25
16.25 -48.75 201.75
16.25 -51.75 200.25
16.25 -45.75 199.25
17.25 -54.25 202.75
16.25 -50.75 200.75
17.25 -55.25 202.25
17.25 -46.25 198.75
18.25 -51.75 200.75
18.25 -50.75 200.25
18.25 -44.75 199.25
18.25 -48.75 201.25
18.25 -45.75 199.75
16.75 -44.25 198.75
15.75 -33.75 199.75
16.75 -53.25 202.25
16.75 -47.25 199.25
16.75 -50.25 201.75
16.75 -52.25 202.75
17.75 -47.75 199.25
17.75 -53.75 202.25
17.75 -50.75 201.75
17.75 -51.75 201.25
18.25 -42.75 199.75
16.25 -43.75 199.75
16.25 -52.75 200.25
16.25 -53.75 200.75
16.25 -42.75 199.25
17.25 -49.25 202.75
16.25 -54.75 201.25
18.25 -52.75 200.75
18.25 -53.75 200.25
18.25 -43.75 199.25
16.25 -43.25 199.75
16.25 -42.25 199.25
16.25 -52.25 200.25
16.25 -53.25 200.75
17.25 -49.75 202.75
16.25 -54.25 201.25
18.25 -53.25 200.25
18.25 -52.25 200.75
18.25 -42.25 199.75
18.25 -43.25 199.25
16.25 -35.75 199.75
16.25 -34.75 199.25
16.25 -33.75 198.75
16.25 -60.75 200.25
16.25 -61.75 200.75
17.25 -56.25 202.25
17.25 -63.25 201.75
17.25 -57.25 202.75
18.25 -61.75 200.25
18.25 -60.75 200.75
18.25 -34.75 199.75
18.25 -35.75 199.25
16.75 -36.25 198.75
15.75 -41.75 199.75
16.75 -58.25 201.75
16.75 -59.25 201.25
17.75 -59.75 201.25
17.75 -58.75 201.75
17.75 -39.75 199.25
16.75 -34.75 198.75
15.75 -48.25 200.25
15.75 -49.25 200.75
16.75 -60.75 201.75
16.75 -61.75 201.25
16.75 -59.75 202.25
16.75 -62.75 200.75
17.75 -62.25 200.75
17.75 -61.25 201.25
17.75 -34.25 198.75
16.25 -46.75 201.75
16.25 -41.75 202.25
16.25 -50.75 199.75
16.25 -47.75 201.25
17.25 -43.25 203.25
16.25 -51.75 199.25
18.25 -46.75 201.25
18.25 -50.75 199.25
18.25 -51.75 199.75
18.25 -45.75 200.75
18.25 -44.75 200.25
18.25 -47.75 201.75
17.25 -43.75 202.75
16.25 -45.25 201.75
16.25 -44.25 201.25
16.25 -49.25 199.75
17.25 -40.75 203.25
16.25 -48.25 199.25
16.25 -42.25 202.25
17.25 -51.75 198.75
18.25 -48.25 199.75
18.25 -47.25 200.25
18.25 -44.25 201.75
18.25 -46.25 200.75
18.25 -49.25 199.25
18.25 -45.25 201.25
16.25 -44.25 201.75
17.25 -41.75 203.25
16.25 -48.25 199.75
16.25 -49.25 199.25
16.25 -45.25 201.25
16.25 -43.25 202.25
17.25 -40.75 203.75
17.25 -50.75 198.75
18.25 -47.25 200.75
18.25 -46.25 200.25
18.25 -49.25 199.75
18.25 -48.25 199.25
18.25 -44.25 201.25
16.25 -42.25 201.25
16.25 -43.25 201.75
17.25 -45.75 202.75
16.25 -55.25 199.75
17.25 -46.75 203.25
16.25 -54.25 199.25
16.25 -44.25 202.25
17.25 -53.75 198.75
18.25 -54.25 199.75
18.25 -43.25 201.25
18.25 -42.25 201.75
16.25 -39.75 201.75
16.25 -32.75 202.25
16.25 -33.75 202.75
17.25 -35.25 203.75
16.25 -59.75 199.75
16.25 -58.75 199.25
17.25 -57.25 198.75
18.25 -58.75 199.75
18.25 -38.75 201.75
16.25 -36.25 201.75
17.25 -32.75 203.75
16.25 -35.25 202.25
16.25 -34.25 202.75
16.25 -56.25 199.75
16.25 -57.25 199.25
17.25 -58.75 198.75
18.25 -57.25 199.75
18.25 -37.25 201.75
18.25 -34.25 202.25
17.75 -39.25 203.25
17.75 -37.25 202.25
16.75 -36.75 202.75
15.75 -46.25 200.25
15.75 -47.25 200.75
16.75 -39.75 203.25
15.75 -44.25 201.25
16.75 -37.75 202.25
16.75 -63.75 199.25
16.75 -60.75 198.75
17.75 -63.25 199.25
18.75 -32.75 200.25
18.75 -33.75 200.75
17.75 -36.25 202.75
18.75 -34.75 201.25
17.25 -42.25 203.25
16.25 -46.75 201.25
16.25 -47.75 201.75
16.25 -50.75 199.25
16.25 -51.75 199.75
16.25 -40.75 202.25
17.25 -49.25 198.75
18.25 -50.75 199.75
18.25 -51.75 199.25
18.25 -45.75 200.25
18.25 -47.75 201.25
52.75 -2.75 208.25
17.75 -37.25 202.75
16.75 -38.75 203.25
16.75 -37.75 202.75
15.75 -46.25 200.75
15.75 -47.25 200.25
16.75 -62.75 199.25
16.75 -61.75 198.75
15.75 -45.25 201.25
17.75 -62.25 199.25
18.75 -35.75 201.25
18.75 -32.75 200.75
18.75 -33.75 200.25
17.75 -38.25 203.25
17.25 -34.75 203.25
17.25 -35.75 203.75
16.25 -33.25 202.75
16.25 -39.25 201.75
16.25 -32.25 202.25
16.25 -59.25 199.75
16.25 -58.25 199.25
17.25 -57.75 198.75
18.25 -58.25 199.75
18.25 -38.25 201.75
18.25 -33.25 202.25
16.75 -43.75 198.75
15.75 -38.25 199.75
16.75 -53.75 201.75
16.75 -50.75 202.25
16.75 -52.75 201.25
16.75 -51.75 202.75
17.75 -53.25 201.75
17.75 -50.25 202.25
17.75 -52.25 201.25
16.25 -40.75 199.25
16.25 -41.75 199.75
17.25 -51.25 202.75
16.25 -54.75 200.25
16.25 -55.75 200.75
16.25 -52.75 201.25
17.25 -48.25 203.25
18.25 -55.75 200.25
18.25 -54.75 200.75
18.25 -40.75 199.75
18.25 -41.75 199.25
16.25 -37.75 199.75
16.25 -36.75 199.25
16.25 -58.75 200.25
16.25 -59.75 200.75
17.25 -62.25 202.25
16.25 -56.75 201.25
16.25 -39.75 198.75
18.25 -59.75 200.25
18.25 -58.75 200.75
18.25 -36.75 199.75
18.25 -37.75 199.25
17.25 -41.25 203.25
16.25 -44.75 201.75
16.25 -45.75 201.25
16.25 -48.75 199.75
16.25 -49.75 199.25
16.25 -43.75 202.25
17.25 -40.25 203.75
18.25 -49.75 199.75
18.25 -47.75 200.75
18.25 -44.75 201.25
18.25 -48.75 199.25
18.25 -46.75 200.25
18.25 -45.75 201.75
21.25 2.75 205.25
12.25 1.25 202.75
13.25 1.75 202.75
18.25 5.25 207.25
28.25 5.25 204.75
26.25 5.25 205.25
24.25 5.25 205.75
33.25 4.75 195.25
30.25 5.25 204.25
32.25 5.25 195.75
37.25 4.75 194.25
34.25 5.25 195.25
52.25 5.25 198.75
39.25 4.75 194.75
54.25 5.25 198.25
48.25 5.25 199.75
50.25 5.25 199.25
49.25 5.75 199.75
53.25 5.75 198.75
55.25 3.75 197.25
55.25 4.75 198.75
55.25 2.75 197.75
55.25 1.75 196.25
55.25 0.75 196.75
17.25 1.75 205.75
17.25 0.75 205.25
16.25 -46.25 199.25
16.25 -47.25 199.75
16.25 -50.25 201.25
16.25 -51.25 201.75
17.25 -53.75 202.75
16.25 -49.25 200.75
17.25 -52.75 202.25
18.25 -49.25 200.25
18.25 -48.25 200.75
18.25 -46.25 199.75
18.25 -47.25 199.25
18.25 -51.25 201.25
16.75 -45.75 198.75
16.75 -52.75 202.25
16.75 -51.75 201.75
15.75 -32.25 199.75
16.75 -46.75 199.25
17.75 -52.25 202.25
17.75 -51.25 201.75
16.25 -45.25 199.75
16.25 -48.25 201.25
16.25 -44.25 199.25
16.25 -49.25 201.75
17.25 -55.75 202.75
16.25 -51.25 200.75
17.25 -54.75 202.25
17.25 -47.75 198.75
18.25 -51.25 200.25
18.25 -50.25 200.75
18.25 -44.25 199.75
18.25 -49.25 201.25
18.25 -45.25 199.25
18.25 -48.25 201.75
16.25 -41.75 199.25
16.25 -40.75 199.75
17.25 -50.25 202.75
16.25 -55.75 200.25
16.25 -54.75 200.75
16.25 -53.75 201.25
18.25 -55.75 200.75
18.25 -54.75 200.25
18.25 -40.75 199.25
18.25 -41.75 199.75
18.25 -52.75 201.25
16.25 -33.25 199.25
17.25 -59.75 202.25
16.25 -62.25 200.75
16.25 -63.25 200.25
17.25 -60.75 201.75
16.25 -34.25 198.75
16.25 -32.25 199.75
18.25 -62.25 200.25
18.25 -32.25 199.25
18.25 -44.75 201.75
17.25 -43.25 202.75
16.25 -45.75 201.75
16.25 -44.75 201.25
17.25 -40.25 203.25
16.25 -49.75 199.75
16.25 -48.75 199.25
16.25 -42.75 202.25
16.25 -47.75 200.75
17.25 -41.25 203.75
17.25 -51.25 198.75
18.25 -45.75 201.25
18.25 -46.75 200.75
18.25 -47.75 200.25
18.25 -48.75 199.75
18.25 -49.75 199.25
19.25 -35.75 201.25
16.25 -36.25 202.25
16.25 -35.25 201.75
17.25 -39.75 203.75
17.25 -38.75 203.25
16.25 -63.25 199.75
16.25 -62.25 199.25
18.25 -62.25 199.75
18.25 -37.25 202.25
17.75 -39.75 203.25
16.75 -39.25 203.25
15.75 -46.75 200.25
16.75 -36.25 202.75
15.75 -47.75 200.75
15.75 -44.75 201.25
16.75 -63.25 199.25
16.75 -60.25 198.75
17.75 -63.75 199.25
18.75 -34.25 201.25
17.75 -36.75 202.75
18.75 -32.25 200.25
18.75 -33.25 200.75
17.75 -37.75 202.25
16.75 -37.25 198.75
16.75 -59.25 201.75
16.75 -58.25 201.25
15.75 -40.75 199.75
16.75 -60.25 202.25
17.75 -58.75 201.25
17.75 -59.75 201.75
17.75 -37.75 198.75
17.75 -38.75 199.25
16.25 -46.25 201.75
16.25 -47.25 201.25
17.25 -43.75 203.25
16.25 -50.25 199.75
16.25 -51.25 199.25
16.25 -41.25 202.25
18.25 -51.25 199.75
18.25 -50.25 199.25
18.25 -46.25 201.25
18.25 -45.25 200.75
18.25 -44.25 200.25
18.25 -47.25 201.75
16.25 -42.75 201.25
16.25 -43.75 201.75
16.25 -55.75 199.75
17.25 -32.25 204.25
16.25 -54.75 199.25
17.25 -46.25 203.25
17.25 -45.25 202.75
17.25 -53.25 198.75
18.25 -54.75 199.75
18.25 -55.75 199.25
18.25 -43.75 201.25
18.25 -42.75 201.75
17.25 -42.75 203.25
16.25 -46.25 201.25
16.25 -51.25 199.75
16.25 -40.25 202.25
16.25 -47.25 201.75
16.25 -50.25 199.25
17.25 -49.75 198.75
18.25 -47.25 201.25
18.25 -50.25 199.75
18.25 -45.25 200.25
18.25 -46.25 201.75
16.25 -46.25 199.75
16.25 -50.25 201.75
16.25 -47.25 199.25
16.25 -51.25 201.25
17.25 -52.75 202.75
16.25 -48.25 200.75
17.25 -53.75 202.25
18.25 -48.25 200.25
18.25 -49.25 200.75
18.25 -47.25 199.75
18.25 -46.25 199.25
18.25 -50.25 201.25
16.25 -39.25 199.25
16.25 -38.25 199.75
16.25 -57.25 200.25
16.25 -56.25 200.75
17.25 -61.75 202.25
16.25 -36.25 198.75
18.25 -56.25 200.25
18.25 -57.25 200.75
17.25 -58.75 201.75
18.25 -39.25 199.75
18.25 -38.25 199.25
19.25 -34.75 201.25
18.25 -36.25 202.25
16.25 -37.25 202.25
17.25 -38.75 203.75
17.25 -39.75 203.25
16.25 -62.25 199.75
16.25 -34.25 201.75
16.25 -63.25 199.25
18.25 -63.25 199.75
18.25 -35.25 201.75
17.75 -44.25 198.75
16.75 -44.75 198.75
15.75 -33.25 199.75
16.75 -53.75 202.25
16.75 -50.75 201.75
16.75 -47.75 199.25
17.75 -50.25 201.75
17.75 -47.25 199.25
17.75 -51.25 201.25
17.75 -53.25 202.25
15.75 -40.25 199.75
16.75 -37.75 198.75
16.75 -59.75 201.75
16.75 -58.75 201.25
17.75 -58.25 201.25
17.75 -59.25 201.75
17.75 -37.25 198.75
17.75 -38.25 199.25
16.75 -45.25 198.75
16.75 -52.25 202.25
15.75 -32.75 199.75
16.75 -46.25 199.25
16.75 -51.25 201.75
17.75 -52.75 202.25
17.75 -46.75 199.25
17.75 -51.75 201.75
15.75 -34.75 199.75
16.75 -54.25 202.25
16.75 -47.25 198.75
16.75 -49.25 201.75
16.75 -44.25 199.25
17.75 -49.75 201.75
17.75 -54.75 202.25
17.75 -44.75 199.25
16.25 10.25 212.25
15.25 7.75 213.25
16.25 12.25 215.25
16.25 5.25 211.75
17.25 13.75 215.75
18.25 12.25 215.75
17.25 12.75 215.25
18.25 9.25 213.25
18.25 7.25 210.25
18.25 5.25 211.25
17.25 2.75 208.25
16.75 -46.25 198.75
16.75 -48.25 201.75
16.75 -55.25 202.25
15.75 -35.75 199.75
16.75 -45.25 199.25
17.75 -48.75 201.75
16.25 -44.25 199.75
16.25 -48.25 201.75
16.25 -45.25 199.25
16.25 -49.25 201.25
17.25 -54.75 202.75
16.25 -50.25 200.75
16.25 -51.25 200.25
17.25 -55.75 202.25
17.25 -46.75 198.75
18.25 -51.25 200.75
18.25 -45.25 199.75
18.25 -50.25 200.25
18.25 -48.25 201.25
18.25 -44.25 199.25
16.25 -38.25 202.25
17.25 -37.75 203.75
16.25 -61.25 199.75
16.25 -60.25 199.25
16.25 -33.25 201.75
17.25 -63.75 198.75
18.25 -60.25 199.75
18.25 -61.25 199.25
17.25 -36.75 203.25
18.25 -32.25 201.75
18.25 -39.25 202.25
15.75 -42.25 199.75
16.75 -39.75 198.75
16.75 -57.75 201.75
16.75 -56.75 201.25
17.75 -56.25 201.25
17.75 -57.25 201.75
16.25 -43.75 201.25
16.25 -42.75 201.75
16.25 -54.75 199.75
16.25 -55.75 199.25
17.25 -47.25 203.25
17.25 -52.25 198.75
17.25 -33.25 204.25
18.25 -55.75 199.75
18.25 -43.75 201.75
18.25 -42.75 201.25
18.25 -54.75 199.25
17.25 -44.25 202.75
16.25 -46.75 199.25
16.25 -47.75 199.75
16.25 -50.75 201.25
17.25 -53.25 202.75
16.25 -51.75 201.75
16.25 -49.75 200.75
18.25 -49.75 200.25
17.25 -45.25 198.75
18.25 -48.75 200.75
18.25 -51.75 201.25
18.25 -46.75 199.75
18.25 -47.75 199.25
17.75 -42.75 199.25
16.75 -42.25 199.25
16.75 -41.25 198.75
16.75 -48.25 202.25
15.75 -36.75 199.75
16.75 -49.25 202.75
16.75 -55.25 201.75
16.75 -54.25 201.25
17.75 -54.75 201.25
17.75 -55.75 201.75
17.75 -48.75 202.25
17.25 -36.25 203.75
16.25 -32.75 201.75
16.25 -39.75 202.25
16.25 -61.75 199.25
16.25 -60.75 199.75
17.25 -62.25 198.75
18.25 -61.75 199.75
17.25 -37.25 203.25
18.25 -38.75 202.25
22.25 4.25 204.25
12.25 2.25 201.75
11.25 1.75 201.75
22.25 5.25 204.75
13.25 2.75 201.75
11.25 2.75 200.25
18.25 3.25 206.75
14.25 3.25 201.75
18.25 4.25 205.25
33.25 4.75 193.75
43.25 4.75 195.25
40.25 5.25 195.25
54.25 5.25 196.75
42.25 5.25 195.75
50.25 5.25 197.75
48.25 5.25 197.25
52.25 5.25 196.25
45.25 4.75 194.75
51.25 5.75 197.75
55.25 4.75 196.25
55.25 2.75 199.25
55.25 3.75 199.75
55.25 0.75 198.25
55.25 1.75 198.75
16.25 2.25 206.75
16.25 -35.75 199.25
17.25 -57.25 202.25
16.25 -60.75 200.75
16.25 -61.75 200.25
17.25 -62.25 201.75
17.25 -56.25 202.75
16.25 -34.75 199.75
16.25 -32.75 198.75
18.25 -60.75 200.25
18.25 -61.75 200.75
18.25 -34.75 199.25
18.25 -35.75 199.75
16.25 -40.75 201.75
17.25 -45.25 203.25
16.25 -52.75 199.75
16.25 -41.75 201.25
17.25 -46.25 202.75
16.25 -53.75 199.25
17.25 -54.25 198.75
18.25 -53.75 199.75
18.25 -41.75 201.75
16.75 -32.25 198.75
15.75 -50.75 200.25
16.75 -57.25 202.25
15.75 -51.75 200.75
16.75 -62.25 201.75
16.75 -63.25 201.25
15.75 -45.75 199.75
17.75 -63.75 201.25
17.75 -60.75 200.75
17.75 -35.75 199.25
16.25 -43.75 199.25
16.25 -42.75 199.75
16.25 -52.75 200.75
16.25 -53.75 200.25
17.25 -48.25 202.75
16.25 -55.75 201.25
16.25 -40.75 198.75
18.25 -52.75 200.25
18.25 -53.75 200.75
18.25 -42.75 199.25
18.25 -35.25 199.75
16.25 -35.25 199.25
17.25 -57.75 202.25
16.25 -60.25 200.75
16.25 -61.25 200.25
16.25 -32.25 198.75
17.25 -62.75 201.75
17.25 -56.75 202.75
16.25 -34.25 199.75
18.25 -60.25 200.25
18.25 -61.25 200.75
18.25 -34.25 199.25
16.25 -40.25 201.75
16.25 -52.25 199.75
17.25 -46.75 202.75
17.25 -45.75 203.25
16.25 -53.25 199.25
16.25 -41.25 201.25
18.25 -53.25 199.75
18.25 -52.25 199.25
18.25 -41.25 201.75
18.25 -40.25 201.25
16.75 -40.25 198.75
16.75 -49.25 202.25
16.75 -48.25 202.75
16.75 -54.25 201.75
16.75 -55.25 201.25
15.75 -37.75 199.75
17.75 -55.75 201.25
17.75 -54.75 201.75
17.75 -49.75 202.25
16.25 -45.75 199.75
16.25 -44.75 199.25
16.25 -49.75 201.75
16.25 -51.75 200.75
16.25 -48.75 201.25
17.25 -55.25 202.75
17.25 -54.25 202.25
16.25 -50.75 200.25
18.25 -50.75 200.75
18.25 -51.75 200.25
18.25 -44.75 199.75
18.25 -49.75 201.25
18.25 -45.75 199.25
16.75 -38.25 198.75
15.75 -43.75 199.75
16.75 -56.25 201.75
16.75 -57.25 201.25
17.75 -57.75 201.25
17.75 -56.75 201.75
15.75 -37.25 199.75
16.75 -48.75 202.75
16.75 -54.75 201.75
16.75 -49.75 202.25
16.75 -40.75 198.75
16.75 -55.75 201.25
16.75 -43.75 199.25
17.75 -55.25 201.25
17.75 -54.25 201.75
17.75 -49.25 202.25
17.75 -40.25 198.75
17.75 -33.25 198.75
18.75 -34.75 199.75
16.75 -33.75 198.75
15.75 -50.25 200.75
15.75 -51.25 200.25
16.75 -56.75 202.25
16.75 -63.75 201.75
16.75 -62.75 201.25
15.75 -44.25 199.75
17.75 -62.25 201.25
17.75 -61.25 200.75
16.75 -32.75 198.75
15.75 -50.25 200.25
15.75 -51.25 200.75
16.75 -57.75 202.25
16.75 -62.75 201.75
16.75 -63.75 201.25
15.75 -45.25 199.75
17.75 -63.25 201.25
17.25 -44.25 198.75
18.25 -46.75 199.25
16.25 -46.75 199.75
16.25 -51.75 201.25
17.25 -52.25 202.75
16.25 -47.75 199.25
16.25 -50.75 201.75
16.25 -48.75 200.75
16.25 -49.75 200.25
17.25 -53.25 202.25
18.25 -48.75 200.25
18.25 -50.75 201.25
18.25 -47.75 199.75
18.25 -49.75 200.75
16.75 -38.75 198.75
16.75 -56.75 201.75
16.75 -57.75 201.25
15.75 -43.25 199.75
15.75 -52.25 200.25
17.75 -56.25 201.75
17.75 -57.25 201.25
18.25 -40.75 201.75
17.25 -44.25 203.25
16.25 -41.75 201.75
16.25 -53.75 199.75
16.25 -52.75 199.25
17.25 -47.25 202.75
17.25 -55.25 198.75
16.25 -40.75 201.25
18.25 -52.75 199.75
18.25 -53.75 199.25
18.25 -41.75 201.25
15.75 -48.75 200.25
15.75 -49.75 200.75
16.75 -34.25 198.75
16.75 -60.25 201.75
16.75 -59.25 202.25
16.75 -61.25 201.25
17.75 -62.75 200.75
17.75 -61.75 201.25
17.75 -60.75 201.75
17.75 -34.75 198.75
18.75 -33.25 199.75
16.75 -49.75 202.75
16.75 -41.75 198.75
15.75 -36.25 199.75
16.75 -55.75 201.75
16.75 -54.75 201.25
16.75 -48.75 202.25
17.75 -54.25 201.25
17.75 -55.25 201.75
17.75 -48.25 202.25
18.75 -34.25 199.75
15.75 -51.75 200.25
15.75 -50.75 200.75
16.75 -56.25 202.25
16.75 -33.25 198.75
15.75 -44.75 199.75
16.75 -63.25 201.75
16.75 -62.25 201.25
17.75 -61.75 200.75
17.75 -62.75 201.25
15.75 -34.25 199.75
16.75 -54.75 202.25
16.75 -47.75 198.75
16.75 -49.75 201.75
16.75 -44.75 199.25
17.75 -49.25 201.75
17.75 -44.25 199.25
16.25 -38.75 202.25
17.25 -37.25 203.75
16.25 -61.75 199.75
16.25 -33.75 201.75
16.25 -60.75 199.25
17.25 -63.25 198.75
18.25 -60.75 199.75
18.25 -61.75 199.25
18.25 -32.75 201.75
18.25 -39.75 202.25
16.75 -39.25 198.75
16.75 -57.25 201.75
16.75 -56.25 201.25
15.75 -42.75 199.75
17.75 -56.75 201.25
17.75 -57.75 201.75
17.75 -39.75 198.75
16.25 -64.25 200.25
17.25 -67.75 201.75
16.25 -65.25 200.75
18.25 -65.25 200.25
16.75 -64.75 200.75
16.75 -66.75 201.75
16.75 -67.75 201.25
17.75 -64.25 200.75
17.75 -67.25 201.25
16.75 -64.25 201.75
16.75 -66.25 200.75
16.75 -65.25 201.25
17.75 -66.75 200.75
17.75 -65.75 201.25
16.75 -64.75 201.75
16.75 -66.75 200.75
16.75 -65.75 201.25
17.75 -66.25 200.75
17.75 -65.25 201.25
16.75 -65.25 201.75
16.75 -67.25 200.75
16.75 -64.25 201.25
17.75 -67.75 200.75
17.75 -64.75 201.25
16.25 -65.25 200.25
16.25 -64.25 200.75
17.25 -66.75 201.75
17.25 -67.75 201.25
18.25 -64.25 200.25
16.25 -64.75 200.25
17.25 -67.25 201.75
16.25 -65.75 200.75
18.25 -65.75 200.25
16.25 -65.75 200.25
17.25 -66.25 201.75
16.25 -64.75 200.75
17.25 -67.25 201.25
18.25 -64.75 200.25
16.75 -65.25 200.75
16.75 -66.25 201.25
16.75 -67.25 201.75
17.75 -65.75 200.75
17.75 -66.75 201.25
16.25 -64.25 199.75
17.25 -66.75 198.75
16.25 -65.25 199.25
18.25 -65.25 199.75
16.75 -64.25 200.75
16.75 -66.25 201.75
16.75 -67.25 201.25
17.75 -64.75 200.75
17.75 -67.75 201.25
16.25 -65.25 199.75
16.25 -64.25 199.25
17.25 -67.75 198.75
18.25 -64.25 199.75
16.25 -64.75 199.75
16.25 -65.75 199.25
17.25 -66.25 198.75
18.25 -65.75 199.75
16.25 -66.75 200.25
17.25 -65.25 201.75
18.25 -67.75 200.25
16.25 -66.25 200.25
17.25 -65.75 201.75
18.25 -67.25 200.25
16.75 -65.75 200.75
16.75 -67.75 201.75
16.75 -66.75 201.25
17.75 -65.25 200.75
17.75 -66.25 201.25
16.75 -65.75 201.75
16.75 -67.75 200.75
16.75 -64.75 201.25
17.75 -67.25 200.75
17.75 -64.25 201.25
16.25 -66.75 199.25
16.25 -67.75 199.75
17.25 -65.25 198.75
18.25 -66.75 199.75
16.25 -66.25 199.75
16.25 -67.25 199.25
17.25 -64.75 198.75
18.25 -67.25 199.75
16.25 -65.75 199.75
16.25 -64.75 199.25
17.25 -67.25 198.75
18.25 -64.75 199.75
16.25 -67.25 200.25
17.25 -64.75 201.75
18.25 -66.25 200.25
16.25 -66.75 199.75
16.25 -67.75 199.25
17.25 -64.25 198.75
18.25 -67.75 199.75
16.25 -67.75 200.25
17.25 -64.25 201.75
18.25 -66.75 200.25
17.25 -68.75 201.75
16.25 -71.25 200.25
17.25 -69.75 201.25
17.25 -89.75 199.25
17.25 -88.75 199.75
17.25 -70.75 200.75
18.25 -89.25 199.75
18.25 -88.25 199.25
18.25 -70.25 200.25
17.25 -68.25 201.75
16.25 -71.75 200.25
17.25 -69.25 201.25
17.25 -88.25 199.75
17.25 -89.25 199.25
17.25 -70.25 200.75
18.25 -89.75 199.75
18.25 -88.75 199.25
18.25 -70.75 200.25
16.25 -67.25 199.75
16.25 -66.25 199.25
17.25 -65.75 198.75
18.25 -66.25 199.75
16.25 -69.25 200.25
17.25 -70.75 201.75
17.25 -71.75 201.25
17.25 -90.75 199.75
18.25 -90.25 199.25
18.25 -68.25 200.25
16.25 -68.75 200.25
17.25 -64.25 202.25
17.25 -71.25 201.75
17.25 -70.25 201.25
17.25 -91.25 199.75
17.25 -90.25 199.25
18.25 -90.75 199.75
18.25 -69.75 200.25
16.75 -68.75 200.75
16.75 -71.75 201.25
16.75 -90.75 199.75
16.75 -69.75 200.25
17.75 -90.25 199.75
17.75 -68.25 200.75
17.75 -71.25 201.25
17.75 -69.25 200.25
16.75 -68.25 200.75
16.75 -71.25 201.25
16.75 -90.25 199.75
16.75 -69.25 200.25
17.75 -90.75 199.75
18.75 -90.25 199.25
17.75 -68.75 200.75
17.75 -69.75 200.25
16.75 -65.25 199.25
16.75 -66.25 198.75
17.75 -65.75 199.25
16.25 -68.25 200.25
17.25 -71.75 201.75
17.25 -70.75 201.25
17.25 -64.75 202.25
17.25 -90.75 199.25
18.25 -90.25 199.75
18.25 -69.25 200.25
16.75 -69.75 200.75
16.75 -70.75 201.25
16.75 -68.75 200.25
16.75 -90.75 199.25
17.75 -90.25 199.25
18.75 -90.75 199.75
17.75 -91.25 199.75
17.75 -69.25 200.75
17.75 -70.25 201.25
17.25 -69.25 201.75
16.25 -70.75 200.25
17.25 -88.25 199.25
17.25 -89.25 199.75
17.25 -71.25 200.75
18.25 -88.75 199.75
18.25 -89.75 199.25
18.25 -71.75 200.25
17.25 -68.25 201.25
16.25 -68.75 199.75
17.25 -91.25 200.25
16.25 -69.75 199.25
18.25 -90.75 200.25
18.25 -69.75 199.75
16.25 -68.25 199.75
17.25 -70.75 198.75
16.25 -69.25 199.25
18.25 -90.25 200.25
18.25 -69.25 199.75
17.25 -70.25 201.75
16.25 -69.75 200.25
17.25 -71.25 201.25
17.25 -65.25 202.25
17.25 -90.25 199.75
18.25 -90.75 199.25
18.25 -68.75 200.25
16.75 -64.75 199.25
17.75 -64.25 199.25
16.25 -69.75 199.75
17.25 -90.25 200.25
16.25 -68.75 199.25
17.25 -71.25 198.75
18.25 -68.75 199.75
17.25 -69.75 201.75
16.25 -70.25 200.25
17.25 -88.75 199.25
17.25 -89.75 199.75
17.25 -71.75 200.75
17.25 -68.75 201.25
18.25 -88.25 199.75
18.25 -89.25 199.25
18.25 -71.25 200.25
16.75 -65.75 199.25
16.75 -66.75 198.75
17.75 -65.25 199.25
16.75 -64.25 199.25
16.75 -67.25 198.75
17.75 -64.75 199.25
16.75 -70.75 200.75
16.75 -69.75 201.25
16.75 -88.75 199.75
16.75 -71.75 200.25
16.75 -89.75 199.25
17.75 -88.25 199.75
17.75 -89.25 199.25
18.75 -89.75 199.75
17.75 -71.25 200.25
17.75 -70.25 200.75
17.75 -69.25 201.25
16.25 -70.75 199.25
16.25 -71.75 199.75
17.25 -88.25 200.25
18.25 -89.75 200.25
18.25 -70.75 199.75
17.25 -69.25 198.75
16.25 -70.25 199.75
16.25 -71.25 199.25
17.25 -89.75 200.25
17.25 -68.75 198.75
18.25 -88.25 200.25
18.25 -71.25 199.75
16.25 -69.25 199.75
16.25 -68.25 199.25
17.25 -90.75 200.25
17.25 -71.75 198.75
18.25 -91.25 200.25
18.25 -68.25 199.75
16.75 -70.25 200.75
16.75 -69.25 201.25
16.75 -88.25 199.75
16.75 -71.25 200.25
16.75 -89.25 199.25
16.75 -68.25 201.75
17.75 -88.75 199.75
17.75 -89.75 199.25
18.75 -89.25 199.75
17.75 -71.75 200.25
17.75 -70.75 200.75
17.75 -69.75 201.25
16.75 -66.75 199.25
16.75 -65.75 198.75
17.75 -66.25 199.25
16.75 -69.25 200.75
16.75 -70.25 201.25
16.75 -90.25 199.25
16.75 -91.25 199.75
17.75 -90.75 199.25
18.75 -90.25 199.75
17.75 -69.75 200.75
17.75 -70.75 201.25
17.75 -68.75 200.25
16.25 -70.75 199.75
16.25 -71.75 199.25
17.25 -89.25 200.25
17.25 -68.25 198.75
18.25 -88.75 200.25
18.25 -71.75 199.75
16.75 -71.25 200.75
16.75 -68.25 201.25
16.75 -89.25 199.75
16.75 -88.25 199.25
16.75 -70.25 200.25
17.75 -89.75 199.75
17.75 -88.75 199.25
18.75 -88.25 199.75
17.75 -71.75 200.75
17.75 -70.75 200.25
17.75 -68.75 201.25
16.75 -66.25 199.25
16.75 -65.25 198.75
17.75 -66.75 199.25
16.25 -72.25 200.25
17.25 -74.75 201.25
17.25 -86.75 199.25
17.25 -73.75 200.75
17.25 -87.75 199.75
16.25 -87.25 199.75
17.25 -72.75 200.25
18.25 -86.25 199.75
18.25 -87.25 199.25
16.75 -71.75 200.75
16.75 -68.75 201.25
16.75 -89.75 199.75
16.75 -88.75 199.25
16.75 -70.75 200.25
17.75 -89.25 199.75
17.75 -88.25 199.25
17.75 -71.25 200.75
17.75 -70.25 200.25
17.75 -68.25 201.25
16.75 -67.25 199.25
16.75 -64.25 198.75
17.75 -67.75 199.25
16.25 -71.25 199.75
17.25 -69.75 198.75
17.25 -88.75 200.25
16.25 -70.25 199.25
18.25 -89.25 200.25
18.25 -70.25 199.75
16.25 -72.75 200.25
17.25 -74.25 201.25
17.25 -86.25 199.25
17.25 -87.25 199.75
17.25 -73.25 200.75
18.25 -73.75 200.25
18.25 -86.75 199.75
18.25 -87.75 199.25
16.75 -72.75 200.75
16.75 -73.75 200.25
16.75 -86.75 199.75
16.75 -87.75 199.25
17.75 -75.25 201.25
17.75 -86.25 199.75
17.75 -87.25 199.25
17.75 -72.25 200.75
17.75 -73.25 200.25
16.75 -72.25 200.75
16.75 -73.25 200.25
16.75 -86.25 199.75
16.75 -87.25 199.25
16.75 -75.25 201.25
17.75 -86.75 199.75
17.75 -72.75 200.75
17.75 -87.75 199.25
17.75 -75.75 201.25
18.75 -87.25 199.75
17.75 -73.75 200.25
16.75 -68.25 199.25
16.75 -90.25 200.25
17.75 -90.75 200.25
17.75 -68.75 199.25
16.75 -67.75 199.25
16.75 -64.75 198.75
17.75 -67.25 199.25
16.25 -72.25 199.75
17.25 -87.75 200.25
16.25 -73.25 199.25
17.25 -73.75 199.25
17.25 -86.75 200.75
18.25 -86.25 200.25
18.25 -87.25 200.75
18.25 -73.25 199.75
16.75 -73.75 200.75
16.75 -72.75 200.25
16.75 -87.75 199.75
16.75 -86.75 199.25
16.75 -74.75 201.25
17.75 -87.25 199.75
17.75 -74.25 201.25
17.75 -86.25 199.25
17.75 -73.25 200.75
17.75 -72.25 200.25
17.25 -72.25 201.75
17.25 -73.25 201.25
17.25 -85.25 199.25
16.25 -75.75 200.25
17.25 -84.25 199.75
17.25 -74.25 200.75
17.25 -75.25 200.25
18.25 -85.75 199.75
18.25 -84.75 199.25
18.25 -74.75 200.25
16.75 -68.75 199.25
16.75 -90.75 200.25
17.75 -90.25 200.25
16.75 -69.75 199.75
17.75 -68.25 199.25
17.75 -69.25 199.75
16.25 -73.75 200.25
17.25 -75.25 201.25
17.25 -87.25 199.25
17.25 -86.25 199.75
17.25 -72.25 200.75
16.25 -86.75 199.75
18.25 -87.75 199.75
18.25 -86.75 199.25
16.75 -74.25 200.75
16.75 -75.25 200.25
16.75 -84.25 199.75
16.75 -73.25 201.25
16.75 -85.25 199.25
17.75 -74.75 200.75
17.75 -85.75 199.25
17.75 -84.75 199.75
18.75 -85.25 199.75
17.75 -75.75 200.25
16.75 -69.75 199.25
17.75 -91.25 200.25
17.75 -69.25 199.25
17.75 -68.25 199.75
16.25 -73.25 199.75
17.25 -86.75 200.25
16.25 -72.25 199.25
17.25 -73.75 199.75
18.25 -87.25 200.25
18.25 -86.25 200.75
18.25 -72.25 199.75
16.75 -74.25 200.25
16.75 -75.25 200.75
16.75 -72.25 201.25
16.75 -85.25 199.75
16.75 -84.25 199.25
17.75 -75.75 200.75
17.75 -85.75 199.75
17.75 -84.75 199.25
17.75 -74.75 200.25
16.25 -73.25 200.25
17.25 -75.75 201.25
17.25 -87.75 199.25
17.25 -72.75 200.75
17.25 -86.75 199.75
16.25 -86.25 199.75
17.25 -73.75 200.25
18.25 -87.25 199.75
18.25 -72.25 200.25
18.25 -86.25 199.25
16.75 -69.25 199.25
16.75 -91.25 200.25
17.75 -69.75 199.25
16.25 -72.75 199.75
17.25 -87.25 200.25
17.25 -86.25 200.75
16.25 -73.75 199.25
18.25 -86.75 200.25
18.25 -73.75 199.75
17.25 -73.25 199.25
16.25 -74.25 199.25
16.25 -75.25 199.75
17.25 -85.75 200.75
17.25 -84.75 200.25
17.25 -75.75 199.75
18.25 -85.25 200.25
18.25 -84.25 200.75
18.25 -74.25 199.75
17.25 -74.75 199.25
16.75 -74.75 200.25
16.75 -75.75 200.75
16.75 -72.75 201.25
16.75 -85.75 199.75
16.75 -84.75 199.25
17.75 -85.25 199.75
17.75 -75.25 200.75
17.75 -84.25 199.25
17.75 -74.25 200.25
16.25 -74.25 199.75
17.25 -84.75 200.75
17.25 -75.75 199.25
17.25 -85.75 200.25
18.25 -84.25 200.25
18.25 -75.25 199.75
16.25 -73.75 199.75
17.25 -86.25 200.25
16.25 -72.75 199.25
17.25 -73.25 199.75
18.25 -87.75 200.25
17.25 -87.25 200.75
18.25 -86.75 200.75
18.25 -72.75 199.75
16.75 -73.25 200.75
16.75 -72.25 200.25
16.75 -87.25 199.75
16.75 -74.25 201.25
16.75 -86.25 199.25
17.75 -87.75 199.75
17.75 -86.75 199.25
17.75 -74.75 201.25
17.75 -73.75 200.75
17.75 -72.75 200.25
17.25 -72.75 201.75
17.25 -73.75 201.25
17.25 -85.75 199.25
17.25 -84.75 199.75
17.25 -74.75 200.75
16.25 -75.25 200.25
18.25 -85.25 199.75
18.25 -75.25 200.75
18.25 -84.25 199.25
16.75 -74.75 199.25
16.75 -84.75 200.25
16.75 -75.75 199.75
17.75 -84.25 200.25
17.75 -85.25 200.75
17.75 -75.25 199.75
17.75 -74.25 199.25
16.75 -74.75 200.75
16.75 -75.75 200.25
16.75 -84.75 199.75
16.75 -73.75 201.25
16.75 -85.75 199.25
17.75 -74.25 200.75
17.75 -85.25 199.25
17.75 -84.25 199.75
17.75 -75.25 200.25
16.75 -70.25 199.25
16.75 -88.25 200.25
16.75 -69.25 198.75
16.75 -71.25 199.75
17.75 -88.75 200.25
17.75 -71.75 199.75
17.75 -70.75 199.25
16.75 -70.75 199.25
16.75 -88.75 200.25
16.75 -71.75 199.75
17.75 -88.25 200.25
17.75 -71.25 199.75
17.75 -70.25 199.25
16.25 -74.75 199.75
17.25 -75.25 199.25
17.25 -84.25 200.75
17.25 -85.25 200.25
18.25 -85.75 200.75
18.25 -84.75 200.25
17.25 -72.25 201.25
17.25 -73.25 201.75
17.25 -84.25 199.25
17.25 -85.25 199.75
17.25 -75.25 200.75
16.25 -85.75 199.75
16.25 -74.75 200.25
18.25 -84.75 199.75
18.25 -85.75 199.25
18.25 -75.75 200.25
16.75 -72.25 199.25
16.75 -86.25 200.25
16.75 -73.25 199.75
17.75 -86.75 200.25
17.75 -73.75 199.75
17.75 -72.75 199.25
16.75 -71.75 199.25
16.75 -68.75 198.75
16.75 -89.75 200.25
16.75 -70.75 199.75
17.75 -89.25 200.25
17.75 -71.25 199.25
17.75 -70.25 199.75
16.75 -71.25 199.25
16.75 -68.25 198.75
16.75 -89.25 200.25
16.75 -70.25 199.75
17.75 -89.75 200.25
17.75 -71.75 199.25
17.75 -70.75 199.75
16.75 -77.25 200.25
16.75 -76.25 200.75
16.75 -82.25 199.75
16.75 -83.25 199.25
17.75 -76.75 200.75
17.75 -83.75 199.25
17.75 -82.75 199.75
17.75 -77.75 200.25
16.75 -77.25 200.75
16.75 -76.25 200.25
16.75 -83.25 199.75
16.75 -82.25 199.25
17.75 -77.75 200.75
17.75 -83.75 199.75
17.75 -82.75 199.25
17.75 -78.75 201.25
18.75 -82.25 199.75
17.75 -76.75 200.25
17.25 -72.75 201.25
17.25 -73.75 201.75
17.25 -84.75 199.25
17.25 -85.75 199.75
17.25 -75.75 200.75
17.25 -74.75 200.25
18.25 -85.25 199.25
18.25 -84.25 199.75
18.25 -75.25 200.25
16.75 -73.75 199.25
16.75 -87.75 200.25
16.75 -72.75 199.75
17.75 -87.25 200.25
17.75 -86.25 200.75
17.75 -72.25 199.75
17.75 -73.25 199.25
16.75 -73.25 199.25
16.75 -87.25 200.25
16.75 -72.25 199.75
17.75 -87.75 200.25
17.75 -86.75 200.75
17.75 -72.75 199.75
17.75 -73.75 199.25
16.25 -75.75 199.75
17.25 -85.25 200.75
17.25 -84.25 200.25
16.25 -74.75 199.25
17.25 -74.25 199.25
17.25 -75.25 199.75
18.25 -85.75 200.25
18.25 -84.75 200.75
16.75 -78.25 200.25
16.75 -80.25 199.25
16.75 -81.25 199.75
16.75 -79.25 200.75
17.75 -79.75 200.75
17.75 -76.75 201.25
17.75 -78.75 200.25
18.75 -80.25 199.75
17.75 -81.75 199.75
17.75 -80.75 199.25
16.75 -77.75 200.25
16.75 -76.75 200.75
16.75 -82.75 199.75
16.75 -83.75 199.25
17.75 -76.25 200.75
17.75 -82.25 199.75
17.75 -77.25 200.25
17.75 -83.25 199.25
16.75 -76.75 200.25
16.75 -77.75 200.75
16.75 -83.75 199.75
16.75 -82.75 199.25
17.75 -77.25 200.75
17.75 -82.25 199.25
17.75 -83.25 199.75
17.75 -76.25 200.25
16.75 -77.75 199.75
16.75 -76.75 199.25
16.75 -82.75 200.25
17.75 -83.25 200.75
17.75 -82.25 200.25
17.75 -77.25 199.75
17.75 -76.25 199.25
16.25 -76.25 199.75
17.25 -82.75 200.75
17.25 -83.75 200.25
17.25 -77.75 199.25
17.25 -76.75 199.75
18.25 -82.25 200.25
18.25 -83.25 200.75
17.25 -78.75 200.75
17.25 -77.75 201.25
16.25 -80.25 199.75
17.25 -81.75 199.25
17.25 -79.75 200.25
17.25 -80.75 199.75
18.25 -81.25 199.75
18.25 -78.25 200.25
18.25 -80.25 199.25
16.75 -78.25 199.75
16.75 -79.25 199.25
16.75 -81.25 200.25
16.75 -80.25 200.75
17.75 -81.75 200.25
17.75 -80.75 200.75
18.75 -79.25 199.75
17.75 -78.75 199.75
17.75 -79.75 199.25
16.75 -77.25 199.75
16.75 -76.25 199.25
16.75 -82.25 200.25
17.75 -83.75 200.75
17.75 -82.75 200.25
17.75 -76.75 199.25
17.75 -77.75 199.75
16.25 -76.75 199.75
17.25 -82.25 200.75
17.25 -83.25 200.25
16.25 -83.75 200.25
17.25 -77.25 199.25
18.25 -82.75 200.25
18.25 -77.75 199.75
16.75 -78.75 200.25
16.75 -81.75 199.75
16.75 -80.75 199.25
16.75 -79.75 200.75
17.75 -79.25 200.75
17.75 -76.25 201.25
17.75 -81.25 199.75
17.75 -78.25 200.25
17.75 -80.25 199.25
16.75 -79.25 200.25
16.75 -78.25 200.75
16.75 -80.25 199.75
16.75 -81.25 199.25
17.75 -78.75 200.75
17.75 -77.75 201.25
17.75 -80.75 199.75
17.75 -81.75 199.25
17.75 -79.75 200.25
17.25 -79.25 200.75
17.25 -76.25 201.25
17.25 -80.25 199.25
17.25 -78.25 200.25
16.25 -81.75 199.75
17.25 -81.25 199.75
18.25 -80.75 199.75
18.25 -81.75 199.25
18.25 -79.75 200.25
16.75 -79.75 199.25
16.75 -78.75 199.75
16.75 -81.75 200.25
16.75 -80.75 200.75
17.75 -81.25 200.25
17.75 -80.25 200.75
17.75 -78.25 199.75
17.75 -79.25 199.25
16.25 -77.25 199.75
17.25 -83.75 200.75
17.25 -76.75 199.25
17.25 -82.75 200.25
17.25 -77.75 199.75
18.25 -82.25 200.75
18.25 -83.25 200.25
18.25 -77.25 199.25
16.75 -79.75 200.25
16.75 -80.75 199.75
16.75 -78.75 200.75
16.75 -81.75 199.25
17.75 -78.25 200.75
17.75 -81.25 199.25
17.75 -80.25 199.75
17.75 -79.25 200.25
17.25 -80.25 200.75
16.25 -78.75 199.75
17.25 -81.25 200.25
17.25 -79.25 199.25
17.25 -78.25 199.75
18.25 -80.75 200.25
18.25 -79.75 199.75
18.25 -78.75 199.25
18.25 -81.75 200.75
16.75 -74.25 199.25
16.75 -84.25 200.25
16.75 -75.25 199.75
17.75 -85.75 200.75
17.75 -84.75 200.25
17.75 -75.75 199.75
17.75 -74.75 199.25
16.75 -79.25 199.75
16.75 -80.25 200.25
16.75 -78.25 199.25
16.75 -81.25 200.75
17.75 -81.75 200.75
17.75 -80.75 200.25
18.75 -78.25 199.75
17.75 -79.75 199.75
17.75 -78.75 199.25
16.25 -77.75 199.75
17.25 -83.25 200.75
17.25 -80.25 201.25
17.25 -76.25 199.25
17.25 -82.25 200.25
17.25 -77.25 199.75
18.25 -83.75 200.25
18.25 -77.75 199.25
17.25 -79.75 200.75
17.25 -76.75 201.25
17.25 -80.75 199.25
17.25 -78.75 200.25
16.25 -81.25 199.75
17.25 -81.75 199.75
18.25 -80.25 199.75
18.25 -79.25 200.25
18.25 -78.25 200.75
18.25 -81.25 199.25
16.75 -75.25 199.25
16.75 -85.25 200.25
16.75 -74.25 199.75
17.75 -85.75 200.25
17.75 -84.75 200.75
17.75 -75.75 199.25
17.75 -74.75 199.75
17.25 -78.25 200.75
17.25 -77.25 201.25
17.25 -81.25 199.25
17.25 -79.25 200.25
16.25 -80.75 199.75
17.25 -80.25 199.75
18.25 -81.75 199.75
18.25 -78.75 200.25
18.25 -80.75 199.25
18.25 -79.75 200.75
16.75 -72.75 199.25
16.75 -86.75 200.25
16.75 -73.75 199.75
17.75 -86.25 200.25
17.75 -87.25 200.75
17.75 -73.25 199.75
17.75 -72.25 199.25
16.75 -80.75 200.25
16.75 -78.75 199.25
16.75 -79.75 199.75
17.75 -81.25 200.75
17.75 -80.25 200.25
17.75 -78.25 199.25
17.75 -79.25 199.75
16.75 -75.75 199.25
16.75 -85.75 200.25
16.75 -74.75 199.75
17.75 -84.25 200.75
17.75 -85.25 200.25
18.75 -75.75 199.75
17.75 -75.25 199.25
17.75 -74.25 199.75
16.25 -78.25 199.75
17.25 -80.75 200.75
17.25 -79.75 199.25
17.25 -81.75 200.25
17.25 -78.75 199.75
18.25 -79.25 199.75
18.25 -80.25 200.25
18.25 -81.25 200.75
18.25 -78.25 199.25
17.25 -81.25 200.75
16.25 -79.75 199.75
17.25 -78.25 199.25
17.25 -80.25 200.25
17.25 -79.25 199.75
18.25 -81.75 200.25
18.25 -80.75 200.75
18.25 -79.75 199.25
18.25 -78.75 199.75
16.75 -77.75 199.25
16.75 -83.75 200.25
16.75 -76.75 199.75
17.75 -82.25 200.75
17.75 -83.25 200.25
18.75 -77.75 199.75
17.75 -76.25 199.75
17.75 -77.25 199.25
16.75 -77.25 199.25
16.75 -83.25 200.25
16.75 -76.25 199.75
17.75 -82.75 200.75
17.75 -83.75 200.25
17.75 -76.75 199.75
17.75 -77.75 199.25
17.25 -81.75 200.75
16.25 -79.25 199.75
17.25 -80.75 200.25
17.25 -78.75 199.25
17.25 -79.75 199.75
18.25 -78.25 199.75
18.25 -81.25 200.25
18.25 -79.25 199.25
17.25 -78.25 201.25
17.25 -77.25 200.75
17.25 -82.25 199.25
17.25 -83.25 199.75
17.25 -76.25 200.25
18.25 -82.75 199.75
18.25 -77.75 200.25
18.25 -76.75 200.75
17.25 -78.75 201.25
17.25 -82.75 199.25
17.25 -77.75 200.75
17.25 -83.75 199.75
17.25 -76.75 200.25
18.25 -82.25 199.75
18.25 -77.25 200.25
18.25 -83.25 199.25
17.25 -79.25 201.25
17.25 -83.25 199.25
17.25 -76.25 200.75
17.25 -82.25 199.75
17.25 -77.25 200.25
18.25 -77.75 200.75
18.25 -82.75 199.25
18.25 -83.75 199.75
18.25 -76.75 200.25
17.25 -79.75 201.25
17.25 -83.75 199.25
17.25 -76.75 200.75
17.25 -82.75 199.75
17.25 -77.75 200.25
18.25 -83.25 199.75
18.25 -82.25 199.25
18.25 -76.25 200.25
