# .PCD v0.7 - Point Cloud Data file format
VERSION 0.7
FIELDS x y z
SIZE 4 4 4
TYPE F F F
COUNT 1 1 1
WIDTH 10784
HEIGHT 1
VIEWPOINT 0 0 0 1 0 0 0
POINTS 10784
DATA ascii
-22.426577 -70.730499 -0.91345125
-22.414207 -69.2145 -0.89563215
-22.391615 -67.724113 -0.87810791
-22.326895 -64.847351 -0.84429711
-22.299881 -63.500366 -0.8285256
-22.277435 -62.212727 -0.81349331
-22.249613 -60.954018 -0.79880458
-22.253094 -59.821419 -0.7857365
-22.2129 -58.610313 -0.7716046
-22.206068 -57.524685 -0.75909191
-22.170763 -55.366657 -0.73548907
-22.119701 -54.271786 -0.72273421
-22.153328 -53.414207 -0.71311063
-22.121508 -52.426136 -0.70171827
-22.11479 -51.525246 -0.68426275
-22.092649 -50.614498 -0.67395544
-22.054232 -49.692593 -0.67045099
-22.048248 -48.868191 -0.66114104
-22.037365 -47.287357 -0.64336431
-21.995092 -45.722649 -0.62570131
-22.010452 -45.044956 -0.61826384
-21.972075 -44.275627 -0.60954338
-21.982637 -43.622646 -0.60239947
-21.956549 -42.91362 -0.59445751
-21.934237 -42.228985 -0.57198668
-21.91836 -40.961594 -0.55842143
-21.908773 -40.346584 -0.5518595
-22.834326 -61.371143 0.8003338
-21.895155 -39.738121 -0.54536426
-21.896992 -39.170868 -0.53941309
-22.711586 -58.822311 0.77067161
-21.895638 -38.610283 -0.53353357
-22.647806 -57.602741 0.75649965
-21.881968 -38.04031 -0.52750283
-21.866436 -37.479347 -0.52157474
-22.585373 -55.436382 0.73163378
-21.844059 -36.918674 -0.51562774
-22.553514 -54.400471 0.71977496
-21.831984 -36.386951 -0.51006287
-22.525234 -53.403641 0.70840132
-21.825466 -35.875301 -0.5047583
-22.47587 -52.3866 0.6967265
-21.83094 -35.393364 -0.49985293
-22.464144 -51.485096 0.68655711
-21.817127 -34.890015 -0.49462548
-22.418547 -50.532413 0.67567462
-21.816488 -34.4174 -0.48981395
-22.867971 -44.745583 1.8905141
-22.399704 -49.665577 0.66590929
-21.820482 -33.96106 -0.48521587
-22.812593 -43.969341 1.8635968
-21.823629 -33.512009 -0.49275401
-22.782089 -43.25914 1.8393859
-22.346596 -47.973415 0.66793954
-21.810913 -33.047268 -0.48787922
-22.736616 -42.53767 1.8146068
-22.681456 -41.815266 1.7896932
-22.269808 -46.315025 0.64860606
-21.75922 -32.104916 -0.4778735
-22.633846 -41.123409 1.7659928
-22.173443 -45.399208 0.63767409
-21.787275 -31.725399 -0.47420552
-22.635695 -40.535957 1.7466969
-22.153971 -44.662327 0.62922132
-21.747244 -31.25441 -0.46915123
-22.56045 -39.825165 1.7220016
-22.143524 -43.961578 0.62125152
-21.786581 -30.904726 -0.46590018
-22.530899 -39.210037 1.7013499
-22.111328 -43.235302 0.6128937
-21.748474 -30.452166 -0.46108076
-22.505602 -38.615589 1.6815164
-22.069639 -42.508347 0.6044969
-21.739792 -30.048445 -0.45697916
-22.469799 -38.016037 1.6613815
-22.009928 -41.764687 0.59583086
-21.74033 -29.664219 -0.45315596
-22.858297 -34.198601 2.5651429
-22.452026 -37.459328 1.6430416
-21.997002 -41.126331 0.58863837
-21.735836 -29.279573 -0.44930896
-22.824108 -33.698067 2.5380554
-22.435246 -36.915737 1.6252065
-21.72077 -28.887232 -0.44532514
-22.804537 -33.228218 2.5131593
-22.432365 -36.405788 1.6087855
-21.935192 -39.827721 0.57386124
-21.707298 -28.503513 -0.4414548
-22.768167 -32.742771 2.4869633
-22.400133 -35.858936 1.5906638
-21.711475 -28.148979 -0.43801889
-22.726686 -32.259007 2.4607649
-22.336597 -35.273685 1.5707529
-21.88603 -38.60952 0.56013662
-21.680901 -27.755495 -0.43395799
-22.689583 -31.790234 2.4355805
-22.340094 -34.804874 1.5559514
-21.858976 -38.016155 0.55346364
-21.716585 -27.452284 -0.43129253
-22.828846 -31.983551 -1.4694977
-22.653055 -31.330702 2.4109776
-22.327284 -34.319828 1.540363
-21.827639 -37.428307 0.54684502
-21.736969 -27.134205 -0.43911231
-22.654058 -30.93059 2.3908398
-22.330427 -33.868202 1.5262141
-21.801331 -36.861576 0.54050916
-21.69088 -26.738768 -0.43485865
-22.671354 -30.952471 -1.4357214
-22.59268 -30.45303 2.3645968
-22.287544 -33.355984 1.509266
-21.781242 -36.317181 0.53447622
-21.706478 -26.424925 -0.43191254
-22.607038 -30.470699 -1.4197819
-22.541475 -29.997589 2.3399291
-22.288099 -32.917759 1.4955975
-21.721071 -35.718159 0.52761197
-21.713465 -26.105194 -0.42885622
-22.509848 -29.575876 2.317764
-22.251482 -32.43322 1.4797584
-21.719963 -35.227615 0.52232468
-21.674435 -25.735424 -0.42495844
-22.486355 -29.543386 -1.3893276
-22.496861 -29.185472 2.2979438
-21.689238 -34.699368 0.51645583
-21.712067 -25.461378 -0.42262521
-22.459324 -29.135181 -1.376586
-22.857983 -26.49888 3.0563829
-22.451159 -28.759485 2.2752073
-22.212585 -31.539749 1.4513217
-21.694073 -34.237885 0.51155889
-21.687256 -25.118479 -0.41913438
-22.369991 -28.653948 -1.3603085
-22.819551 -26.128445 3.0297499
-22.440786 -28.385391 2.2564631
-22.181036 -31.087994 1.4367698
-21.697834 -33.783524 0.50674987
-21.678574 -24.799158 -0.41601792
-22.319599 -28.230562 -1.3466852
-22.834246 -25.823727 3.0106061
-22.444866 -28.035234 2.2395339
-22.152439 -30.648413 1.4227092
-21.678352 -33.302017 0.50151312
-21.668972 -24.483358 -0.41294295
-22.7505 -25.413067 2.9789486
-22.410364 -27.642763 2.219125
-22.127201 -30.221163 1.4091524
-21.671387 -32.848705 0.49667969
-21.666271 -24.179724 -0.41005629
-22.31074 -27.518391 -1.3256739
-22.751581 -25.102615 2.9588661
-22.407915 -27.295656 2.2022562
-22.096579 -29.794065 1.3955334
-21.649668 -32.381763 0.49161881
-21.674009 -23.891764 -0.40742055
-22.295544 -27.15731 -1.314845
-22.74509 -24.788074 2.9381862
-22.382103 -26.925623 2.1834407
-22.072786 -29.383427 1.3826175
-21.659548 -23.583399 -0.40442085
-22.308605 -26.835762 -1.3058798
-22.733587 -24.472403 2.9172478
-22.339987 -26.541956 2.1634037
-22.041498 -28.969893 1.3694971
-21.615004 -31.486671 0.48202053
-21.639059 -23.272827 -0.40136442
-22.268845 -26.456011 -1.2940254
-22.677349 -24.113438 2.89099
-22.359926 -26.237175 2.1497042
-22.023958 -28.5812 1.3574853
-21.61944 -31.082651 0.47785729
-21.630472 -22.979223 -0.39858237
-22.262434 -26.121376 -1.2843149
-22.652027 -23.792284 2.8690965
-22.330137 -25.878872 2.1315331
-22.003376 -28.194962 1.3455278
-21.599524 -30.651079 0.4732511
-21.628439 -22.6964 -0.39597121
-22.245743 -25.779688 -1.2742023
-22.639605 -23.488937 2.8492143
-22.313509 -25.541059 2.1149466
-21.980659 -27.8123 1.3336776
-21.589157 -30.24058 0.46894956
-21.62989 -22.420834 -0.39347166
-22.22941 -25.443438 -1.2643007
-22.57292 -23.133965 2.8229041
-22.315664 -25.2321 2.1024323
-21.950476 -27.426497 1.3216109
-21.592758 -29.853983 0.45032263
-21.637449 -22.154985 -0.37224078
-22.226704 -25.127491 -1.2587903
-22.595779 -22.874897 2.8081572
-22.281866 -24.884516 2.0848234
-21.92828 -27.056772 1.3102539
-21.579081 -29.452799 0.44626001
-21.611483 -21.858459 -0.36947972
-22.221613 -24.813261 -1.2498556
-22.528778 -22.528885 2.7825983
-22.26947 -24.565683 2.069521
-21.932665 -26.725264 1.3006929
-21.584595 -29.084301 0.44267505
-21.613276 -21.593641 -0.36723819
-22.196922 -24.48175 -1.2399943
-22.514103 -22.239601 2.7638786
-22.262133 -24.256802 2.0549684
-21.904716 -26.359713 1.2894191
-21.581934 -28.710907 0.43899918
-21.606119 -21.323196 -0.36488664
-22.185406 -24.169346 -1.231043
-22.491997 -21.94673 2.7445812
-22.232695 -23.928326 2.0386596
-21.88196 -26.006035 1.2786623
-21.581749 -28.346846 0.43544918
-21.622385 -21.078936 -0.3629702
-22.172031 -23.859236 -1.2221543
-22.462479 -21.650471 2.7247174
-22.206371 -23.60783 2.0229247
-21.836533 -25.63114 1.2667937
-21.572392 -27.976709 0.43178862
-21.584967 -20.785677 -0.36019433
-22.168278 -23.563583 -1.2139547
-22.45153 -21.375734 2.7074285
-22.227541 -23.341684 2.0117681
-21.811443 -25.285742 1.2563138
-21.545883 -27.590569 0.4278613
-21.603912 -20.549932 -0.35839951
-22.157076 -23.263985 -1.2055016
-22.415831 -21.081045 2.6874738
-22.198412 -23.026512 1.9963061
-21.83177 -24.99753 1.2486262
-21.541063 -27.238197 0.42443869
-21.571751 -20.268677 -0.3557961
-22.139713 -22.961973 -1.1968687
-22.409807 -20.817741 2.6713867
-22.189539 -22.736435 1.9829246
-21.763237 -24.612593 1.2360457
-21.564543 -26.926645 0.42163783
-21.60569 -20.052382 -0.35431978
-22.132168 -22.674049 -1.1889173
-22.395205 -20.549625 2.6545651
-22.191597 -22.461157 1.9707552
-21.770754 -24.318752 1.2279745
-21.543922 -26.565168 0.41803974
-21.577057 -19.780762 -0.3518531
-22.102547 -22.367472 -1.1799309
-22.384233 -20.287989 2.6384597
-22.162943 -22.158546 1.956099
-21.739855 -23.986435 1.2179071
-21.544184 -26.234812 0.41491348
-21.579138 -19.540339 -0.34992525
-22.122625 -22.114725 -1.1737367
-22.353218 -20.011427 2.620281
-22.176956 -21.902117 1.945438
-21.722929 -23.674191 1.2087982
-21.521252 -25.881443 0.41140559
-21.549997 -19.274626 -0.34752831
-22.073603 -21.796581 -1.1640179
-22.356739 -19.768803 2.6064253
-22.128819 -21.587969 1.9295586
-21.702021 -23.362015 1.1996351
-21.548018 -25.592564 0.40890765
-21.584517 -19.068407 -0.34619161
-22.097452 -21.553946 -1.1582795
-22.335947 -19.507521 2.5899978
-22.116526 -21.312691 1.9170475
-21.704618 -23.079184 1.1919281
-21.511621 -25.233446 0.40527111
-21.568384 -18.819798 -0.34407425
-22.06885 -21.263369 -1.1499197
-22.330311 -19.262354 2.5755906
-22.113041 -21.049192 1.9055147
-21.669586 -22.760477 1.1823131
-21.531481 -24.94508 0.40275407
-21.545465 -18.568178 -0.34188461
-22.089075 -21.023037 -1.1442307
-22.315538 -19.012051 2.5603828
-22.076782 -20.757973 1.8913788
-21.628611 -22.440098 1.1725426
-21.499269 -24.600958 0.39932045
-21.57621 -18.365166 -0.3405779
-22.060684 -20.739534 -1.1361465
-22.281721 -18.748508 2.5432556
-22.057119 -20.483761 1.8771274
-21.633446 -22.171225 1.1654075
-21.497192 -24.298067 0.40945944
-21.572382 -18.134825 -0.34724617
-22.030636 -20.45809 -1.1243113
-22.284056 -18.518127 2.5305049
-22.039724 -20.217178 1.8650552
-21.617615 -21.884731 1.1572989
-21.508135 -24.011927 0.40685388
-21.551237 -17.892515 -0.34513205
-22.026875 -20.204317 -1.1177716
-22.274338 -18.280167 2.5166168
-22.053011 -19.981579 1.8530154
-21.596634 -21.596817 1.1490597
-21.474316 -23.680187 0.40345797
-21.559765 -17.677259 -0.34352517
-22.039331 -19.968121 -1.1121651
-22.286917 -18.062778 2.5054686
-22.014349 -19.701933 1.8395742
-21.564066 -21.301229 1.1403513
-21.496708 -23.414545 0.40117183
-21.566208 -17.462358 -0.34191412
-22.047247 -19.730324 -1.1064345
-22.253897 -17.810888 2.4894235
-22.003008 -19.449963 1.8286192
-21.533489 -21.011538 1.1318951
-21.477558 -23.107464 0.3981609
-21.544289 -17.226824 -0.33988434
-21.982729 -19.431 -1.0971925
-22.23254 -17.571087 2.4749269
-21.980589 -19.191177 1.8169354
-21.549637 -20.770706 1.1260234
-21.462969 -22.80949 0.39528841
-21.575974 -17.036182 -0.3387287
-21.977192 -19.187187 -1.0910194
-22.230696 -17.349089 2.4628248
-21.979393 -18.953726 1.8071891
-21.524645 -20.493338 1.1181258
-21.480244 -22.549004 0.39305091
-21.551758 -16.80341 -0.33672351
-21.989016 -18.96101 -1.0858102
-22.220161 -17.122532 2.4499724
-21.945412 -18.690866 1.7949317
-21.542536 -20.25983 1.1125766
-21.469696 -22.262791 0.39035094
-21.550766 -16.591026 -0.33511114
-21.972189 -18.712669 -1.0792892
-22.197977 -16.889378 2.4360542
-21.93845 -18.453882 1.7850671
-21.4911 -19.96438 1.1035726
-21.458971 -21.980145 0.3876965
-21.563484 -16.391075 -0.33373868
-21.953926 -18.465908 -1.0728061
-22.192444 -16.671164 2.4241755
-21.915325 -18.205988 1.7740624
-21.485207 -19.714695 1.0970377
-21.464437 -21.717541 0.38538042
-21.523272 -16.153099 -0.33157605
-21.964079 -18.245508 -1.0678113
-22.200871 -16.465372 2.4140141
-21.890144 -17.959204 1.7630702
-21.444551 -19.436373 1.0888517
-21.424639 -21.412874 0.38229966
-21.531824 -15.95393 -0.33019349
-21.966431 -18.020819 -1.0625298
-22.177021 -16.237709 2.4005418
-21.888849 -17.734554 1.7541683
-21.421196 -19.177111 1.0816706
-21.457357 -21.183998 0.38055685
-21.516329 -15.738869 -0.32846874
-21.93012 -17.767031 -1.0554804
-22.158659 -16.016344 2.3878715
-21.868227 -17.496679 1.7438791
-21.414761 -18.935938 1.0754585
-21.42107 -20.890194 0.37763292
-21.528606 -15.545973 -0.32719374
-21.963928 -17.572304 -1.0518984
-22.125607 -15.786674 2.3738263
-21.840788 -17.255991 1.7332146
-21.396915 -18.687471 1.0687835
-21.451555 -20.664639 0.3759279
-21.504755 -15.328876 -0.32539561
-21.94302 -17.335827 -1.0457828
-22.140224 -15.592984 2.3650849
-21.816526 -17.020443 1.7229692
-21.398857 -18.458942 1.063203
-21.44175 -20.403025 0.37355506
-21.518723 -15.14057 -0.32419512
-21.919668 -17.099985 -1.0396498
-22.114952 -15.373054 2.3522644
-21.816916 -16.806433 1.7148235
-21.387541 -18.221502 1.0570657
-21.428169 -20.141022 0.37115842
-21.512369 -14.939601 -0.32271227
-21.887634 -16.859985 -1.0332042
-22.111519 -15.170283 2.3419542
-21.797907 -16.579666 1.705301
-21.366011 -17.978071 1.0505296
-21.431034 -19.897455 0.36908633
-21.497984 -14.734917 -0.31328115
-21.925661 -16.675922 -1.0336326
-22.126869 -14.981973 2.3337994
-21.767458 -16.346649 1.69504
-21.359175 -17.749617 1.0448189
-21.40789 -19.632763 0.36660618
-21.484386 -14.532649 -0.31177768
-21.907379 -16.450819 -1.0279927
-22.103798 -14.76936 2.3217635
-21.772524 -16.142473 1.6876895
-21.345768 -17.518173 1.0388854
-21.434315 -19.416214 0.36501157
-21.515354 -14.361967 -0.31094235
-21.893526 -16.231291 -1.02265
-22.090412 -14.565152 2.3109267
-21.739353 -15.912099 1.6775186
-21.337465 -17.293344 1.0332973
-21.40839 -19.1549 0.3625617
-21.462305 -14.13696 -0.30891624
-21.875271 -16.010695 -1.0171894
-22.880827 -20.224413 3.4460654
-22.065874 -14.355496 2.2991014
-21.709431 -15.686536 1.6677508
-21.313452 -17.058271 1.0270463
-21.412621 -18.923405 0.36066011
-21.485846 -13.96419 -0.308016
-21.902185 -15.824931 -1.0139065
-22.820312 -19.922842 3.4184752
-22.052811 -14.155176 2.2886474
-21.682367 -15.465367 1.6583506
-21.321333 -16.850998 1.0224243
-21.415455 -18.693138 0.35876918
-21.490088 -13.780126 -0.30685884
-21.864922 -15.594707 -1.0077329
-22.826563 -19.682796 3.4012558
-22.056749 -13.96736 2.2801194
-21.695894 -15.275036 1.6521853
-21.332682 -16.648333 1.0180508
-21.386688 -18.438044 0.3563852
-21.486067 -13.592231 -0.30560479
-21.894733 -15.414164 -1.0047288
-22.754856 -19.378807 3.3727896
-22.056557 -13.778361 2.271317
-21.692469 -15.074396 1.6448498
-21.312075 -16.422836 1.0122393
-21.398045 -18.22015 0.35470474
-21.489466 -13.410464 -0.30447698
-21.899256 -15.217237 -1.0006325
-22.744427 -19.130405 3.3433342
-22.023859 -13.570778 2.2593322
-21.666698 -14.860177 1.6383821
-21.292669 -16.200626 1.0065771
-21.383673 -17.982746 0.35263076
-21.48926 -13.227827 -0.30331835
-21.867743 -14.997213 -0.99496919
-22.766939 -18.912037 3.3295228
-22.032629 -13.390362 2.2517607
-21.661762 -14.662171 1.6311749
-21.310499 -16.008694 1.0027575
-21.416449 -17.787115 0.35136482
-21.492697 -13.048775 -0.30223098
-21.854418 -14.791738 -0.99021482
-22.718185 -18.637144 3.3159366
-22.033846 -13.206653 2.2435608
-21.609299 -14.434115 1.6181198
-21.300798 -15.797893 0.9977212
-21.394955 -17.548561 0.34923908
-21.454679 -12.846192 -0.30058232
-21.825035 -14.577392 -0.98481214
-22.701244 -18.391375 3.2969303
-22.018393 -13.01442 2.2338142
-21.592094 -14.231805 1.6102623
-21.30195 -15.597059 0.99327374
-21.379824 -17.317806 0.34725103
-21.486065 -12.686536 -0.2999258
-21.870714 -14.414625 -0.98286372
-22.655832 -18.125462 3.2741208
-22.05257 -12.852692 2.2292385
-21.612532 -14.055813 1.6053241
-21.298782 -15.394884 0.98870271
-21.369612 -17.093452 0.34537512
-21.460272 -12.494358 -0.29848993
-21.834305 -14.199229 -0.97729361
-22.676407 -17.914837 3.261147
-22.008129 -12.646521 2.2168598
-21.580479 -13.847298 1.5966023
-21.26564 -15.173147 0.98282385
-21.342793 -16.858295 0.34326336
-21.445345 -12.310102 -0.2972261
-21.833887 -14.009083 -0.97340906
-22.666826 -17.682467 3.2441046
-21.998152 -12.461867 2.208111
-21.584311 -13.663518 1.5906533
-21.27556 -14.984077 0.97901458
-21.363794 -16.663034 0.34195024
-21.495371 -12.164083 -0.29687944
-21.804789 -13.802278 -0.96831781
-22.611792 -17.417416 3.2208712
-21.97784 -12.272843 2.1984718
-21.560459 -13.463826 1.5827774
-21.279228 -14.792166 0.97498846
-21.330824 -16.427811 0.33980268
-21.473906 -11.97858 -0.29556227
-21.808577 -13.617965 -0.96475708
-22.613871 -17.204466 3.1988733
-21.940971 -12.076246 2.18733
-21.577871 -13.292945 1.581841
-21.294559 -14.609842 0.97156513
-21.353544 -16.236183 0.32786456
-21.495218 -11.818121 -0.29485193
-21.835247 -13.449108 -0.96226823
-22.56764 -16.951685 3.1775603
-21.925749 -11.893164 2.1784964
-21.560909 -13.100674 1.5746747
-21.291929 -14.416698 0.96739084
-21.368874 -16.041876 0.32658243
-21.456371 -11.625884 -0.29333502
-21.793295 -13.239507 -0.95682132
-22.536026 -16.712627 3.1586106
-21.914562 -11.71364 2.1702027
-21.51091 -12.890244 1.5652171
-21.243595 -14.194647 0.96121943
-21.326536 -15.806423 0.32444704
-21.454287 -11.455027 -0.2923401
-21.819309 -13.072697 -0.95442367
-22.884739 -15.097232 3.7760406
-22.530415 -16.495155 3.1435785
-21.910259 -11.53906 2.1627245
-21.520666 -12.717279 1.5602196
-21.289059 -14.036843 0.95936131
-21.357208 -15.627048 0.32344884
-21.465034 -11.292059 -0.29153693
-21.784773 -12.871014 -0.94944042
-22.849825 -14.873783 3.7551501
-22.512274 -16.270647 3.127059
-21.870077 -11.347034 2.151845
-21.527784 -12.543907 1.5551263
-21.294106 -13.853461 0.95574009
-21.368109 -15.434611 0.32217354
-21.450832 -11.117081 -0.2904121
-21.801237 -12.700924 -0.94674367
-22.813013 -14.65132 3.7342556
-22.503166 -16.054785 3.1120515
-21.885324 -11.185048 2.1465518
-21.504139 -12.354009 1.5479131
-21.260277 -13.646525 0.95044565
-21.369991 -15.23731 0.32078621
-21.47098 -10.960919 -0.28976884
-21.791086 -12.516557 -0.94294995
-22.795404 -14.443221 3.7167964
-22.452185 -15.811428 3.0915256
-21.875708 -11.011372 2.1389415
-21.492636 -12.172611 1.5416795
-21.252964 -13.458415 0.94640905
-21.351189 -15.027146 0.31911382
-21.43841 -10.778982 -0.28843123
-21.779596 -12.332851 -0.93916047
-22.783096 -14.240261 3.7004726
-22.435724 -15.594783 3.0760252
-21.86231 -10.83701 2.1310897
-21.479401 -11.991651 1.5354235
-21.255583 -13.278055 0.9428798
-21.339649 -14.824066 0.31757587
-21.427593 -10.609332 -0.28740448
-21.783558 -12.159189 -0.93609655
-22.771936 -14.039711 3.6845984
-22.404869 -15.370302 3.0588067
-21.873755 -10.675993 2.1257796
-21.451109 -11.803796 1.5281949
-21.272196 -13.10767 0.94003141
-21.356869 -14.642566 0.31648907
-21.451349 -10.457697 -0.28685704
-21.767365 -11.975568 -0.93222535
-22.774187 -13.848971 3.671144
-22.399937 -15.165635 3.0453715
-21.826984 -10.487826 2.1149404
-21.426712 -11.619661 1.5213487
-21.224998 -12.899579 0.93443042
-21.320919 -14.426402 0.31463861
-21.442863 -10.291201 -0.28589371
-21.761311 -11.79888 -0.92884815
-22.759228 -13.649295 3.6551635
-22.384501 -14.9557 3.0307395
-21.795044 -10.308352 2.1056769
-21.438784 -11.456538 1.517186
-21.245243 -12.734034 0.93186414
-21.318918 -14.235134 0.31331423
-21.427416 -10.122499 -0.28485429
-21.75514 -11.623373 -0.92552298
-22.722145 -13.438179 3.6358967
-22.373444 -14.750557 3.0169311
-21.814735 -10.15434 2.1015201
-21.44223 -11.28979 1.512499
-21.230371 -12.548698 0.92781699
-21.326551 -14.051797 0.31215334
-21.438812 -9.9674416 -0.28418741
-21.757853 -11.453767 -0.9226312
-22.670895 -13.220784 3.6146467
-22.379221 -14.558161 3.0056086
-21.797974 -9.9842682 2.0939643
-21.436117 -11.119116 1.5072267
-21.263824 -12.393049 0.92593831
-21.299509 -13.847301 0.31050801
-21.441784 -9.8092785 -0.2834236
-21.755461 -11.282572 -0.91957676
-22.667767 -13.033233 3.6013293
-22.346678 -14.342621 2.989362
-21.755344 -9.8036976 2.0840511
-21.414003 -10.941425 1.5009232
-21.252325 -12.212268 0.92215717
-21.327084 -13.679796 0.30968052
-21.401812 -9.6326294 -0.28210863
-21.754713 -11.113332 -0.91664559
-22.662769 -12.84598 3.5879452
-22.346926 -14.149933 2.9777246
-21.750154 -9.6412401 2.077848
-21.376394 -10.757317 1.4936326
-21.218552 -12.020281 0.91747403
-21.339775 -13.503845 0.30865583
-21.414497 -9.4807558 -0.28150374
-21.739668 -10.937965 -0.91316646
-22.659737 -12.661182 3.5750978
-22.312258 -13.936924 2.9616539
-21.775265 -9.492938 2.0746431
-21.384277 -10.597346 1.4896119
-21.26955 -11.877374 0.91651064
-21.330484 -13.315381 0.30733392
-21.426483 -9.3292465 -0.28090352
-21.761406 -10.782086 -0.91128337
-22.637291 -12.466996 3.5594203
-22.317749 -13.745968 2.9486225
-21.758934 -9.3273525 2.0675952
-21.359879 -10.421098 1.4820729
-21.234747 -11.687595 0.91190362
-21.327454 -13.133513 0.31611815
-21.451609 -9.1840219 -0.28048885
-21.734701 -10.603254 -0.90742344
-22.744278 -12.515884 -1.6198131
-22.610229 -12.271885 3.5432587
-22.334316 -13.56785 2.9397571
-21.760593 -9.1704273 2.0623674
-21.336117 -10.247907 1.4760332
-21.202208 -11.500747 0.9074586
-21.299686 -12.936834 0.31452402
-21.430792 -9.0199146 -0.2794877
-21.734184 -10.438395 -0.90471077
-22.745712 -12.335452 -1.6144942
-22.579739 -12.076567 3.5268013
-22.276201 -13.346111 2.9212735
-21.707664 -8.9916716 2.0520835
-21.37784 -10.106985 1.4746017
-21.209822 -11.337 0.9047901
-21.301033 -12.759398 0.31338194
-21.427822 -8.8642902 -0.27873439
-21.729519 -10.272548 -0.90187573
-22.597784 -11.908477 3.5181408
-22.266029 -13.155032 2.9092996
-21.711851 -8.837719 2.0473142
-21.343361 -9.930913 1.4679925
-21.230091 -11.180894 0.90271109
-21.289505 -12.575638 0.3120712
-21.402109 -8.7002449 -0.27770022
-21.702799 -10.097457 -0.89817828
-22.673683 -11.938666 -1.5988612
-22.577396 -11.721296 3.5037034
-22.286739 -12.983456 2.9015419
-21.692659 -8.6751328 2.0404468
-21.328995 -9.7654715 1.4628555
-21.215166 -11.007287 0.89918768
-21.287296 -12.398774 0.31091776
-21.411032 -8.5511637 -0.27712998
-21.717825 -9.9428015 -0.89625841
-22.639999 -11.744067 -1.5913744
-22.877075 -10.309975 4.0956321
-22.506321 -11.509632 3.4816482
-22.248556 -12.779013 2.8863077
-21.688606 -8.5195236 2.03511
-21.320721 -9.603878 1.4582188
-21.22307 -10.846631 0.896685
-21.306255 -12.235353 0.3100923
-21.412689 -8.3998528 -0.2764791
-21.723028 -9.7844114 -0.89397877
-22.623333 -11.559811 -1.5851874
-22.865196 -10.13629 4.0822935
-22.55937 -11.362688 3.4790041
-22.265701 -12.607802 2.8784416
-21.678337 -8.3623171 2.0292935
-21.325939 -9.4492559 1.4545829
-21.200661 -10.671632 0.89295495
-21.291161 -12.053576 0.30879042
-21.425995 -8.2537346 -0.2759918
-21.693134 -9.6112738 -0.8903048
-22.604795 -11.375976 -1.5789679
-22.853258 -9.9636736 4.069171
-22.518229 -11.169275 3.4620249
-22.250505 -12.419518 2.8665717
-21.702091 -8.2188616 2.0267582
-21.285507 -9.2755136 1.4479159
-21.22574 -10.521517 0.89127517
-21.305456 -11.889636 0.30793387
-21.420815 -8.1011515 -0.27527955
-21.694311 -9.45298 -0.88795578
-22.578255 -11.189525 -1.5722885
-22.819538 -9.7827797 4.052402
-22.510138 -10.993679 3.4503453
-22.221397 -12.22505 2.8531036
-21.658646 -8.0508032 2.0180495
-21.293549 -9.1239643 1.4446273
-21.21944 -10.356689 0.88832551
-21.267645 -11.697981 0.30634415
-21.444096 -7.9599037 -0.27494591
-21.689854 -9.2931013 -0.88542277
-22.53783 -10.997755 -1.5647448
-22.823692 -9.6192112 4.042582
-22.504097 -10.820218 3.4391775
-22.238121 -12.057095 2.8456986
-21.663725 -7.9017382 2.013967
-21.304155 -8.9741983 1.4415842
-21.205677 -10.189339 0.88511515
-21.279337 -11.534909 0.3054873
-21.405895 -7.7966251 -0.2738376
-21.695272 -9.1382751 -0.88333827
-22.544617 -10.830304 -1.5605729
-22.796057 -9.443265 4.027348
-22.492052 -10.64501 3.4272902
-22.206673 -11.864313 2.832305
-21.655685 -7.7485852 2.0087619
-21.281183 -8.8111639 1.4363443
-21.213448 -10.033324 0.88285327
-21.274872 -11.364148 0.30441642
-21.393402 -7.6437211 -0.27307266
-21.689543 -8.9795675 -0.88084513
-22.523989 -10.650792 -1.5545918
-22.749517 -9.2608547 4.0090113
-22.457449 -10.460455 3.4121726
-22.225565 -11.699676 2.8255053
-21.610899 -7.5833054 2.0002534
-21.268375 -8.6533747 1.4318691
-21.183069 -9.8603611 0.87905449
-21.271576 -11.195171 0.30338064
-21.38129 -7.4917731 -0.27232614
-21.673172 -8.8174038 -0.87796652
-22.478455 -10.46098 -1.5469897
-22.749832 -9.0986624 3.9991531
-22.450018 -10.289831 3.4013865
-22.191336 -11.508318 2.8121235
-21.614885 -7.4360638 1.9963616
-21.23909 -8.4899397 1.4263635
-21.211655 -9.7157602 0.87775022
-21.29726 -11.042348 0.30277491
-21.38237 -7.3451571 -0.27176073
-21.67174 -8.662219 -0.87573886
-22.476151 -10.292603 -1.5424557
-22.786373 -8.9514923 3.9958458
-22.436943 -10.117709 3.3899355
-22.16852 -11.324424 2.800374
-21.597464 -7.282176 1.9905883
-21.247536 -8.3424788 1.4234662
-21.192194 -9.5499706 0.87450361
-21.290058 -10.873384 0.30171829
-21.416142 -7.2101502 -0.27162254
-21.674034 -8.5092745 -0.87370521
-22.410894 -10.096834 -1.5336967
-22.767473 -8.7831945 3.9830055
-22.405319 -9.9384699 3.3758805
-22.187927 -11.1632 2.7941201
-21.594793 -7.1340094 1.9862701
-21.241911 -8.190197 1.4196956
-21.167604 -9.3830595 0.87109661
-21.256563 -10.692339 0.30030817
-21.393684 -7.0567398 -0.27078345
-21.685663 -8.3606348 -0.87208956
-22.423126 -9.9372854 -1.5303321
-22.743586 -8.6140327 3.9695051
-22.400084 -9.7721024 3.3659935
-22.163408 -10.98097 2.7824953
-21.616467 -6.9943585 1.9842789
-21.229925 -8.0362959 1.4155723
-21.203157 -9.2435741 0.87020928
-21.295357 -10.548626 0.29993615
-21.404762 -6.9150581 -0.27038154
-21.646959 -8.1935043 -0.86849493
-22.407621 -9.7663631 -1.5251554
-22.694843 -8.4367094 3.9518886
-22.393042 -9.6059132 3.3560152
-22.164318 -10.812549 2.7828972
-21.56208 -6.8308935 1.9754019
-21.219786 -7.8839421 1.4095495
-21.200699 -9.0881033 0.86780334
-21.275314 -10.376614 0.2941131
-21.402554 -6.7695985 -0.27658749
-21.661282 -8.0473204 -0.86415029
-22.341639 -9.5749083 -1.5103142
-22.70587 -8.2825928 3.944885
-22.394651 -9.4443312 3.3475082
-22.165091 -10.645056 2.7747409
-21.593325 -6.6952801 1.9744635
-21.171566 -7.7185202 1.4031739
-21.181963 -8.9266205 0.86477816
-21.264332 -10.210221 0.29308966
-21.376253 -6.6172714 -0.27571768
-21.653084 -7.8934178 -0.86187482
-22.325089 -9.4060926 -1.5052655
-22.683985 -8.1172514 3.9323549
-22.370621 -9.272934 3.3353484
-22.183075 -10.48668 2.7688851
-21.559801 -6.5401511 1.9676915
-21.194469 -7.579865 1.4015831
-21.19788 -8.780551 0.86321205
-21.259899 -10.048038 0.29217324
-21.38271 -6.4757652 -0.26886842
-21.666733 -7.7481151 -0.85843116
-22.318445 -9.2424536 -1.5027807
-22.673525 -7.9569116 3.9220037
-22.329973 -9.095933 3.320904
-22.149708 -10.305103 2.7567759
-21.544464 -6.3914046 1.9626757
-21.208138 -7.4382958 1.3994422
-21.207232 -8.6323633 0.8614198
-21.265337 -9.8914385 0.29140839
-21.393087 -6.3358665 -0.26850501
-21.663179 -7.5972543 -0.85642749
-22.290007 -9.0708561 -1.4970899
-22.675076 -7.8015218 3.9139183
-22.347092 -8.9434366 3.3152266
-22.149296 -10.140056 2.748929
-21.535498 -6.2452345 1.9583308
-21.180531 -7.2829757 1.3946456
-21.186123 -8.4726105 0.8584345
-21.276215 -9.7381582 0.29073319
-21.406721 -6.1972895 -0.27459258
-21.671875 -7.4512901 -0.85701746
-22.258402 -8.8992004 -1.4894705
-22.696507 -7.6534777 3.9094379
-22.312679 -8.7712145 3.3020749
-22.137497 -9.970809 2.7398198
-21.520958 -6.0981135 1.9535693
-21.15799 -7.1303554 1.3902543
-21.164478 -8.3136883 0.85547441
-21.255922 -9.5715618 0.28964788
-21.388941 -6.0501518 -0.2738831
-21.629446 -7.2886066 -0.85355502
-22.272034 -8.7465324 -1.4867634
-22.670195 -7.4900022 3.8969159
-22.326529 -8.6188726 3.2962358
-22.116768 -9.7986832 2.7297618
-21.544422 -5.9621987 1.9523417
-21.150608 -6.9836459 1.3869274
-21.178692 -8.1696272 0.85400665
-21.259806 -9.4168425 0.288908
-21.404665 -5.9129972 -0.27361473
-21.641644 -7.1451497 -0.85229015
-22.236164 -8.5753403 -1.4808284
-22.638674 -7.3258262 3.883698
-22.30205 -8.4525557 3.2849028
-22.134953 -9.6447001 2.7246506
-21.524803 -5.8148193 1.9472938
-21.14999 -6.8398128 1.3841089
-21.159716 -8.013504 0.85124272
-21.260206 -9.2613945 0.28813577
-21.38493 -5.7665577 -0.27290502
-21.619497 -6.9910173 -0.84971261
-22.228485 -8.416069 -1.4768502
-22.636683 -7.1720419 3.8757336
-22.28709 -8.2908506 3.2751446
-22.118643 -9.4765368 2.7069747
-21.504007 -5.6678567 1.9422295
-21.157051 -6.6989822 1.3839083
-21.173319 -7.8704462 0.84983116
-21.265024 -9.1086636 0.2919713
-21.370359 -5.6221972 -0.26592898
-21.608524 -6.8413043 -0.8455683
-22.205328 -8.2518778 -1.4736998
-22.633009 -7.0183573 3.8676586
-22.280674 -8.1331844 3.2668064
-22.118515 -9.3162708 2.6999123
-21.493309 -5.5242195 1.9381654
-21.14987 -6.5541992 1.380782
-21.153986 -7.7158594 0.84713888
-21.24412 -8.9458427 0.29092509
-21.354012 -5.478025 -0.2653023
-21.625738 -6.7010403 -0.84461701
-22.197979 -8.0944834 -1.4698882
-22.612141 -6.8600841 3.8568265
-22.256863 -7.9700723 3.2560835
-22.097361 -9.1481285 2.6988354
-21.490601 -5.3831668 1.934906
-21.117956 -6.402555 1.3740659
-21.162739 -7.5722499 0.84561282
-21.224197 -8.784523 0.28540757
-21.377337 -5.3444247 -0.27150652
-21.628258 -6.5566435 -0.84516954
-22.191963 -7.9383564 -1.4644659
-22.557735 -6.6927056 3.8404703
-22.295916 -7.8300438 3.2547066
-22.065393 -8.9766979 2.6881533
-21.481997 -5.2411423 1.9311994
-21.114651 -6.2603459 1.3713255
-21.166315 -7.4273453 0.84391874
-21.24477 -8.6407356 0.2849659
-21.391676 -5.2087588 -0.27127758
-21.63122 -6.4128828 -0.8437317
-22.196444 -7.7866697 -1.461581
-22.584112 -6.5500302 3.8380463
-22.272182 -7.6685219 3.2443123
-22.072878 -8.8222799 2.6824195
-21.48807 -5.1031332 1.9288943
-21.112808 -6.1191192 1.3687415
-21.147009 -7.2751479 0.84135336
-21.264137 -8.4969301 0.28452101
-21.36092 -5.0626349 -0.2686865
-21.62674 -6.2674513 -0.84382373
-22.165287 -7.6233234 -1.4545742
-22.555084 -6.3918381 3.8263757
-22.28738 -7.5211096 3.2397428
-22.086596 -8.6709728 2.6775703
-21.461098 -4.9578233 1.9237062
-21.092731 -5.9732523 1.3650382
-21.151537 -7.1318645 0.83977658
-21.224026 -8.330246 0.28329501
-21.379068 -4.928587 -0.26852933
-21.653267 -6.131372 -0.84337509
-22.175642 -7.4750404 -1.4522165
-22.529989 -6.2356381 3.8155553
-22.262482 -7.3608618 3.229497
-22.065338 -8.5067415 2.6686146
-21.491987 -4.8262424 1.9237844
-21.115341 -5.8399439 1.3641566
-21.127138 -6.9795609 0.8370918
-21.228928 -8.1822033 0.28268498
-21.354956 -4.7852244 -0.26863056
-21.598803 -5.9730411 -0.83039856
-22.177319 -7.3243752 -1.4426715
-22.877337 -4.9876795 4.4241805
-22.549124 -6.0922265 3.8123932
-22.236551 -7.2012343 3.219265
-22.056099 -8.3480959 2.6612523
-21.487156 -4.6868539 1.9207413
-21.09663 -5.6956525 1.3606642
-21.166611 -6.8488393 0.83697492
-21.213091 -8.0269518 0.28181294
-21.376419 -4.6524711 -0.26853639
-21.610289 -5.8337169 -0.82944828
-22.150167 -7.1649747 -1.4380182
-22.845692 -4.8341379 4.4122419
-22.533089 -5.9397836 3.8034484
-22.24547 -7.0536079 3.2142296
-22.043385 -8.1890116 2.6536057
-21.4529 -4.5416679 1.9151523
-21.097 -5.557096 1.3584635
-21.136524 -6.6961155 0.83414483
-21.235792 -7.8869267 0.28146631
-21.344179 -4.5084648 -0.27552649
-21.611423 -5.691987 -0.83628935
-22.14732 -7.014235 -1.4434366
-22.845697 -4.6878705 4.4066043
-22.5089 -5.785934 3.7933018
-22.208927 -6.8923364 3.2027783
-22.016743 -8.0257244 2.6444206
-21.477652 -4.4093924 1.9149102
-21.095098 -5.4183969 1.3561746
-21.141993 -6.5553827 0.83275759
-21.252499 -7.7450752 0.28105253
-21.359913 -4.3750534 -0.2753779
-21.613235 -5.5508795 -0.83502579
-22.14724 -6.8649731 -1.4406588
-22.829157 -4.5386815 4.3979597
-22.499489 -5.6365671 3.7858162
-22.227554 -6.7488828 3.1994328
-22.053373 -7.8861184 2.6429584
-21.458059 -4.2683263 1.9107925
-21.073122 -5.2751336 1.3526554
-21.133514 -6.4108806 0.83085859
-21.246264 -7.5954561 0.28034848
-21.36375 -4.2394228 -0.27508682
-21.625303 -5.4127555 -0.83419305
-22.178028 -6.725646 -1.4399501
-22.817425 -4.3909845 4.3904262
-22.499582 -5.4900994 3.7800922
-22.241749 -6.6044126 3.1955829
-22.012796 -7.7195992 2.6323693
-21.443319 -4.1287789 1.9071882
-21.059206 -5.1345434 1.3497144
-21.117149 -6.2646804 0.82868832
-21.206848 -7.4349308 0.27922118
-21.353916 -4.101449 -0.27463093
-21.597044 -5.2650766 -0.83184117
-22.145798 -6.5677629 -1.4352139
-22.820248 -4.2464881 4.3858733
-22.476364 -5.3385248 3.770617
-22.192894 -6.4419928 3.1828244
-22.008121 -7.5666356 2.618027
-21.452915 -3.9942715 1.9058259
-21.098192 -5.0071044 1.3522251
-21.140617 -6.1307635 0.82811749
-21.217216 -7.2926884 0.28315958
-21.360809 -3.9670272 -0.27440137
-21.590998 -5.1234555 -0.83038181
-22.149624 -6.4213028 -1.4328815
-22.830196 -4.1035671 4.382863
-22.498011 -5.1980429 3.768827
-22.185848 -6.2926068 3.1762168
-21.993504 -7.4110231 2.6108296
-21.48925 -3.8647633 1.906911
-21.064991 -4.8628883 1.3481594
-21.127777 -5.9867473 0.82615995
-21.196651 -7.1404982 0.28229508
-21.343872 -3.8285577 -0.27387688
-21.599024 -4.985569 -0.82949829
-22.151268 -6.2746964 -1.4304702
-22.83382 -3.9597425 4.3788118
-22.442024 -5.0402575 3.7541969
-22.166067 -6.1402988 3.1679311
-22.00544 -7.2649975 2.6150525
-21.479292 -3.7270617 1.9039621
-21.077986 -4.7298532 1.3451093
-21.109884 -5.8419886 0.82404304
-21.205868 -6.9990158 0.27746475
-21.338047 -3.6925182 -0.27350628
-21.598835 -4.8461308 -0.8283335
-22.127216 -6.1214709 -1.4264646
-22.858648 -3.8197227 4.3789964
-22.447781 -4.8970609 3.7500622
-22.202183 -6.0038652 3.167768
-22.020224 -7.120338 2.611568
-21.483719 -3.5921807 1.9023649
-21.085915 -4.595921 1.3437904
-21.097782 -5.6995049 0.82218999
-21.211206 -6.8567395 0.27697888
-21.342447 -3.5585434 -0.27327764
-21.595058 -4.706296 -0.82706553
-22.141756 -5.9794807 -1.4250097
-22.400551 -4.742959 3.7372401
-22.220982 -5.8628721 3.1652577
-22.02158 -6.9718194 2.6066062
-21.483526 -3.4567788 1.9004339
-21.056822 -4.4544177 1.3401692
-21.114582 -5.565258 0.82149845
-21.177664 -6.7026544 0.27599862
-21.375357 -3.4293625 -0.27342442
-21.563078 -4.5609159 -0.8247534
-22.131104 -5.8311448 -1.4219947
-22.421944 -4.6039257 3.7360256
-22.185818 -5.7082195 3.1552
-21.982723 -6.8113985 2.5970109
-21.476915 -3.3206537 1.898011
-21.087156 -4.3258286 1.3403853
-21.121616 -5.42873 0.82046068
-21.193607 -6.5649066 0.27567622
-21.364021 -3.2932119 -0.2730158
-21.592306 -4.4288592 -0.82481629
-22.120544 -5.6834421 -1.4190488
-22.38913 -4.454196 3.725934
-22.203304 -5.5676894 3.1527691
-21.999928 -6.6690583 2.5941603
-21.531984 -3.1940174 1.9011099
-21.075781 -4.1889005 1.3380032
-21.14819 -5.2974396 0.82021481
-21.220348 -6.430759 0.2755056
-21.360853 -3.1586652 -0.27272251
-21.557747 -4.2841001 -0.82247651
-22.122345 -5.5394278 -1.416957
-22.39547 -4.3100162 3.7182689
-22.17622 -5.4152966 3.142463
-21.982214 -6.5187645 2.5764349
-21.537708 -3.0579927 1.8989649
-21.071861 -4.0489988 1.3298961
-21.121187 -5.1509681 0.81175101
-21.197075 -6.2780504 0.26937157
-21.350557 -3.036073 -0.26637629
-21.581505 -4.1535282 -0.81989342
-22.136234 -5.3943543 -1.4178152
-22.398811 -4.1682968 3.7145069
-22.159367 -5.2673187 3.1354361
-21.95027 -6.3630266 2.5680666
-21.531918 -2.9225039 1.8968374
-21.07649 -3.9159455 1.3286467
-21.136961 -5.0176091 0.81115866
-21.209547 -6.1404428 0.26904619
-21.334101 -2.900296 -0.26594394
-21.565737 -4.0134258 -0.8183434
-22.118237 -5.2464118 -1.4145741
-22.398178 -4.0261464 3.7102356
-22.157692 -5.1234875 3.1306915
-21.965509 -6.2215972 2.5653348
-21.533651 -2.7882915 1.8954473
-21.089661 -3.7846713 1.3279881
-21.112133 -4.8750701 0.80904263
-21.205208 -5.9984155 0.26851919
-21.326136 -2.7660484 -0.26562807
-21.57486 -3.8783114 -0.81777114
-22.104856 -5.1001792 -1.4116904
-22.399124 -3.8845906 3.7063739
-22.145523 -4.9777312 3.124598
-21.954863 -6.0733099 2.5596907
-21.571083 -2.6586654 1.8972704
-21.091375 -3.651541 1.3266602
-21.110855 -4.7385244 0.80786425
-21.195799 -5.8555326 0.26794004
-21.330158 -2.6335917 -0.26547191
-21.571886 -3.7412851 -0.81677294
-22.082104 -4.9524217 -1.4082701
-22.456917 -3.7528236 3.7122037
-22.17046 -4.8406224 3.1197038
-21.965843 -5.9314966 2.5612962
-21.548365 -2.5217373 1.895808
-21.125034 -3.5240014 1.3331058
-21.106558 -4.6017175 0.79988551
-21.189365 -5.7140508 0.26455823
-21.317001 -2.4992723 -0.26511231
-21.593761 -3.6087389 -0.81674743
-22.096516 -4.8134451 -1.4072793
-22.470263 -3.6134763 3.7106748
-22.136532 -4.6910996 3.1108208
-21.917032 -5.7742653 2.5514257
-21.562696 -2.3893895 1.8957433
-21.125214 -3.3909354 1.331779
-21.095413 -4.4638739 0.79841012
-21.180735 -5.5725365 0.26401857
-21.308468 -2.3658209 -0.26482067
-21.582003 -3.470787 -0.81548184
-22.1271 -4.678082 -1.4073724
-22.495586 -3.4760854 3.711118
-22.124825 -4.5469475 3.1093397
-21.939665 -5.6364942 2.5453894
-21.569725 -2.2562819 1.8931767
-21.149561 -3.261857 1.3263181
-21.111294 -4.3320699 0.8046928
-21.174793 -5.4322753 0.26636514
-21.279119 -2.2304738 -0.26428086
-21.564989 -3.3324389 -0.81405097
-22.102318 -4.5313444 -1.4040011
-22.499468 -3.3354654 3.7083118
-22.092829 -4.3992624 3.1009915
-21.919004 -5.4880395 2.5390377
-21.574043 -2.1229923 1.8923767
-21.1366 -3.1272092 1.3242772
-21.10688 -4.1963687 0.80352795
-21.184227 -5.2963715 0.26607001
-21.258055 -2.0964775 -0.2638545
-21.56703 -3.1973927 -0.81337219
-22.087774 -4.3873124 -1.401341
-22.528227 -3.1985857 3.7166581
-22.079119 -4.2558546 3.0894194
-21.917536 -5.344974 2.5253909
-21.583393 -1.9902744 1.8959867
-21.154797 -2.9973741 1.3265675
-21.084492 -4.0575929 0.80887181
-21.171581 -5.1553922 0.26715958
-21.262362 -1.9652469 -0.26375332
-21.574711 -3.0633616 -0.81293762
-22.082176 -4.2455292 -1.3993065
-22.559597 -3.0619462 3.7186642
-22.099621 -4.1193304 3.0886929
-21.900154 -5.198576 2.519665
-21.602737 -1.8584518 1.8966485
-21.161182 -2.865942 1.3258405
-21.116529 -3.9295466 0.80916071
-21.189253 -5.0221729 0.26698864
-21.267406 -1.8341758 -0.26367134
-21.574863 -2.928448 -0.81225097
-22.072315 -4.1033568 -1.3970599
-22.562675 -2.9214859 3.7161467
-22.117331 -3.9823647 3.0876949
-21.889982 -5.0544825 2.514879
-21.594585 -1.7243357 1.8949683
-21.159927 -2.7336626 1.3246859
-21.123631 -3.7969174 0.80852479
-21.182615 -4.8835206 0.26652244
-21.248732 -1.7012823 -0.2633054
-21.536272 -2.7887406 -0.81013864
-22.092768 -3.967072 -1.3967875
-22.665258 -2.7934747 3.7301488
-22.113422 -3.8417277 3.0838001
-21.882786 -4.9115944 2.5105429
-21.634893 -1.5940212 1.8976114
-21.184168 -2.6047428 1.3251778
-21.108107 -3.6605701 0.80705571
-21.175297 -4.7451887 0.26605898
-21.261297 -1.5710618 -0.26333672
-21.561567 -2.6576023 -0.81046146
-22.084345 -3.8258343 -1.3947445
-22.663536 -2.6521926 3.7274046
-22.140415 -3.7066123 3.0920618
-21.871603 -4.7683125 2.5141766
-21.636084 -1.4606893 1.8942254
-21.197519 -2.4744494 1.332139
-21.118855 -3.5290933 0.79723161
-21.151375 -4.6037183 0.27173972
-21.231756 -1.4379486 -0.26285657
-21.518925 -2.5184011 -0.80826259
-22.076075 -3.6850252 -1.3927679
-22.725845 -2.51823 3.7350409
-22.096867 -3.5600774 3.0828712
-21.884047 -4.6305504 2.5122938
-21.629154 -1.3269548 1.8928702
-21.200821 -2.3430676 1.3314178
-21.098621 -3.3927717 0.79566699
-21.185249 -4.4751215 0.27181706
-21.23217 -1.3071525 -0.26275748
-21.549814 -2.3880711 -0.80885714
-22.091257 -3.5483727 -1.392326
-22.773222 -2.3821232 3.7400661
-22.139187 -3.4276609 3.0780718
-21.871359 -4.4878354 2.4993293
-21.641373 -1.1944629 1.8959297
-21.184534 -2.2097807 1.3224318
-21.119064 -3.2632518 0.80504119
-21.154154 -4.3331342 0.26474619
-21.251183 -1.1774806 -0.26289839
-21.525812 -2.2517977 -0.80742252
-22.056599 -3.4041169 -1.388799
-22.784822 -2.2420895 3.7396414
-22.134115 -3.2879372 3.0745039
-21.842974 -4.342515 2.4929941
-21.636139 -1.0610549 1.8948649
-21.221687 -2.0821066 1.3239286
-21.101542 -3.1280994 0.80362654
-21.185873 -4.20435 0.2648153
-21.226469 -1.0455098 -0.26250836
-21.540827 -2.1198325 -0.80748254
-22.079552 -3.2690825 -1.388955
-22.817656 -2.1040406 3.7347121
-22.105907 -3.1452377 3.0755329
-21.867188 -4.2080178 2.5022697
-21.647453 -0.92850649 1.8914261
-21.279104 -1.9559935 1.3244088
-21.112877 -2.9975042 0.79623252
-21.166576 -4.0642786 0.27021155
-21.180904 -0.91302323 -0.26187065
-21.519579 -1.9844986 -0.80621445
-22.071947 -3.1296797 -1.3872426
-22.874506 -1.9678109 3.7419703
-22.117802 -3.0085933 3.0745614
-21.858515 -4.0674224 2.4983742
-21.635824 -0.79504061 1.8899481
-21.256283 -1.822439 1.3222677
-21.111765 -2.8653078 0.7955125
-21.163778 -3.9292507 0.26986298
-21.218107 -0.78422475 -0.26226619
-21.488232 -1.8487096 -0.80459982
-22.052752 -2.9890411 -1.3848573
-22.141714 -2.8735859 3.0753467
-21.821171 -3.9220998 2.4913082
-21.677252 -0.66340137 1.8931757
-21.270157 -1.6922243 1.3224598
-21.094563 -2.7312675 0.79421788
-21.160833 -3.7945378 0.26952347
-21.19883 -0.65328765 -0.26197341
-21.520254 -1.7185088 -0.80538899
-22.067699 -2.8532863 -1.3846705
-22.134396 -2.7346413 3.0719421
-21.864594 -3.7915616 2.4935627
-21.705627 -0.53098392 1.8953338
-21.291609 -1.5625224 1.3231726
-21.102823 -2.6007831 0.79391307
-21.196228 -3.6667898 0.26968262
-21.192432 -0.52295452 -0.26184979
-21.46981 -1.5819662 -0.8031227
-22.016415 -2.7094126 -1.3803833
-22.135246 -2.5969555 3.0698202
-21.85696 -3.6522372 2.4900897
-21.662592 -0.39694953 1.8913275
-21.278427 -1.4303463 1.3217832
-21.087624 -2.4676499 0.79275674
-21.161432 -3.5271797 0.26895949
-21.192928 -0.39286706 -0.26182118
-21.488585 -1.4508393 -0.80347681
-22.011492 -2.5718019 -1.3790593
-22.145782 -2.4605334 3.0691299
-21.88476 -3.5189888 2.4907496
-21.671696 -0.26410872 1.8919452
-21.306421 -1.3009599 1.3230013
-21.082575 -2.3360186 0.79201317
-21.184427 -3.3975492 0.2689817
-21.194046 -0.26281086 -0.26181015
-21.497383 -1.3189838 -0.80348808
-22.001595 -2.4338984 -1.3774776
-22.153782 -2.3239019 3.0682044
-21.879608 -3.3805714 2.4877558
-21.700359 -0.13129443 1.8943416
-21.313419 -1.1701692 1.3229651
-21.064468 -2.2032623 0.79081011
-21.164053 -3.2612092 0.26846388
-21.152451 -0.13249317 -0.26128134
-21.480486 -1.1856961 -0.80256945
-22.031996 -2.3005114 -1.3784714
-22.179585 -2.1891053 3.0698602
-21.882788 -3.2437141 2.4858074
-21.706062 0.0018559736 1.8948048
-21.292353 -1.0380127 1.3212373
-21.070988 -2.0733218 0.79056239
-21.170261 -3.1293066 0.26829401
-21.173307 -0.0027039358 -0.26153386
-21.46858 -1.0529506 -0.80186814
-22.020035 -2.1627612 -1.3768666
-22.194059 -2.0531073 3.0700619
-21.889341 -3.1075511 2.484339
-21.674006 0.13484538 1.8920431
-21.334457 -0.90888488 1.3234789
-21.067577 -1.9425422 0.78997242
-21.173182 -2.9971004 0.2680929
-21.16769 0.1271783 -0.26146919
-21.468231 -0.92092687 -0.80162895
-21.969212 -2.0217476 -1.3728873
-22.228579 -1.9188164 3.0731506
-21.864849 -2.9673264 2.4794462
-21.685808 0.26799354 1.8931813
-21.337662 -0.77788979 1.3233567
-21.065147 -1.8120369 0.78944951
-21.161303 -2.8630862 0.26771504
-21.17421 0.25714722 -0.26156428
-21.470037 -0.78905612 -0.80150056
-21.979456 -1.8867588 -1.3727782
-22.272724 -1.7850159 3.0776815
-21.873238 -2.8318918 2.4783802
-21.691439 0.40119258 1.8938521
-21.332766 -0.64666837 1.3227822
-21.031847 -1.6792343 0.78780049
-21.178114 -2.7331424 0.26771051
-21.151474 0.38668573 -0.26130781
-21.436344 -0.65613616 -0.80007744
-21.987928 -1.7516451 -1.3726103
-22.291838 -1.6489539 3.078867
-21.883749 -2.6968315 2.4776499
-21.70079 0.53458261 1.8949192
-21.348293 -0.51604956 1.3235236
-21.075348 -1.5526282 0.78905827
-21.171497 -2.6003206 0.26742014
-21.149311 0.51647669 -0.26131535
-21.458574 -0.52504772 -0.80077177
-22.003496 -1.617081 -1.3729367
-22.309084 -1.5126539 3.0799086
-21.893211 -2.561723 2.4768946
-21.717279 0.66834748 1.8966813
-21.35326 -0.38508853 1.3236601
-21.020424 -1.4189588 0.78666109
-21.161072 -2.4673359 0.2670922
-21.173101 0.64707315 -0.26165342
-21.447651 -0.39311829 -0.80025911
-21.978809 -1.4797424 -1.3708041
-22.348915 -1.3776482 3.0841827
-21.885263 -2.4247637 2.4742656
-21.722879 0.80195802 1.8975645
-21.334539 -0.25381371 1.3223782
-21.074196 -1.2927417 0.78836179
-21.16597 -2.3363659 0.26696804
-21.18474 0.77756464 -0.26185128
-21.462582 -0.26166776 -0.80074114
-21.965656 -1.3435202 -1.3694438
-22.371138 -1.2412843 3.0861402
-21.880613 -2.2884328 2.472106
-21.735922 0.93602365 1.8991698
-21.359674 -0.12304044 1.3238646
-21.060078 -1.1622131 0.78755206
-21.139565 -2.2022467 0.26645952
-21.134842 0.90562087 -0.26129827
-21.435495 -0.12979925 -0.79968584
-21.977751 -1.2089503 -1.3697095
-22.402617 -1.1051918 3.089489
-21.892467 -2.1539578 2.4719055
-21.753775 1.0705568 1.9012678
-21.360331 0.0080191353 1.3238833
-21.058777 -1.0325797 0.78725165
-21.140528 -2.0713046 0.26630646
-21.171099 1.0373535 -0.26182032
-21.435362 0.001725505 -0.79966623
-21.945665 -1.0721644 -1.3672742
-22.442213 -0.96914601 3.0922575
-21.885059 -2.0177236 2.4738135
-21.732 1.2031966 1.9019128
-21.383966 0.13924073 1.3377346
-21.022209 -0.90152264 0.77911878
-21.147051 -1.9410181 0.26518661
-21.144211 1.1661278 -0.26157135
-21.425194 0.13319011 -0.79930228
-21.931458 -0.93661779 -1.3660052
-22.571222 -0.83599824 3.109268
-21.910152 -1.8845301 2.4752963
-21.781977 1.3400733 1.9069703
-21.39691 0.27062762 1.3386228
-21.031313 -0.77266133 0.77926582
-21.144363 -1.8100097 0.26500863
-21.136463 1.2958328 -0.26156893
-21.416557 0.26455891 -0.79902571
-21.920109 -0.80142099 -1.3649664
-22.655491 -0.69994575 3.1202257
-21.878632 -1.7466495 2.4677434
-21.793573 1.4750693 1.9098434
-21.382774 0.40168509 1.3365721
-21.036551 -0.64362794 0.78654701
-21.139303 -1.6789836 0.26745933
-21.166574 1.4280945 -0.26204512
-21.431574 0.39627895 -0.79966152
-21.920729 -0.66678792 -1.3647244
-22.727737 -0.56261343 3.1296418
-21.884687 -1.6120583 2.4672642
-21.864883 1.6147296 1.9169248
-21.381021 0.53290284 1.3366418
-21.056515 -0.51493895 0.78716052
-21.126898 -1.547609 0.26717719
-21.15826 1.5580059 -0.26205558
-21.421635 0.52759343 -0.79939646
-21.920794 -0.53218418 -1.3644994
-22.810547 -0.42463291 3.1406267
-21.90056 -1.4781773 2.4707196
-21.88382 1.7512013 1.9183838
-21.431662 0.66577184 1.3413365
-21.049892 -0.38555658 0.77955914
-21.131563 -1.4176499 0.26447627
-21.143999 1.6874584 -0.26200229
-21.412725 0.65886241 -0.79919976
-21.898432 -0.39721298 -1.3629302
-21.900761 -1.3432511 2.4697659
-22.017948 1.897969 1.9311264
-21.423758 0.79713482 1.3411226
-21.073273 -0.25665003 0.780352
-21.124458 -1.2870235 0.26428354
-21.167768 1.8201323 -0.26243022
-21.410065 0.7903024 -0.79926646
-21.919977 -0.26307321 -1.364145
-21.902826 -1.208532 2.469116
-22.042313 2.0363984 1.9343228
-21.405855 0.92802733 1.3403332
-21.096991 -0.12747785 0.78118664
-21.161869 -1.1590198 0.26465762
-21.154434 1.9498135 -0.26240832
-21.391514 0.92108488 -0.79876983
-21.927784 -0.12860814 -1.3645561
-21.894053 -1.0733423 2.4673381
-22.092464 2.1778262 1.9398602
-21.416697 1.0601927 1.3413942
-21.093224 0.0019695305 0.7810328
-21.08979 -1.0253203 0.2636725
-21.152355 2.0805898 -0.26253593
-21.443878 1.0551984 -0.8009519
-21.897053 0.0059287609 -1.3626204
-21.928272 -0.94018483 2.4704981
-22.160164 2.3218791 1.9470187
-21.433332 1.1928937 1.3428693
-21.096504 0.13141844 0.78116953
-21.113779 -0.89666456 0.2638987
-21.176846 2.2142766 -0.26300362
-21.417509 1.1856772 -0.80022359
-21.878653 0.1401718 -1.3615031
-21.892555 -0.80410868 2.4658713
-22.20923 2.4648812 1.9526218
-21.479677 1.3277262 1.346258
-21.131941 0.26131514 0.78252631
-21.099508 -0.76639181 0.26365659
-21.146248 2.3423338 -0.26279712
-21.378361 1.3151346 -0.79904747
-21.877058 0.2744104 -1.361483
-21.95092 -0.6714099 2.471935
-22.540161 2.6417155 1.9831051
-21.491226 1.4608648 1.3475183
-21.137335 0.39111054 0.78280014
-21.123344 -0.63750225 0.26390058
-21.147694 2.473938 -0.26299882
-21.398872 1.448247 -0.8001312
-21.889156 0.40890068 -1.3623666
-21.952578 -0.53665847 2.4717042
-21.520016 1.5955342 1.3499118
-21.109646 0.52018648 0.78187823
-21.095896 -0.50714028 0.26351386
-21.161913 2.6073229 -0.26336965
-21.390799 1.5796107 -0.80017662
-21.88987 0.54329288 -1.3625927
-21.940454 -0.40167484 2.4700153
-21.511093 1.7276512 1.3499918
-21.137777 0.65067983 0.78305328
-21.098686 -0.37768966 0.26351479
-21.181793 2.741817 -0.26382145
-21.38505 1.7111807 -0.80033928
-21.88777 0.67764771 -1.3626952
-21.999887 -0.26774108 2.4764745
-21.543896 1.8633976 1.3527424
-21.204945 0.78300422 0.78570479
-21.093493 -0.2481394 0.26342592
-21.176689 2.873379 -0.26397255
-21.360682 1.8412042 -0.79983503
-21.894463 0.81235403 -1.3633964
-22.022869 -0.13287815 2.4789231
-21.555994 1.9977723 1.3542463
-21.150723 0.91098964 0.78388798
-21.107445 -0.1187793 0.2635861
-21.208784 3.0103779 -0.26459789
-21.407764 1.977667 -0.80203724
-21.886396 0.94656563 -1.3632303
-22.063404 0.0022547508 2.4834406
-21.556959 2.1313477 1.355103
-21.180874 1.0425301 0.78522784
-21.087276 0.010722025 0.2633301
-21.177864 3.13867 -0.26444739
-21.372995 2.1067941 -0.80120391
-21.87603 1.0806358 -1.3629719
-22.104382 0.13789189 2.4838881
-21.549749 2.2642331 1.3429754
-21.179642 1.1727822 0.79203135
-21.085009 0.13874193 0.2569215
-21.168619 3.2701652 -0.26457757
-21.357653 2.2376812 -0.80112839
-21.851616 1.2138795 -1.3618892
-22.153868 0.2741476 2.4895911
-21.568064 2.4000466 1.3450091
-21.179131 1.3031522 0.79229635
-21.094128 0.26824668 0.25704786
-21.192373 3.4071012 -0.26513076
-21.378111 2.3725264 -0.80242676
-21.863541 1.349157 -1.3631227
-22.221539 0.41136801 2.4974325
-21.551476 2.5321698 1.3449181
-21.197472 1.4348905 0.79329687
-21.102129 0.39786252 0.25717026
-21.179554 3.5384886 -0.265237
-21.385639 2.5062909 -0.80327135
-21.866018 1.484042 -1.3638194
-22.232456 0.54805112 2.4989903
-21.580009 2.6698627 1.3476958
-21.218849 1.5671878 0.79444182
-21.099632 0.52734423 0.25717443
-21.185022 3.6731598 -0.26558277
-21.385214 2.6393595 -0.80384868
-21.869429 1.6191388 -1.3646258
-22.248596 0.68506509 2.50123
-21.615927 2.8090744 1.3509899
-21.224342 1.6985961 0.79502279
-21.083496 0.65641022 0.25702199
-21.197559 3.8094494 -0.26602796
-21.33992 2.7668068 -0.80276912
-21.868021 1.754014 -1.3651839
-22.289368 0.82324398 2.5063343
-21.613543 2.943733 1.3519443
-21.193241 1.8270466 0.79426283
-21.082483 0.78589141 0.2570636
-21.182751 3.9411118 -0.26614058
-21.377758 2.9051981 -0.80484802
-21.844748 1.8871158 -1.3644282
-21.636774 3.0822365 1.3545551
-21.22226 1.9608054 0.79578626
-21.086128 0.91561651 0.25717172
-21.175297 4.0743084 -0.26635602
-21.366711 3.0373359 -0.8051185
-21.888813 2.0263066 -1.3679314
-22.636955 1.1143991 2.5467649
-21.672094 3.2230659 1.3579787
-21.231255 2.0930986 0.79659015
-21.064686 1.0442169 0.25698349
-21.201447 4.2144084 -0.26700521
-21.371023 3.1718488 -0.80599928
-21.856697 2.158673 -1.3667265
-21.70693 3.364511 1.3614296
-21.206118 2.222086 0.79614359
-21.058863 1.1735027 0.25699547
-21.174988 4.3443775 -0.26700267
-21.344069 3.3018224 -0.80573153
-21.856318 2.2941313 -1.3675572
-21.711529 3.5017765 1.3630401
-21.206722 2.3537872 0.79669344
-21.06683 1.303659 0.25718546
-21.190962 4.4833269 -0.26754591
-21.337421 3.4349816 -0.80626106
-21.869953 2.4313228 -1.369318
-21.75227 3.6454275 1.3669761
-21.234137 2.4888182 0.79828209
-21.082384 1.434528 0.25747797
-21.217485 4.625134 -0.26823407
-21.358 3.5728772 -0.80785191
-21.841776 2.5639608 -1.368513
-21.767469 3.7854331 1.3693653
-21.248291 2.6227381 0.7994042
-21.085667 1.5647866 0.25763047
-21.205528 4.7590103 -0.26844701
-21.342176 3.7049887 -0.80809802
-21.856005 2.7016861 -1.3704176
-21.752205 3.9204338 1.3698926
-21.272076 2.7582889 0.80092067
-21.094877 1.695681 0.25786528
-21.216024 4.898293 -0.26895532
-21.362078 3.843616 -0.80972934
-21.862108 2.8387399 -1.3718665
-21.783438 4.0642209 1.3734041
-21.25104 2.8882558 0.80078077
-21.066343 1.82355 0.25764841
-21.237053 5.0405993 -0.26960889
-21.393904 3.9850154 -0.81184733
-21.863548 2.9754529 -1.3730767
-21.783707 4.2027421 1.3750211
-21.254967 3.0217304 0.80161238
-21.080666 1.9551797 0.25796545
-21.226498 5.1758785 -0.26987302
-21.398146 4.1218104 -0.8129527
-21.873632 3.1136422 -1.374884
-21.805571 4.3459048 1.3780584
-21.295078 3.1608574 0.80384147
-21.074492 2.0851073 0.25804162
-21.230427 5.3150597 -0.27033252
-21.391787 4.2568774 -0.8136881
-21.883848 3.2522168 -1.3767545
-21.842655 4.4928174 1.3950057
-21.306744 3.2963295 0.80503017
-21.072403 2.2169178 0.26564127
-21.203043 5.4466734 -0.27040431
-21.399282 4.3950424 -0.81498379
-21.883175 3.389483 -1.3779947
-21.843988 4.6329737 1.3968801
-21.31155 3.4310982 0.80599201
-21.087486 2.3494143 0.26600814
-21.229509 5.5925517 -0.27117434
-21.394844 4.5311198 -0.81585819
-21.868795 3.5247931 -1.3784251
-21.853312 4.7752585 1.3993238
-21.31184 3.5654368 0.80681515
-21.100498 2.4820337 0.26635936
-21.256306 5.7393112 -0.27196136
-21.418276 4.6735783 -0.81782985
-21.898561 3.6675882 -1.381694
-21.89415 4.925128 1.4038473
-21.293999 3.6969078 0.80698341
-21.132868 2.6174023 0.26696569
-21.263155 5.8813753 -0.27250558
-21.410994 4.8098073 -0.8186633
-21.900898 3.8062749 -1.3832889
-21.901161 5.0680866 1.4062644
-21.316607 3.8357177 0.80871683
-21.114777 2.7468097 0.26694503
-21.239504 6.0153694 -0.27267036
-21.432598 4.9529991 -0.82063597
-21.909571 3.9464285 -1.38534
-21.887705 5.2066693 1.4074253
-21.312763 3.9701855 0.80948013
-21.124691 2.8800199 0.26728877
-21.209455 6.1476846 -0.27276376
-21.431858 5.0915542 -0.82178843
-21.895636 4.0827832 -1.3860168
-21.91514 5.355485 1.411276
-21.32947 4.1088715 0.81105685
-21.157896 3.0168905 0.26793805
-21.241386 6.2984796 -0.27366629
-21.432861 5.2309303 -0.82304209
-21.912205 4.2251549 -1.3886806
-21.948179 5.5064898 1.4155529
-21.31941 4.2427654 0.81164902
-21.125866 3.1447036 0.26777178
-21.225552 6.4357333 -0.27396587
-21.436783 5.3714681 -0.82444286
-21.957355 4.3737664 -1.3932166
-21.935734 5.6466584 1.4169582
-21.331625 4.3814383 0.81312233
-21.15871 3.2824214 0.26843834
-21.224815 6.5779843 -0.27447218
-21.446632 5.5140109 -0.82610732
-21.944529 4.5113773 -1.3941329
-21.925154 5.7876091 1.418542
-21.334833 4.5186973 0.81428611
-21.143957 3.413121 0.2685118
-21.223885 6.7207069 -0.27498826
-21.447285 5.6547003 -0.82745343
-21.969336 4.6571565 -1.397498
-21.963442 5.9421091 1.4233514
-21.382292 4.6660156 0.81717485
-21.194765 3.5548952 0.26942894
-21.266867 6.8781753 -0.27608675
-21.443554 5.7946692 -0.82866561
-21.982979 4.8011818 -1.4002135
-21.984545 6.0928307 1.4271148
-21.388529 4.8050508 0.8185246
-21.175135 3.6853266 0.26946181
-21.266388 7.0224481 -0.27663472
-21.458227 5.9401522 -0.83062559
-21.995466 4.9455009 -1.4029154
-21.976742 6.2361169 1.4290653
-21.367109 4.9381547 0.81884903
-21.131159 3.8114045 0.26919472
-21.233789 7.1564751 -0.2767767
-21.462517 6.0833616 -0.83222079
-21.990486 5.0863323 -1.4045619
-22.003805 6.3899379 1.4333478
-21.372469 5.0777359 0.82023299
-21.18778 3.9560039 0.27022019
-21.24638 7.3061962 -0.27751997
-21.480255 6.2310295 -0.83437544
-22.007366 5.2327008 -1.4076644
-22.029039 6.5440974 1.4361881
-21.366549 5.2150373 0.82121843
-21.189804 4.0910897 0.27056107
-21.244717 7.451705 -0.27809024
-21.462831 6.3690076 -0.83520091
-22.000977 5.3740206 -1.4093384
-22.006256 6.684545 1.4373498
-21.377504 5.3569069 0.82288736
-21.169178 4.2220035 0.27062336
-21.271252 7.6079073 -0.27904338
-21.475471 6.516398 -0.83723307
-22.056002 5.5310869 -1.4150107
-21.989027 6.826961 1.4270221
-21.380833 5.4973869 0.8242985
-21.153786 4.352643 0.26315382
-21.230469 7.7405734 -0.28394264
-21.467842 6.6582069 -0.84308439
-22.069822 5.6787124 -1.4243333
-21.993826 6.9766965 1.4300848
-21.400717 5.6427164 0.82638431
-21.204308 4.4988279 0.26412073
-21.227894 7.8875351 -0.28455013
-21.462679 6.8012438 -0.84450459
-22.079357 5.8258429 -1.4272287
-22.015076 7.1324043 1.4342853
-21.405539 5.7846923 0.82792562
-21.208345 4.63585 0.26452038
-21.224356 8.0347719 -0.28515822
-21.451855 6.9429426 -0.84573907
-22.080542 5.9713097 -1.4296468
-22.021261 7.2840118 1.437573
-21.417305 5.9291205 0.82977217
-21.170856 4.7639494 0.2644124
-21.238956 8.1896458 -0.28602415
-21.46446 7.0928154 -0.84793597
-22.08062 6.1169682 -1.4320551
-22.034136 7.4385691 1.441366
-21.417143 6.0708041 0.83119351
-21.208071 4.909235 0.26524842
-21.251829 8.3447552 -0.28688169
-21.465872 7.239676 -0.84973049
-22.0762 6.2618427 -1.4342334
-22.045263 7.5933256 1.4451146
-21.408588 6.2105446 0.83232474
-21.230352 5.0518379 0.26590976
-21.241261 8.4914007 -0.28743696
-21.490856 7.3952751 -0.85249984
-22.093439 6.4134603 -1.437883
-22.027842 7.7388439 1.447058
-21.403076 6.3515811 0.83361
-21.180643 5.1775341 0.26568007
-21.23959 8.6422586 -0.2881265
-21.455423 7.5306339 -0.85291123
-22.078876 6.5563879 -1.4395266
-22.064381 7.9041076 1.4526172
-21.396963 6.492877 0.83490777
-21.226837 5.3270645 0.26666451
-21.254118 8.8005571 -0.2890507
-21.456779 7.6793075 -0.85482216
-22.08263 6.7052193 -1.4424264
-22.03751 8.0473928 1.4540715
-21.457989 6.6554537 0.83886671
-21.225811 5.4654655 0.26706791
-21.26622 8.9588194 -0.2899574
-21.443428 7.8232865 -0.85618663
-22.047382 6.8425488 -1.4428395
-22.033346 8.1994419 1.4570891
-21.404015 6.7829576 0.838368
-21.2306 5.6058264 0.26755589
-21.24758 9.1048784 -0.29045951
-21.474842 7.9843917 -0.85938084
-22.078131 7.000896 -1.4476359
-22.063175 8.3650169 1.4624285
-21.448143 6.9420466 0.84174901
-21.242126 5.7485261 0.26814064
-21.247084 9.2593851 -0.29122394
-21.465221 8.1310701 -0.86097616
-22.071695 7.1481953 -1.4500624
-22.084259 8.5283613 1.4672669
-21.445759 7.0869417 0.8433463
-21.222019 5.8830724 0.26833746
-21.24781 9.4152555 -0.29202026
-21.477516 8.2867746 -0.86349255
-22.101603 7.3080196 -1.4549459
-22.10924 8.694272 1.4724432
-21.427639 7.227088 0.8443616
-21.237162 6.0278349 0.26899153
-21.236221 9.5664368 -0.29266223
-21.450125 8.4277773 -0.86445415
-22.104555 7.4597654 -1.4581259
-22.097775 8.8467026 1.4752672
-21.401358 7.3647852 0.84509087
-21.232111 6.1674232 0.26940179
-21.246532 9.7283411 -0.29362145
-21.472576 8.5890617 -0.86746657
-22.09852 7.6090817 -1.4607804
-22.098839 9.0048485 1.4789993
-21.465614 7.5345201 0.84943783
-21.226906 6.3074021 0.26982176
-21.249557 9.887888 -0.29449615
-21.466825 8.739933 -0.86938441
-22.1096 7.7649674 -1.4646347
-22.115149 9.1701202 1.4838285
-21.44084 7.6739144 0.85030484
-21.254467 6.4577785 0.27067065
-21.244499 10.044571 -0.29527465
-21.478985 8.8989105 -0.8720718
-22.102104 7.9150109 -1.4673278
-22.165932 9.3509808 1.4964135
-21.434158 7.8202176 0.85953432
-21.250229 6.599185 0.26838791
-21.277615 10.220438 -0.29156977
-21.445396 9.0395641 -0.86820996
-22.107296 8.0702543 -1.4645014
-22.139837 9.5004158 1.4985591
-21.44219 7.9725657 0.86180186
-21.259178 6.7452645 0.26901862
-21.490129 10.485286 -0.295358
-21.466288 9.2038927 -0.87132573
-22.09178 8.2185488 -1.4667864
-22.143612 9.663352 1.5027996
-21.465803 8.1316109 0.86473995
-21.256796 6.8883514 0.26951826
-21.474134 10.641106 -0.29602998
-21.470638 9.362133 -0.87381762
-22.114592 8.3818636 -1.4716879
-22.183836 9.8433838 1.5096002
-21.45406 8.2780476 0.86629695
-21.230404 7.0240355 0.26972502
-21.268745 10.702375 -0.29409832
-21.489136 9.5275488 -0.87693322
-22.118954 8.5390987 -1.4754374
-22.189739 10.009412 1.5141529
-21.465034 8.43396 0.86881334
-21.237095 7.1711187 0.27036399
-21.281353 10.872873 -0.29518965
-21.502975 9.6919947 -0.87990826
-22.135445 8.7019024 -1.4800713
-22.203604 10.180085 1.5193328
-21.473574 8.5897818 0.8712759
-21.233879 7.3154812 0.27088937
-21.269087 11.031698 -0.29595286
-21.45454 9.8289919 -0.88037765
-22.112396 8.8498707 -1.4821333
-22.859415 10.650997 1.5760831
-21.453884 8.7349863 0.86568487
-21.219473 7.4564843 0.27949041
-21.246428 11.185913 -0.29658705
-21.513935 10.01637 -0.88532025
-22.130192 9.0149231 -1.4870057
-22.482141 10.643594 1.5545448
-21.450937 8.8876133 0.86775005
-21.234049 7.6083026 0.280292
-21.265072 11.362921 -0.297815
-21.500402 10.171053 -0.88731492
-22.125959 9.1718903 -1.4904748
-22.254938 10.703672 1.5360688
-21.472816 9.0514488 0.87785757
-21.232697 7.7551532 0.2726495
-21.24901 11.522502 -0.29857463
-21.776653 10.465732 -0.90134889
-22.149124 9.3411598 -1.4958681
-22.234606 10.862383 1.5392368
-21.509501 9.2227478 0.88165414
-21.243582 7.9072018 0.27340716
-21.250647 11.69269 -0.29960009
-21.766787 10.625887 -0.90362221
-22.122602 9.4902773 -1.4979817
-22.262547 11.045748 1.5458341
-21.481564 9.3672266 0.88284844
-21.227064 8.0496874 0.27382511
-21.262667 11.869846 -0.30079073
-21.496735 10.657883 -0.89510924
-22.165852 9.6702957 -1.5048997
-22.356245 11.263706 1.55711
-21.474636 9.52145 0.88494813
-21.239021 8.2036343 0.27462351
-21.301891 12.063775 -0.30238709
-21.508907 10.82884 -0.89836597
-22.155252 9.8279257 -1.5082459
-22.41927 11.46848 1.5663713
-21.479792 9.6818771 0.88759208
-21.218967 8.3458681 0.2750212
-21.251535 12.208074 -0.30272987
-21.514416 10.997602 -0.90139765
-22.152601 9.9898701 -1.51221
-22.487467 11.678005 1.5761129
-21.506144 9.8529682 0.89116246
-21.25876 8.5125017 0.27620873
-21.271217 12.393586 -0.30408785
-21.500002 11.157153 -0.9036451
-22.157015 10.155918 -1.5167365
-21.505619 10.012835 0.89366978
-21.232601 8.653573 0.27655354
-21.254358 12.55908 -0.30494276
-21.494059 11.322009 -0.90629804
-22.618116 12.100553 1.595558
-21.521656 10.181446 0.89691538
-21.225378 8.8028831 0.27715778
-21.299997 12.763021 -0.30671537
-21.506536 11.497708 -0.90978187
-22.464922 10.632556 -1.5466299
-25.756691 15.656592 2.6338885
-21.758076 10.457154 0.90137613
-21.265512 8.9744596 0.28937319
-21.271885 12.92422 -0.30744672
-21.507486 11.668464 -0.91283363
-22.178837 10.664212 -1.5314101
-21.806393 10.645575 0.90606683
-21.26123 9.1267462 0.29007152
-21.274166 13.105001 -0.3086361
-21.521286 11.847446 -0.91648746
-22.217896 10.851338 -1.5386755
-23.669256 14.788518 2.4388022
-21.533371 10.676394 0.89742756
-21.236155 9.2707062 0.29050002
-21.275702 13.286716 -0.30983531
-21.498541 12.0074 -0.91863912
-22.212248 11.017894 -1.5429373
-22.995556 14.564528 2.3785498
-21.47921 10.814236 0.89791888
-21.227224 9.4222975 0.29116327
-21.289858 13.477838 -0.31123996
-21.510733 12.187969 -0.92233837
-22.20693 11.185564 -1.5473065
-25.776648 16.34535 -3.4309795
-22.573555 14.492081 2.3440537
-21.498957 10.990048 0.90154648
-21.257225 9.5921745 0.29237661
-21.285709 13.65888 -0.31239867
-21.51333 12.364433 -0.92568541
-22.231825 11.369658 -1.5538727
-23.488827 15.097481 -3.1387324
-25.759745 15.026189 1.865559
-21.53367 11.174977 0.90586066
-21.266508 9.7538624 0.29332194
-21.29122 13.847584 -0.3137207
-21.545963 12.559687 -0.93038803
-22.244419 11.548831 -1.5596765
-22.026663 14.525749 2.3056018
-23.340092 13.807384 1.6964277
-21.522781 11.337492 0.90831196
-21.259195 9.9088411 0.29405415
-20.908373 13.781877 -0.30931976
-21.490032 12.704382 -0.93132138
-22.231148 11.715675 -1.5637572
-22.51112 14.862562 -3.0322297
-21.787903 14.560907 2.2899191
-23.105957 13.860968 1.6855601
-21.522123 11.506398 0.91124666
-21.258066 10.067548 0.29488742
-20.805849 13.898176 -0.30905885
-21.537373 12.911358 -0.9367888
-22.303446 11.929204 -1.5739617
-22.185648 14.843942 -3.0006011
-21.620966 14.642053 2.2817736
-22.873348 13.912992 1.6747876
-21.525663 11.678684 0.91441345
-21.480366 10.334661 0.29884517
-20.66214 13.986291 -0.30819312
-21.565981 13.109057 -0.94151407
-22.317432 12.113379 -1.5801643
-21.963158 14.890982 -2.9828115
-21.403637 14.687238 2.268306
-21.542576 11.859528 0.91820586
-21.477938 10.496269 0.29970178
-20.51722 14.072529 -0.30731365
-21.553566 13.283309 -0.94451267
-22.381128 12.326338 -1.5899997
-21.746475 14.939659 -2.9657774
-21.265808 14.785401 2.2632713
-22.088987 13.810073 1.6296437
-21.55102 12.037074 0.9216966
-21.448172 10.64525 0.30019221
-20.362539 14.150938 -0.30629164
-21.546236 13.461907 -0.94779342
-22.4571 12.548381 -1.6008368
-21.574896 15.017475 -2.9548893
-21.117874 14.87559 2.257199
-21.843925 13.844005 1.6178005
-21.581432 12.228395 0.92618877
-21.253288 10.711557 0.29837888
-17.90333 12.605518 -0.27045876
-21.560566 13.655508 -0.95209163
-22.476959 12.741081 -1.6077949
-21.407221 15.096596 -2.944556
-17.715189 12.642056 1.9017563
-21.722647 13.954699 1.6151296
-21.54463 12.382792 0.92785275
-21.275782 10.887111 0.29962692
-17.672218 12.605693 -0.26813087
-21.574068 13.850266 -0.95642281
-22.526134 12.952229 -1.6169671
-17.651752 12.611082 -2.4385905
-17.466522 12.627067 1.8833435
-21.594255 14.060143 1.6119676
-21.530851 12.55125 0.9305585
-21.279444 11.054265 0.30062807
-17.455654 12.613533 -0.26601437
-21.113754 13.738422 -0.93973559
-22.555206 13.153743 -1.6248167
-17.426983 12.612722 -2.4181848
-17.207539 12.600649 4.0297465
-17.245937 12.629438 1.868957
-21.451548 14.155407 1.6062114
-21.591259 12.764606 0.93653685
-21.274937 11.21822 0.30153117
-17.238861 12.618605 -0.26388556
-21.028263 13.867191 -0.93970001
-22.655807 13.399378 -1.6379558
-17.202873 12.612091 -2.3977804
-17.01276 12.619109 4.0021901
-16.996243 12.607523 1.8502461
-21.268961 14.22302 1.5990446
-21.59071 12.943717 0.93994039
-21.263033 11.37923 0.30234635
-16.992857 12.599392 -0.26129833
-20.902889 13.969298 -0.93791008
-22.692562 13.609747 -1.6466196
-16.963457 12.597322 -2.375139
-17.253267 12.812821 -4.6139574
-16.783495 12.609428 3.9659672
-16.767551 12.598111 1.8308054
-21.089462 14.29103 1.578933
-21.572382 13.11333 0.95104504
-21.304115 11.568156 0.29240197
-16.795382 12.613415 -0.25944698
-20.760126 14.058926 -0.93535751
-22.750668 13.835109 -1.6569645
-16.770578 12.614473 -2.3589263
-16.967466 12.762847 -4.5583839
-16.596996 12.629365 3.9401343
-16.57303 12.611795 1.8179816
-20.932005 14.372532 1.5737175
-21.607052 13.316656 0.9561578
-21.251162 11.708813 0.2926558
-16.592297 12.620868 -0.25750127
-20.625883 14.153389 -0.93320441
-16.55344 12.610917 -2.3392236
-16.351257 12.601542 3.900079
-16.362726 12.611046 1.8033668
-20.793642 14.466064 1.5699588
-21.605909 13.499578 0.95975471
-21.245802 11.876375 0.29358
-16.356758 12.600885 -0.25504103
-20.4611 14.225763 -0.92968076
-21.944485 13.716535 -1.6103879
-16.337841 12.605842 -2.3196435
-22.794218 15.859585 -3.8256452
-16.474756 12.711765 -4.4675903
-16.137672 12.595522 3.8674963
-16.156528 12.610901 1.7891358
-17.908958 12.62297 1.357982
-21.611656 13.688257 0.96372288
-21.295073 12.076006 0.2952792
-16.15663 12.605434 -0.25312179
-17.906435 12.613287 -0.81710672
-21.696812 13.747586 -1.5983731
-16.112665 12.59058 -2.2985988
-22.426466 15.808814 -3.780133
-16.216705 12.672158 -4.4186158
-15.957878 12.613518 3.8428841
-15.940586 12.60051 1.7737515
-17.671778 12.618804 1.3458433
-21.608654 13.87286 0.9673667
-21.293734 12.248526 0.29629719
-15.949934 12.60237 -0.25109029
-17.688801 12.623084 -0.81069487
-21.540445 13.834468 -1.5930773
-15.927299 12.603895 -2.2831445
-17.668243 12.617647 -2.991096
-15.984595 12.649515 -4.3764381
-15.759593 12.61467 3.8137019
-17.446257 12.612467 3.5098059
-15.754238 12.611043 1.7615933
-17.444719 12.619001 1.3344228
-21.206692 13.799284 0.95314449
-21.290955 12.421411 0.29731348
-15.736128 12.591038 -0.24893603
-17.430767 12.601077 -0.80239749
-21.415243 13.940395 -1.5901138
-15.731665 12.606828 -2.2661471
-17.444075 12.619897 -2.9661996
-15.742519 12.615802 -4.3312721
-15.55033 12.604492 3.7817068
-17.240938 12.625834 3.4840205
-15.543777 12.599836 1.746672
-17.193617 12.598782 1.3211035
-21.085211 13.905134 0.95150143
-21.296572 12.600472 0.298466
-15.541113 12.592184 -0.24706866
-17.201588 12.596828 -0.79539073
-21.314394 14.061702 -1.5890025
-26.042927 15.397836 -2.635386
-15.541254 12.611613 -2.2498233
-17.222141 12.62104 -2.9415751
-15.549594 12.618657 -4.2994142
-15.34895 12.598101 3.7514617
-17.00539 12.614367 3.451998
-15.348873 12.598692 1.733425
-16.970272 12.595888 1.3098563
-20.991301 14.028774 0.95113009
-21.280613 12.767962 0.29933468
-15.364495 12.606024 -0.24548587
-16.995333 12.606717 -0.78941566
-21.144751 14.136755 -1.5827924
-25.677822 15.395382 -2.60795
-15.322123 12.590498 -2.2292428
-17.017817 12.632529 -2.9198601
-15.350098 12.613762 -4.2655745
-16.830027 12.644506 5.6316547
-15.163992 12.602809 3.725086
-16.796648 12.62003 3.4252789
-15.155118 12.596088 1.7202398
-16.759026 12.599309 1.2994939
-20.833214 14.108812 0.94032228
-21.307236 12.962397 0.30992198
-15.161077 12.595565 -0.243466
-16.782524 12.60923 -0.7831099
-20.997768 14.225688 -1.5782944
-24.900185 15.137619 -2.5383558
-15.149253 12.604959 -2.2153027
-16.772505 12.610789 -2.8909929
-15.158029 12.612537 -4.2336278
-16.602228 12.633472 5.581264
-14.979843 12.605966 3.698781
-16.563261 12.604419 3.393393
-14.979022 12.605927 1.7089989
-16.542765 12.596339 1.2886939
-20.70174 14.205833 0.93830484
-21.277504 13.123852 0.31065494
-14.971589 12.594211 -0.24165955
-16.57769 12.615211 -0.77714926
-20.853888 14.315681 -1.5740525
-14.965302 12.608102 -2.1996751
-16.547729 12.601453 -2.8655224
-14.977348 12.618525 -4.20471
-16.381456 12.624941 5.5262074
-14.789986 12.602019 3.6709261
-16.355217 12.605314 3.3665531
-14.810704 12.620324 1.6985981
-16.364655 12.620097 1.2808273
-20.552538 14.289728 0.94300973
-21.292276 13.314001 0.30289507
-14.808403 12.612905 -0.24027021
-16.361444 12.609928 -0.77062464
-20.634155 14.351907 -1.5640848
-22.787102 14.238896 -2.3405831
-14.784385 12.611594 -2.1844163
-16.361032 12.618633 -2.8465469
-14.779015 12.607286 -4.1706691
-17.034992 13.145864 -5.1847973
-16.181757 12.630053 5.4848795
-14.595434 12.591639 3.641746
-16.158051 12.612144 3.3418348
-14.611832 12.606436 1.6846298
-16.121582 12.591147 1.2678256
-17.899948 12.609069 0.82483572
-21.283691 13.490994 0.30394486
-14.616665 12.60516 -0.23840968
-16.164515 12.617006 -0.76498127
-17.881014 12.60047 -1.3612292
-22.469112 14.232629 -2.3168471
-14.599095 12.609115 -2.1684301
-16.143568 12.609645 -2.8221204
-14.587766 12.599597 -4.1384368
-16.776257 13.111222 -5.1304374
-15.947243 12.605234 5.4315047
-14.429004 12.603312 3.6194472
-15.954289 12.611398 3.3156352
-17.724503 12.640911 2.9968979
-14.429811 12.604659 1.6725293
-15.939667 12.607293 1.2595794
-17.694937 12.627813 0.81894374
-21.292906 13.680697 0.30526948
-14.42838 12.597982 -0.23659499
-15.939483 12.599508 -0.75797606
-17.67514 12.618411 -1.3514254
-22.180052 14.240978 -2.2960083
-14.414084 12.604566 -2.1523972
-15.968795 12.631657 -2.8050644
-17.693117 12.62605 -3.5488374
-14.428354 12.617312 -4.1150994
-16.522858 13.077279 -5.0773878
-14.310034 12.648481 5.6252427
-15.773605 12.626011 5.3986506
-14.258181 12.60917 3.595937
-15.745192 12.603857 3.2881908
-17.469393 12.621387 2.9668014
-14.236797 12.590902 1.6590812
-15.742828 12.609401 1.2501154
-17.446207 12.612589 0.81099868
-21.32509 13.886974 0.30694672
-14.251156 12.598183 -0.23495206
-15.730227 12.591695 -0.75168526
-17.443216 12.615133 -1.3395861
-21.975519 14.300839 -2.2838764
-14.211136 12.581806 -2.13358
-15.722926 12.594777 -2.7753985
-17.468023 12.627897 -3.5191641
-14.217669 12.587857 -4.0769629
-16.265219 13.036482 -5.0227036
-14.087492 12.606592 5.5680652
-15.553412 12.607114 5.3496633
-17.253012 12.632357 5.1524978
-14.063087 12.591257 3.5661526
-15.540679 12.597382 3.2615621
-17.242676 12.619332 2.9413931
-23.539442 15.523933 3.1685131
-14.074663 12.602262 1.6491672
-15.539525 12.603857 1.2400893
-17.214405 12.606555 0.80380392
-20.934645 13.816379 0.30254135
-14.082265 12.603657 -0.23343825
-15.538693 12.595588 -0.74621177
-17.224279 12.618479 -1.3286935
-21.745205 14.341655 -2.2690432
-14.064205 12.606499 -2.1230936
-15.543017 12.608006 -2.7572453
-17.229866 12.617421 -3.4867156
-14.068226 12.610374 -4.0562205
-16.01413 12.997419 -4.9697008
-13.925667 12.616504 5.5345979
-15.371555 12.616777 5.3136401
-17.023973 12.625835 5.1071362
-13.899171 12.598991 3.544122
-15.343999 12.594741 3.2364421
-17.024628 12.620892 2.9173527
-22.781345 15.225377 3.0789871
-13.885887 12.587598 1.6360672
-15.346909 12.604528 1.2308669
-17.007944 12.61641 0.79776311
-20.846092 13.942307 0.30249226
-13.918638 12.611876 -0.23200428
-15.365613 12.612305 -0.74160242
-16.979626 12.600073 -1.31576
-21.535563 14.393782 -2.2563412
-13.897763 12.611951 -2.1096106
-15.353964 12.611635 -2.7373841
-16.998631 12.609049 -3.4555137
-13.874605 12.591207 -4.0225954
-15.760593 12.952857 -4.9155931
-13.759913 12.620926 5.4994731
-15.184392 12.619885 5.2774525
-16.78661 12.610184 5.0590453
-13.725933 12.596243 3.5195909
-15.181159 12.617781 3.2183647
-16.773081 12.594623 2.8874359
-22.441055 15.197975 3.0455418
-13.717196 12.588869 1.6252621
-15.143874 12.594168 1.220758
-16.776079 12.604726 0.78350389
-20.663935 14.004746 0.30416343
-13.737991 12.602555 -0.23425135
-15.17216 12.610125 -0.73999912
-16.752995 12.59203 -1.3098879
-21.37689 14.478276 -2.2591574
-13.720966 12.605897 -2.096626
-15.155275 12.604958 -2.7080657
-16.768679 12.598714 -3.4184914
-13.732616 12.616872 -4.0064507
-15.558129 12.947219 -4.8796339
-13.583466 12.613421 5.4597821
-14.993627 12.617687 5.2379608
-16.571295 12.608235 5.0173764
-13.563999 12.601828 3.4978297
-14.9825 12.608904 3.1925917
-16.601448 12.625786 2.8711724
-22.153229 15.202154 3.0190825
-13.571889 12.609801 1.6171829
-14.953123 12.591533 1.2115865
-16.580408 12.617616 0.7779665
-20.568907 14.125295 0.30403474
-13.563192 12.596331 -0.23258437
-14.977767 12.604736 -0.73427618
-16.53314 12.586278 -1.298712
-21.205938 14.553095 -2.2504857
-13.537787 12.591656 -2.0804024
-14.963421 12.601516 -2.6875498
-16.569569 12.608918 -3.3936088
-13.538507 12.592597 -3.9722881
-13.415768 12.611873 5.4233789
-14.818995 12.626852 5.2039218
-16.373707 12.617275 4.9808979
-13.409668 12.612626 3.4779234
-14.792253 12.60465 3.168473
-16.358126 12.599906 2.8424082
-21.936937 15.252558 3.0023043
-13.386103 12.591105 1.604221
-14.788361 12.608682 1.2044824
-16.339695 12.593501 0.7702834
-20.39167 14.188493 0.30269614
-13.409968 12.608162 -0.23127916
-14.816711 12.625309 -0.73016459
-16.350174 12.6062 -1.2903913
-21.016584 14.613642 -2.2398646
-13.383563 12.602255 -2.0685465
-14.777189 12.600465 -2.6679375
-16.394197 12.635058 -3.3735065
-13.380517 12.599657 -3.9485424
-15.083314 12.868623 -4.7798867
-14.220816 13.381409 -6.2742739
-13.249147 12.609268 5.3871975
-14.597854 12.593843 5.1533046
-16.153193 12.606073 4.9372554
-13.249398 12.615993 3.4563682
-14.617458 12.611339 3.1475487
-16.173613 12.616656 2.8237457
-21.727713 15.305707 2.9864669
-13.233208 12.601218 1.5951339
-14.594081 12.598496 1.1949326
-16.140232 12.598385 0.76451015
-17.915607 12.629502 0.26708648
-13.241007 12.603259 -0.22969452
-14.60987 12.60461 -0.72376931
-16.145138 12.606825 -1.2802905
-17.937899 12.636897 -1.9199783
-13.21263 12.595146 -2.0540335
-14.601797 12.606464 -2.6501875
-16.164024 12.61651 -3.34201
-13.206079 12.589171 -3.9197874
-14.864209 12.840108 -4.7353296
-17.157095 13.378736 -5.8206449
-14.069357 13.402606 -6.2436166
-13.091414 12.61314 5.3544307
-14.405123 12.582567 5.1124258
-15.948177 12.604292 4.8981385
-13.057491 12.586923 3.426389
-14.415562 12.592266 3.1206532
-15.970283 12.616426 2.8017092
-17.682528 12.619192 2.4410543
-13.081782 12.610982 1.586179
-14.425656 12.608404 1.1874543
-15.950292 12.608386 0.75916356
-17.69635 12.63819 0.2649689
-13.085103 12.608796 -0.22583812
-14.424478 12.599872 -0.71626639
-15.93023 12.597119 -1.2585011
-17.66148 12.605024 -1.8930025
-13.064575 12.607923 -2.0470617
-14.415161 12.600535 -2.6325119
-15.961033 12.61643 -3.3213091
-13.047729 12.591934 -3.8982744
-14.640944 12.804955 -4.6888461
-16.896967 13.343417 -5.7623825
-13.876692 13.382442 -6.1912189
-12.92979 12.611312 5.3198752
-14.26333 12.613841 5.0894766
-15.755651 12.609962 4.8626809
-12.915135 12.603493 3.4092629
-14.251516 12.603974 3.1018248
-15.734287 12.587553 2.7738056
-17.440821 12.608922 2.4183218
-12.923951 12.61274 1.5763959
-14.236353 12.597867 1.1782128
-15.73598 12.596631 0.75262791
-17.421562 12.604077 0.26200753
-12.930057 12.613305 -0.22449367
-14.230498 12.585205 -0.71045548
-15.717084 12.58608 -1.2477399
-17.466 12.627983 -1.8803201
-12.885392 12.588611 -2.0310509
-14.23513 12.598085 -2.6137021
-15.730386 12.59171 -3.2893295
-17.452316 12.611944 -4.0698786
-12.898229 12.601421 -3.8766367
-14.414826 12.764141 -4.6414261
-16.674397 13.334583 -5.7142754
-13.708074 13.383137 -6.1525106
-12.787704 12.62676 5.2931929
-14.089105 12.614667 5.0548334
-15.54565 12.599151 4.8216372
-17.250872 12.63659 4.5909271
-12.763022 12.608867 3.3894684
-14.084721 12.611321 3.0823059
-15.557631 12.603558 2.7562447
-17.207403 12.60166 2.3966331
-12.758194 12.604738 1.565582
-14.084965 12.618845 1.1720699
-15.542969 12.599385 0.74708003
-17.20867 12.611635 0.25996473
-12.777532 12.61845 -0.22564608
-14.083469 12.610021 -0.70907205
-15.555199 12.613872 -1.2517117
-17.224958 12.615367 -1.8682107
-12.732179 12.592541 -2.0150411
-14.050316 12.589102 -2.5917206
-15.557897 12.611043 -3.2641382
-17.23632 12.617566 -4.0361037
-12.738685 12.599245 -3.8492522
-14.212051 12.74102 -4.6015148
-16.456972 13.327083 -5.6653996
-13.533095 13.375471 -6.1138768
-12.622359 12.617395 5.2567005
-13.901397 12.601131 5.0151348
-15.387726 12.628379 4.7965984
-16.994299 12.609599 4.5431519
-12.586354 12.587866 3.3629994
-13.884916 12.586771 3.0554252
-15.378128 12.615208 2.7381055
-17.003948 12.613678 2.3790309
-12.598604 12.600761 1.555457
-13.884802 12.593948 1.161822
-15.35107 12.600698 0.74155873
-16.982222 12.606565 0.25770754
-12.620003 12.616773 -0.2242271
-13.892743 12.593685 -0.70334679
-15.35231 12.606274 -1.2415864
-16.973022 12.591585 -1.849231
-12.587232 12.602901 -2.004302
-13.89123 12.60107 -2.5765886
-15.354638 12.603187 -3.2376573
-17.036564 12.632618 -4.0074043
-12.595228 12.611177 -3.8292141
-14.000771 12.707418 -4.5582676
-13.376784 13.38423 -6.0802474
-12.479287 12.628409 5.2292881
-13.762364 12.629797 4.9928403
-15.165516 12.602535 4.751348
-16.798475 12.624856 4.511426
-12.448231 12.603454 3.3466942
-13.719498 12.591036 3.0359681
-15.169758 12.600785 2.7147205
-16.768782 12.599474 2.3569009
-12.461387 12.617416 1.5480452
-13.725501 12.603824 1.154942
-15.172076 12.610384 0.7366361
-16.765133 12.605702 0.25558212
-12.450537 12.601047 -0.22258572
-13.723768 12.594775 -0.69869149
-15.15117 12.597553 -1.2315478
-16.774702 12.604767 -1.8360158
-12.435645 12.60487 -1.9924428
-13.732274 12.611336 -2.5614102
-15.18195 12.618142 -3.217509
-16.788004 12.608688 -3.9670608
-12.429484 12.598897 -3.8022559
-13.81312 12.692548 -4.5224447
-16.030407 13.310666 -5.5743685
-13.214911 13.385534 -6.0438895
-12.300365 12.601068 5.1866159
-13.606797 12.641709 4.9644504
-14.971766 12.597631 4.7147751
-16.566217 12.610105 4.4697466
-12.293974 12.600993 3.3259473
-13.552405 12.591754 3.0160332
-14.964243 12.586043 2.6917117
-16.54677 12.592249 2.3365126
-12.303129 12.61102 1.5379691
-13.541475 12.588861 1.1459353
-14.977442 12.604798 0.73092765
-16.547424 12.601684 0.25343722
-12.286203 12.58829 -0.22102456
-13.575688 12.613206 -0.69507968
-14.986845 12.617249 -1.2244606
-16.546129 12.592595 -1.8194206
-12.278614 12.599406 -1.9796325
-13.539301 12.588127 -2.5397756
-14.96736 12.595869 -3.1883512
-16.574905 12.608451 -3.9349124
-12.276749 12.597756 -3.7791076
-13.599055 12.65062 -4.4776893
-15.806978 13.289848 -5.5249271
-13.05337 13.385194 -6.0074577
-12.153425 12.604341 5.1571712
-13.406269 12.609551 4.9194245
-14.797399 12.606801 4.6841369
-16.35125 12.605681 4.4325318
-12.14197 12.598934 3.3056769
-13.404436 12.608404 3.0002642
-14.811649 12.613684 2.6781359
-16.354256 12.604953 2.3202059
-12.152772 12.61078 1.5288173
-13.39352 12.605404 1.1399387
-14.775188 12.590261 0.72481376
-16.33902 12.602117 0.25142494
-12.151083 12.603643 -0.2199809
-13.387548 12.59234 -0.68939
-14.78165 12.600288 -1.2139897
-16.337336 12.592744 -1.8049241
-12.128998 12.599636 -1.9679381
-13.394201 12.607333 -2.5270209
-14.797633 12.608943 -3.1686172
-16.373003 12.614202 -3.9052813
-12.123765 12.594464 -3.755733
-13.441408 12.6587 -4.4512734
-12.892828 13.383892 -5.9712548
-11.995591 12.594403 5.1228924
-13.233529 12.601002 4.8843188
-14.627108 12.617432 4.6546512
-16.173424 12.627563 4.4052477
-11.99023 12.595249 3.2853446
-13.243046 12.610641 2.9814041
-14.610539 12.597892 2.6556988
-16.147785 12.60451 2.3018429
-11.990353 12.596015 1.5180795
-13.233377 12.608698 1.1328721
-14.60021 12.596609 0.72000813
-16.144943 12.611177 0.24962454
-12.002804 12.603708 -0.21869245
-13.22923 12.597305 -0.68520492
-14.578841 12.582679 -1.2036518
-16.126898 12.589037 -1.790176
-11.980803 12.599516 -1.9564004
-13.203302 12.581328 -2.5055225
-14.612529 12.606793 -3.1454856
-16.150366 12.601346 -3.870548
-11.988186 12.607545 -3.7376277
-13.239208 12.622452 -4.4098783
-15.359056 13.238344 -5.4247451
-12.744493 13.393421 -5.9405055
-22.731451 24.181511 13.477999
-11.853224 12.598825 5.0950112
-13.080297 12.609027 4.8562269
-14.424795 12.598107 4.6147828
-15.947309 12.609284 4.3646512
-11.849613 12.601471 3.2679403
-13.058497 12.58859 2.9571912
-14.426358 12.594234 2.6362178
-15.944571 12.604092 2.2838569
-11.858129 12.611164 1.5111077
-13.069464 12.606419 1.1254408
-14.433203 12.607821 0.71557367
-15.925171 12.597606 0.24741703
-11.854289 12.601692 -0.21739127
-13.068621 12.598167 -0.68087733
-14.407821 12.590156 -1.1958876
-15.948644 12.60814 -1.7789429
-11.822353 12.58664 -1.9431008
-13.047874 12.586879 -2.4906368
-14.43223 12.606536 -3.1232672
-15.948065 12.60169 -3.840524
-11.839437 12.6051 -3.715296
-13.079151 12.623959 -4.3822837
-15.140431 13.212686 -5.376061
-12.562836 13.365782 -5.8939462
-22.4401 24.167015 13.392922
-11.721858 12.613387 5.0717173
-12.915195 12.60367 4.8235517
-14.258536 12.607953 4.586256
-15.76086 12.619798 4.3347335
-11.708256 12.605234 3.2502248
-12.901188 12.590571 2.9390063
-14.25551 12.600053 2.6190767
-15.760338 12.616359 2.2685137
-11.714697 12.612813 1.5026637
-12.905171 12.601719 1.1179308
-14.255657 12.607782 0.71059334
-15.738805 12.607952 0.24571893
-11.686761 12.577352 -0.21573022
-12.916073 12.604924 -0.6769464
-14.24229 12.600463 -1.1885432
-15.74404 12.604136 -1.7647145
-11.706347 12.617392 -1.9367225
-12.890219 12.588403 -2.4752412
-14.252419 12.604482 -3.1010332
-15.742339 12.596803 -3.8095243
-11.704319 12.615477 -3.6971166
-12.904756 12.609495 -4.3496938
-14.931651 13.192754 -5.3305712
-12.420827 13.378246 -5.8657241
-23.03141 22.489302 -11.250669
-22.240002 24.24822 13.362047
-11.56479 12.598519 5.0371113
-12.756095 12.60214 4.7929211
-14.081227 12.605968 4.554019
-15.566282 12.621524 4.3024373
-11.566381 12.606742 3.2322528
-12.76405 12.610571 2.9253376
-14.095545 12.613562 2.6038578
-15.562818 12.615703 2.2511828
-11.549847 12.589365 1.4913989
-12.740285 12.594347 1.1103208
-14.090595 12.616728 0.70621127
-15.548918 12.613247 0.24395807
-11.557965 12.592819 -0.21477506
-12.734221 12.580927 -0.67144865
-14.06384 12.597265 -1.1800796
-15.539367 12.597515 -1.7504044
-11.549054 12.602066 -1.9234564
-12.750024 12.605258 -2.4631257
-14.079869 12.606688 -3.0802629
-15.544132 12.595423 -3.7801912
-11.548262 12.601472 -3.6721773
-12.760739 12.622756 -4.3271766
-14.706557 13.155428 -5.2789297
-16.53598 13.400051 -6.2665477
-12.260166 13.368786 -5.8284822
-22.684624 22.424217 -11.148269
-22.05452 24.344183 13.340102
-11.428252 12.604154 5.0112329
-12.610054 12.611684 4.7670336
-13.912058 12.609151 4.5242448
-15.374771 12.623386 4.270833
-11.420752 12.602376 3.2131057
-12.605502 12.607707 2.9066756
-13.911078 12.60305 2.5840182
-15.350355 12.600339 2.2315915
-11.417908 12.599884 1.4843173
-12.598811 12.60827 1.1047125
-13.907864 12.607717 0.70091689
-15.336609 12.597834 0.24183527
-11.423526 12.600679 -0.21370959
-12.609001 12.611028 -0.66891348
-13.895301 12.600821 -1.1724033
-15.352166 12.602646 -1.7379955
-11.418355 12.61397 -1.9145435
-12.58744 12.598182 -2.4466047
-13.905 12.604687 -3.0588694
-15.364626 12.606927 -3.7552783
-11.416443 12.61213 -3.6548002
-12.602115 12.619769 -4.2995639
-14.493486 13.125809 -5.2312598
-16.325777 13.396499 -6.2179227
-12.11251 13.371567 -5.7971826
-22.445829 22.462135 -11.09844
-21.879831 24.451221 13.32494
-23.653656 23.943853 12.689395
-11.286591 12.602448 4.9829278
-12.451205 12.60658 4.7364378
-13.723587 12.59257 4.4877839
-15.15882 12.602588 4.2403188
-11.29715 12.620759 3.204602
-12.423974 12.579583 2.8856385
-13.743208 12.605369 2.5622418
-15.17197 12.610523 2.216866
-11.274706 12.596333 1.4757214
-12.439093 12.602144 1.0974675
-13.724087 12.595392 0.69553697
-15.172166 12.619458 0.24413326
-11.288438 12.606258 -0.20901872
-12.447979 12.603709 -0.66085827
-13.722897 12.598784 -1.1592669
-15.162599 12.603552 -1.7174867
-11.252241 12.584812 -1.8976542
-12.44191 12.60629 -2.4401665
-13.721387 12.592482 -3.0406816
-15.186508 12.617489 -3.7269974
-11.272178 12.607382 -3.630908
-12.439966 12.611211 -4.2683735
-14.308719 13.119178 -5.1964135
-16.11043 13.384285 -6.1637516
-11.937806 13.342333 -5.7554545
-22.222017 22.512753 -11.044666
-21.748243 24.606346 13.336501
-23.031796 23.602276 12.433243
-11.163751 12.620255 4.9627895
-12.29491 12.602067 4.7063098
-13.575863 12.611329 4.4646978
-14.95805 12.591689 4.2056913
-11.14321 12.603555 3.1828122
-12.291455 12.599103 2.8727615
-13.574498 12.604859 2.5451598
-14.953951 12.585254 2.1962521
-11.138509 12.598886 1.4679855
-12.29382 12.608784 1.0914558
-13.581255 12.618703 0.6922093
-14.975297 12.611967 0.24220614
-11.142713 12.598222 -0.20774792
-12.312075 12.620057 -0.65774184
-13.552691 12.596643 -1.1513964
-14.98116 12.608971 -1.7056664
-11.121986 12.593804 -1.888684
-12.280848 12.59677 -2.4236915
-13.553213 12.592216 -3.0204794
-14.976879 12.599452 -3.6944549
-11.129143 12.60218 -3.6096747
-12.280306 12.603102 -4.2400446
-14.097137 13.085303 -5.1486373
-15.914003 13.386989 -6.1199117
-11.785466 13.335841 -5.7213521
-22.046972 22.611259 -11.026417
-21.61647 24.761801 13.348615
-22.701782 23.551479 12.332873
-11.017287 12.609754 4.9319835
-12.163873 12.621776 4.6857076
-13.416752 12.61777 4.4377499
-14.798432 12.613278 4.1824942
-10.998971 12.595316 3.1636288
-12.14347 12.601181 2.8561916
-13.408166 12.604498 2.5284271
-14.773772 12.58928 2.1810937
-11.003317 12.600942 1.4603308
-12.128354 12.592747 1.0836053
-13.400243 12.604605 0.68691254
-14.770064 12.594839 0.24013218
-11.009196 12.602246 -0.20669642
-12.157282 12.615335 -0.65359545
-13.386421 12.59608 -1.1438154
-14.795243 12.608392 -1.6932757
-11.001705 12.612746 -1.8813654
-12.143243 12.609499 -2.4117587
-13.381522 12.586562 -2.9993713
-14.800335 12.606825 -3.6699183
-11.000218 12.611315 -3.59289
-12.145675 12.618923 -4.2202158
-13.877853 13.041191 -5.0976782
-15.708293 13.37939 -6.0722604
-11.6138 13.305235 -5.6775413
-21.889706 22.727304 -11.017301
-21.481895 24.914579 13.359666
-22.434942 23.562304 12.266224
-10.891753 12.621547 4.9103642
-12.00256 12.608315 4.6532822
-13.245424 12.61069 4.4065919
-14.602229 12.601551 4.1488171
-10.87148 12.604595 3.1491449
-12.005635 12.612124 2.8419211
-13.240308 12.600628 2.5113063
-14.591331 12.589167 2.1655223
-10.869109 12.602498 1.4527549
-11.995488 12.608727 1.0786264
-13.224267 12.592904 0.68183994
-14.585098 12.592497 0.23837675
-10.865933 12.593375 -0.20545354
-11.987772 12.593178 -0.64862436
-13.219769 12.593093 -1.1361568
-14.598512 12.596183 -1.6795743
-10.847597 12.591205 -1.8681886
-11.985168 12.599173 -2.3956726
-13.24111 12.608509 -2.985184
-14.609624 12.599876 -3.641731
-10.843245 12.586427 -3.5667772
-11.986767 12.607751 -4.191802
-13.704214 13.037283 -5.0631866
-15.51116 13.376569 -6.0276709
-11.460614 13.293512 -5.6424251
-21.716856 22.826521 -11.000592
-21.412367 25.144257 13.41212
-22.232347 23.638277 12.234528
-10.748687 12.611386 4.8806601
-11.855485 12.60783 4.6261683
-13.085775 12.61267 4.3791432
-14.42088 12.600254 4.1191812
-10.727201 12.592725 3.1296754
-11.851346 12.604005 2.823652
-13.07198 12.594185 2.4939895
-14.428257 12.603726 2.1527574
-10.746822 12.616411 1.44673
-11.853047 12.613086 1.0727572
-13.084912 12.614198 0.6786328
-14.408009 12.594732 0.23674102
-10.740266 12.603259 -0.20453578
-11.830835 12.582013 -0.64429814
-13.06926 12.60358 -1.1298467
-14.398612 12.578647 -1.6654241
-10.736444 12.617932 -1.8623445
-11.833415 12.593489 -2.3807409
-13.073762 12.603015 -2.9648342
-14.416615 12.588498 -3.6128066
-10.731362 12.612236 -3.5553641
-11.846264 12.614067 -4.1696563
-13.502347 13.004001 -5.0179901
-15.328829 13.384212 -5.9886179
-11.323643 13.298769 -5.6150589
-21.632921 23.019501 -11.029416
-21.305855 25.332441 13.442514
-22.036493 23.720005 12.206613
-10.608436 12.602655 4.8519983
-11.714357 12.611923 4.6012087
-12.921473 12.60816 4.3499675
-14.230779 12.588966 4.0868678
-10.610255 12.611389 3.1180747
-11.711543 12.609472 2.8087249
-12.927279 12.608635 2.4810963
-14.239814 12.593993 2.1361308
-10.604416 12.605101 1.4379444
-11.685557 12.588758 1.0645696
-12.915461 12.604651 0.67384297
-14.257703 12.618504 0.23553906
-10.613865 12.610862 -0.20359841
-11.691922 12.588166 -0.64092743
-12.909163 12.602978 -1.1226705
-14.251557 12.605197 -1.65733
-10.600611 12.614308 -1.8521742
-11.689755 12.594569 -2.367341
-12.92018 12.608824 -2.9474955
-14.247211 12.595482 -3.5896542
-10.5954 12.608382 -3.5358841
-11.694813 12.606929 -4.1434984
-13.31839 12.985292 -4.9791427
-15.127609 13.372991 -5.9419522
-11.179904 13.294363 -5.5841289
-21.544268 23.2089 -11.056617
-21.275948 25.614307 13.522554
-21.873222 23.835907 12.196959
-23.546892 23.261715 11.54931
-10.474652 12.599843 4.8260794
-11.586462 12.62875 4.5813241
-12.746568 12.591096 4.3170142
-14.057518 12.590293 4.0592198
-10.469557 12.600292 3.0910566
-11.553893 12.593831 2.788162
-12.770366 12.609412 2.4720299
-14.062729 12.591999 2.1211166
-10.466692 12.597498 1.4297237
-11.549625 12.596453 1.0592076
-12.761144 12.607851 0.66981542
-14.048908 12.588281 0.229849
-10.484366 12.613289 -0.20259516
-11.564981 12.605737 -0.63819689
-12.752749 12.604029 -1.1157726
-14.073897 12.602816 -1.6456317
-10.466207 12.610671 -1.8421761
-11.557992 12.60687 -2.3562782
-12.764235 12.610465 -2.9295156
-14.084245 12.606215 -3.5680163
-10.454887 12.597308 -3.5147216
-11.548638 12.603585 -4.119031
-13.115727 12.945625 -4.9329801
-14.957457 13.386967 -5.9072714
-11.029064 13.279562 -5.5493813
-21.439837 23.382517 -11.076446
-21.206738 25.852085 13.57913
-21.745882 23.990992 12.207808
-23.01277 23.014778 11.356384
-10.346149 12.601764 4.8024092
-11.418097 12.599567 4.5452356
-12.62015 12.620152 4.3003445
-13.918808 12.620825 4.0414515
-10.336211 12.596253 3.0744491
-11.426645 12.60958 2.7760742
-12.606722 12.601537 2.4552743
-13.883604 12.585949 2.1057079
-10.320838 12.578173 1.4203163
-11.413118 12.601938 1.0537601
-12.6116 12.613957 0.6660161
-13.898331 12.607959 0.22864684
-10.340303 12.596408 -0.20130113
-11.422271 12.604571 -0.63457763
-12.592534 12.59935 -1.1084977
-13.911968 12.612472 -1.6357157
-10.325496 12.597624 -1.8309803
-11.408499 12.598131 -2.3415172
-12.610477 12.612395 -2.9119339
-13.914284 12.608709 -3.5444915
-10.32668 12.599339 -3.4975438
-11.403228 12.599233 -4.0946641
-12.933831 12.923721 -4.8943005
-14.745572 13.361179 -5.8558574
-10.881386 13.266533 -5.5159316
-12.142049 13.406469 -6.3153176
-23.086542 23.100328 -12.325746
-21.177435 26.141851 13.662822
-21.587582 24.112038 12.201771
-22.679737 22.961784 11.261354
-10.22192 12.607398 4.7805634
-11.279606 12.60128 4.5208006
-12.46985 12.623825 4.2754436
-13.721598 12.596285 4.0065565
-10.217387 12.608425 3.0703149
-11.283327 12.606018 2.7612176
-12.445086 12.593571 2.4326358
-13.722726 12.594367 2.092989
-10.216945 12.608529 1.4166387
-11.26894 12.597238 1.0475653
-12.447743 12.603802 0.66143459
-13.721147 12.601562 0.2304686
-10.209865 12.594297 -0.20026246
-11.297577 12.621757 -0.6319409
-12.450766 12.611329 -1.1028094
-13.73087 12.60265 -1.6234844
-10.203919 12.60628 -1.8231039
-11.259716 12.58822 -2.3267896
-12.456816 12.612547 -2.8942671
-13.735509 12.601056 -3.5185809
-10.195758 12.596467 -3.4793146
-11.274522 12.611711 -4.0761595
-12.742073 12.889325 -4.8515735
-14.574884 13.370285 -5.8205433
-10.742363 13.262166 -5.4866061
-12.00053 13.414734 -6.2844052
-22.713474 23.007668 -12.20171
-21.150105 26.438148 13.749593
-21.503021 24.316185 12.238077
-22.423702 22.982935 11.204037
-10.099383 12.613696 4.7593637
-11.143909 12.604466 4.4973278
-12.298445 12.60406 4.2431116
-13.553938 12.596496 3.9800956
-10.08254 12.599288 3.0529671
-11.140562 12.601263 2.7451508
-12.276929 12.576825 2.4148045
-13.566797 12.605493 2.0809646
-10.088714 12.607656 1.4095589
-11.13257 12.599526 1.0420555
-12.295579 12.603479 0.65744603
-13.561062 12.608807 0.22907493
-10.082669 12.594592 -0.19927962
-11.124749 12.583195 -0.62658072
-12.284674 12.596766 -1.0949236
-13.57164 12.610801 -1.6137764
-10.081114 12.612027 -1.8149551
-11.126789 12.59428 -2.3152466
-12.302231 12.609859 -2.8762736
-13.582169 12.614732 -3.4990625
-10.070394 12.598886 -3.4628499
-11.136325 12.612022 -4.0540986
-12.558931 12.860955 -4.8117981
-14.373464 13.348847 -5.7727075
-10.594186 13.24457 -5.4523311
-11.844403 13.404832 -6.2456012
-22.456766 23.028564 -12.139487
-21.163244 26.789911 13.864738
-21.410027 24.51248 12.270522
-22.235743 23.071827 11.180647
-9.9592018 12.596256 4.7296367
-11.007854 12.60561 4.4735508
-12.156334 12.612322 4.2207026
-13.384315 12.592793 3.9529018
-9.9623966 12.606944 3.0399532
-11.007981 12.606339 2.7314906
-12.144456 12.594804 2.4039035
-13.398408 12.603102 2.0669589
-9.950655 12.592745 1.401039
-10.996067 12.600012 1.0364958
-12.153119 12.611338 0.65395385
-13.364045 12.579392 0.22704646
-9.9472933 12.582972 -0.19812627
-11.003032 12.600488 -0.62406814
-12.149244 12.611794 -1.0897297
-13.398251 12.603762 -1.602325
-9.9397135 12.592779 -1.8033748
-10.991549 12.596131 -2.3031452
-12.145315 12.602809 -2.8576131
-13.406669 12.605836 -3.4737115
-9.9528341 12.609682 -3.4489663
-10.991849 12.60343 -4.0295806
-12.377986 12.832244 -4.7725496
-14.185936 13.337739 -5.7301531
-10.442856 13.220872 -5.4160953
-11.668007 13.369635 -6.1957278
-22.234875 23.082685 -12.095871
-21.311119 24.708353 12.320057
-22.038862 23.148453 11.155811
-9.8304787 12.594529 4.6972041
-10.858122 12.594555 4.4430661
-11.999841 12.600145 4.195868
-13.224122 12.594798 3.9195459
-9.8434162 12.623087 3.0198977
-10.874824 12.607088 2.7192616
-11.994588 12.59463 2.3939421
-13.224792 12.598334 2.0571632
-9.8336897 12.606982 1.3942014
-10.860847 12.598936 1.0335085
-11.982716 12.584802 0.64986408
-13.244853 12.613844 0.22229214
-9.8254776 12.596553 -0.19785094
-10.862404 12.595215 -0.62198377
-12.001563 12.609123 -1.0830667
-13.233989 12.605255 -1.5930203
-9.8109865 12.594517 -1.801623
-10.862451 12.600632 -2.2959027
-12.001174 12.601721 -2.835397
-13.246583 12.614173 -3.4525816
-9.8353882 12.603898 -3.4328372
-10.847725 12.594814 -4.0035267
-12.205623 12.811939 -4.7342381
-13.9907 13.317403 -5.6903734
-10.28865 13.190769 -5.3812809
-11.548686 13.39578 -6.1826935
-22.0784 23.207302 -12.084442
-21.243404 27.572489 14.152112
-21.235174 24.927944 12.364347
-21.885887 23.272055 11.15045
-23.454758 22.611797 10.461521
-9.7243462 12.617407 4.6833959
-10.74228 12.615892 4.4272575
-11.860401 12.607739 4.1740832
-13.060967 12.593143 3.8940175
-9.7106943 12.611711 3.0028646
-10.7402 12.606598 2.7048903
-11.862538 12.610011 2.3829849
-13.05697 12.592186 2.0430384
-9.6989365 12.5928 1.3860254
-10.731159 12.604055 1.0285077
-11.852074 12.601528 0.64696026
-13.065934 12.597237 0.22058246
-9.7103519 12.607719 -0.19708678
-10.731593 12.599026 -0.61890858
-11.849673 12.603503 -1.0763184
-13.088116 12.62038 -1.5847527
-9.7051678 12.617614 -1.7963744
-10.719173 12.589813 -2.2819045
-11.87199 12.620233 -2.8231184
-13.075975 12.6056 -3.42821
-9.7177029 12.611883 -3.4187076
-10.728854 12.612487 -3.9881425
-12.003624 12.755719 -4.6861587
-13.798629 13.296908 -5.6453319
-10.152558 13.182287 -5.3523059
-11.397777 13.385944 -6.1457596
-21.909395 23.314465 -12.070013
-21.404148 28.136543 14.373942
-21.199814 25.198008 12.433545
-21.732527 23.394976 11.145244
-22.949471 22.397984 10.297255
-9.5933571 12.60668 4.6574764
-10.597631 12.601852 4.3994279
-11.705934 12.597534 4.1468463
-12.918608 12.609755 3.8745694
-9.580369 12.601653 2.9864173
-10.607248 12.606423 2.6908374
-11.707026 12.598709 2.3672297
-12.912044 12.606246 2.0324266
-9.5805416 12.598234 1.3801272
-10.586638 12.590007 1.0220412
-11.710237 12.604811 0.64342773
-12.917254 12.607737 0.2193743
-9.5880146 12.608161 -0.1961703
-10.608756 12.610754 -0.61627531
-11.708249 12.607203 -1.0704792
-12.920555 12.612708 -1.5738049
-9.5686026 12.599289 -1.785373
-10.595047 12.599841 -2.2718956
-11.718605 12.611346 -2.8049927
-12.906996 12.596409 -3.4041076
-9.5803795 12.592729 -3.3975163
-10.582324 12.596024 -3.9623301
-11.841821 12.739507 -4.6534214
-13.637764 13.304241 -5.6128116
-10.008358 13.161325 -5.3187604
-11.242664 13.369102 -6.1062393
-21.745209 23.42614 -12.058524
-21.570925 28.719793 14.604012
-21.146143 25.449577 12.49342
-21.618982 23.561031 11.160944
-22.639853 22.368681 10.219724
-9.4756718 12.611867 4.637825
-10.463486 12.598467 4.3757491
-11.568421 12.60376 4.1254516
-12.76181 12.610542 3.8506775
-9.4607401 12.604078 2.9731786
-10.478782 12.610002 2.6778262
-11.580353 12.616759 2.3572257
-12.752842 12.604577 2.0195038
-9.4605694 12.600184 1.3739558
-10.479064 12.618455 1.0191118
-11.547959 12.58411 0.63874191
-12.751183 12.599342 0.21786276
-9.4599686 12.599489 -0.19512857
-10.452891 12.581376 -0.61169386
-11.56371 12.60581 -1.0643158
-12.743791 12.593786 -1.5616571
-9.4507418 12.603923 -1.7777787
-10.469564 12.606851 -2.2615333
-11.563047 12.598075 -2.7862084
-12.749931 12.59679 -3.3830049
-9.4711666 12.608981 -3.3861585
-10.451403 12.596317 -3.9421747
-11.691012 12.733055 -4.6247745
-13.458843 13.291843 -5.5726361
-9.8711977 13.147614 -5.2886424
-11.103137 13.368861 -6.0748973
-21.614162 23.573418 -12.065839
-21.766993 29.354212 14.858418
-21.149256 25.773426 12.588457
-21.470984 23.68989 11.159369
-22.393766 22.398733 10.170487
-9.3490219 12.603598 4.6136017
-10.34479 12.612208 4.3583927
-11.426521 12.603531 4.1023498
-12.589025 12.593408 3.8217862
-9.3430672 12.607702 2.9604547
-10.336843 12.595629 2.6612546
-11.442884 12.621579 2.344964
-12.576531 12.583801 2.0037732
-9.3417225 12.602207 1.3679003
-10.337852 12.604982 1.0128814
-11.41766 12.596405 0.63579798
-12.588979 12.592665 0.21640749
-9.3540678 12.618967 -0.19453767
-10.332811 12.593255 -0.60917741
-11.421139 12.604784 -1.0582924
-12.584951 12.590383 -1.5516301
-9.333498 12.608006 -1.7702433
-10.336253 12.602865 -2.2493987
-11.443988 12.622966 -2.7761307
-12.599533 12.601907 -3.3635528
-9.3518305 12.610506 -3.3710942
-10.328712 12.605042 -3.9249971
-11.501787 12.682296 -4.5806174
-13.287843 13.287837 -5.5360713
-9.7393169 13.136174 -5.2603235
-10.969427 13.373982 -6.0465255
-21.510605 23.751413 -12.08916
-21.171299 26.125553 12.696756
-21.427275 23.935188 11.212774
-22.220249 22.499609 10.154191
-9.2333269 12.608582 4.5946007
-10.20461 12.598164 4.3318195
-11.285829 12.602893 4.079525
-12.446662 12.604738 3.8019757
-9.2208376 12.603701 2.9461741
-10.215743 12.604995 2.6499398
-11.29372 12.611705 2.3302104
-12.447438 12.60842 1.995494
-9.2092581 12.584185 1.3597847
-10.21363 12.610535 1.0082726
-11.27815 12.596971 0.6323216
-12.439085 12.596368 0.21515539
-9.2165079 12.594197 -0.19328034
-10.218705 12.611199 -0.60700089
-11.268929 12.591213 -1.0513277
-12.455632 12.614875 -1.5452005
-9.2045498 12.594692 -1.7604108
-10.202465 12.596584 -2.237062
-11.270588 12.586042 -2.7527492
-12.451597 12.607721 -3.3446493
-9.2204561 12.594135 -3.3515308
-10.188595 12.590846 -3.901036
-11.357224 12.678354 -4.5539393
-13.092707 13.254366 -5.4885526
-9.5966463 13.111138 -5.2266192
-10.832436 13.373478 -6.0161328
-21.41065 23.934584 -12.115294
-22.27009 30.815998 15.458831
-21.340977 24.135166 11.244901
-22.033375 22.585911 10.131933
-9.1093979 12.600828 4.5713205
-10.073743 12.593808 4.3089881
-11.149288 12.605203 4.0580516
-12.299972 12.610015 3.7807319
-9.0990715 12.598763 2.9319136
-10.086601 12.602959 2.6364505
-11.142596 12.597636 2.3149347
-12.289439 12.602107 1.9825232
-9.0995693 12.595744 1.3549751
-10.078081 12.600477 1.0025053
-11.150809 12.609581 0.6295082
-12.27397 12.582662 0.21363088
-9.1088476 12.608695 -0.19264142
-10.078814 12.595782 -0.60327083
-11.138464 12.600172 -1.0463494
-12.292603 12.603513 -1.5345408
-9.0875387 12.596095 -1.7527802
-10.081808 12.604969 -2.2275231
-11.141978 12.597108 -2.7401648
-12.29048 12.598271 -3.3220735
-9.1043921 12.597047 -3.3373761
-10.08114 12.615575 -3.8894591
-11.194128 12.651635 -4.5195851
-12.925683 13.244056 -5.4519114
-9.4636183 13.100192 -5.1986046
-10.70017 13.37718 -5.9881496
-21.318287 24.127642 -12.146574
-23.157234 23.724009 -13.454551
-21.38541 27.062059 13.023358
-21.280392 24.366314 11.291545
-12.191008 12.651103 5.641562
-8.9980297 12.609011 4.5541739
-9.944952 12.590403 4.2868633
-11.006919 12.599183 4.0342951
-12.144071 12.60399 3.7565124
-8.9959555 12.618392 2.9235806
-9.9515038 12.591758 2.6212842
-11.019059 12.613081 2.305305
-12.145835 12.608712 1.971801
-8.9949465 12.613248 1.3508953
-9.9521074 12.600703 0.99764621
-11.003842 12.598325 0.62556374
-12.129594 12.588265 0.21245837
-8.9816494 12.594709 -0.19158213
-9.9469509 12.588558 -0.59999031
-10.999702 12.598142 -1.0405563
-12.135639 12.59629 -1.5245663
-8.981596 12.611623 -1.7472391
-9.9491415 12.596786 -2.2152472
-11.008639 12.601324 -2.7263372
-12.148722 12.6068 -3.3046033
-8.9908953 12.60217 -3.324055
-9.9460878 12.604383 -3.8671203
-12.751399 13.226881 -5.4125309
-9.3266306 13.078882 -5.1673412
-10.566858 13.377979 -5.9593711
-21.255173 24.355774 -12.195536
-22.77685 23.62257 -13.317511
-22.851128 32.45153 16.1374
-21.524225 27.583979 13.210718
-21.220152 24.600382 11.339462
-12.042066 12.650987 5.6084552
-8.8782749 12.604049 4.53262
-9.8300772 12.603193 4.2706008
-10.877228 12.606016 4.0150361
-11.996222 12.604419 3.7346318
-8.8796101 12.618286 2.9108775
-9.8314724 12.598019 2.6099799
-10.87777 12.606645 2.2918861
-11.979288 12.589517 1.9572672
-8.8652182 12.594096 1.3429928
-9.8331804 12.608418 0.99346113
-10.879592 12.611423 0.62288761
-11.997365 12.604923 0.21149307
-8.8794441 12.614415 -0.1910495
-9.8370342 12.607718 -0.59801537
-10.867664 12.602165 -1.0353613
-11.996323 12.605579 -1.5167528
-8.868186 12.615488 -1.740203
-9.8201571 12.591558 -2.2036893
-10.889614 12.620542 -2.7159872
-12.000519 12.606917 -3.2852705
-8.8752661 12.602949 -3.3098335
-9.8253927 12.609773 -3.8502042
-10.897619 12.625381 -4.4620934
-12.556067 13.185231 -5.3638601
-9.1914244 13.05804 -5.1367269
-10.426767 13.368449 -5.9265141
-21.196594 24.591619 -12.248273
-22.50868 23.632954 -13.245252
-21.76771 28.251736 13.466304
-21.19796 24.88172 11.408973
-11.866935 12.621176 5.5628529
-8.7634802 12.604653 4.5134144
-9.6987286 12.593374 4.2470279
-10.750009 12.614243 3.9965713
-11.847472 12.602071 3.7123265
-8.7506857 12.598628 2.8939016
-9.7149563 12.607455 2.5995362
-10.736984 12.598959 2.2784686
-11.850826 12.608535 1.948882
-8.7567348 12.603579 1.338249
-9.7074718 12.605976 0.98855686
-10.732848 12.596775 0.6188997
-11.836933 12.590163 0.21002281
-8.7405891 12.580448 -0.18971922
-9.7174244 12.613238 -0.59543777
-10.743224 12.613527 -1.0308597
-11.853147 12.60916 -1.508404
-8.7379284 12.593732 -1.7297735
-9.704566 12.60204 -2.195061
-10.74064 12.603418 -2.6980686
-11.858354 12.611621 -3.2674737
-8.7624073 12.606297 -3.2965302
-9.6965036 12.603104 -3.8299291
-10.777404 12.642108 -4.4445496
-12.394305 13.176316 -5.3291941
-9.0612135 13.042345 -5.1085858
-10.296824 13.370212 -5.8991747
-21.140951 24.83357 -12.30394
-22.263538 23.664635 -13.186196
-22.099163 29.048862 13.781363
-21.209179 25.206575 11.498039
-11.725894 12.625515 5.5329494
-8.6512842 12.607634 4.495389
-9.5728559 12.588973 4.2256551
-10.592167 12.584632 3.9665236
-11.688042 12.586353 3.6865005
-8.6406374 12.60456 2.8830311
-9.5962896 12.612774 2.588443
-10.60532 12.600259 2.2668927
-11.720786 12.624517 1.9401995
-8.6458426 12.608375 1.3331002
-9.5791988 12.598569 0.98334807
-10.592211 12.587358 0.61523217
-11.70912 12.608346 0.2091237
-8.6315193 12.587588 -0.18902466
-9.5775414 12.590718 -0.59158927
-10.606503 12.608924 -1.0251452
-11.693384 12.593161 -1.4978783
-8.6376228 12.613717 -1.7252063
-9.5843248 12.605148 -2.1853178
-10.60417 12.599063 -2.6831565
-11.706735 12.604457 -3.2469459
-8.6566801 12.618702 -3.2858222
-9.5724697 12.60112 -3.8114057
-10.628391 12.623388 -4.4149575
-12.2344 13.167285 -5.2950797
-8.9362707 13.032444 -5.0831342
-10.15202 13.350853 -5.8630385
-21.115225 25.113928 -12.378418
-22.075712 23.755383 -13.161036
-21.228365 25.545931 11.593201
-11.573469 12.61576 5.4974499
-8.5395308 12.609931 4.4774408
-9.4518528 12.589431 4.2062616
-10.470179 12.595768 3.9497099
-11.552341 12.594325 3.6680045
-8.5305738 12.609212 2.8720689
-9.4716911 12.608809 2.575654
-10.47538 12.602025 2.2556038
-11.557352 12.602691 1.92591
-8.5298052 12.60428 1.3271085
-9.4788017 12.626586 0.98097676
-10.474855 12.604078 0.61289644
-11.556133 12.597755 0.20776804
-8.5368919 12.614856 -0.18864395
-9.452487 12.585843 -0.58862388
-10.480828 12.615859 -1.0204613
-11.563669 12.607733 -1.4911441
-8.5048103 12.584722 -1.7140706
-9.4817419 12.630334 -2.1795568
-10.464891 12.589579 -2.6674113
-11.564888 12.605977 -3.2289968
-8.5344715 12.605679 -3.2687333
-9.4460516 12.594394 -3.7917688
-10.488843 12.613933 -4.3890581
-12.038792 13.117255 -5.2451558
-8.8206758 13.034628 -5.0627799
-10.021559 13.348485 -5.8348856
-21.183969 25.51185 -12.510248
-21.907515 23.8664 -13.14782
-21.301514 25.956324 11.719907
-11.448566 12.634364 5.4748416
-8.4154711 12.592474 4.4528227
-9.3475914 12.610986 4.194221
-10.360577 12.62065 3.9375033
-11.409686 12.593056 3.6471758
-8.4162235 12.606164 2.8595579
-9.3337984 12.58532 2.5591083
-10.347124 12.604263 2.2445984
-11.41021 12.596536 1.9142342
-8.4121819 12.5963 1.3208085
-9.3478603 12.612612 0.97541642
-10.341244 12.599789 0.60959083
-11.404785 12.58694 0.20643166
-8.4208498 12.609383 -0.18778588
-9.342824 12.600101 -0.58659846
-10.344837 12.60877 -1.0147343
-11.417567 12.602812 -1.4822481
-8.3985043 12.593293 -1.7081871
-9.3409004 12.60305 -2.1649172
-10.346281 12.603408 -2.6568408
-11.437041 12.621215 -3.2148635
-8.4309797 12.618916 -3.2586899
-9.3393574 12.612632 -3.7799351
-10.342968 12.594909 -4.3602743
-11.878931 13.106372 -5.211051
-8.6766186 12.989811 -5.0249605
-9.8928137 13.346786 -5.8074989
-12.58803 15.350437 -7.489378
-21.754622 23.99371 -13.144171
-11.28391 12.607263 5.4329925
-8.3220825 12.619664 4.4442973
-9.2169409 12.595545 4.1701975
-10.214979 12.600146 3.911478
-11.284907 12.60998 3.6319547
-8.3033371 12.603868 2.8474262
-9.236352 12.614971 2.5535655
-10.224186 12.611503 2.2346737
-11.272728 12.599278 1.9041036
-8.3059549 12.604008 1.3162478
-9.2194309 12.600216 0.97006452
-10.216578 12.604819 0.60678983
-11.278833 12.602487 0.20554771
-8.2964115 12.589631 -0.18673009
-9.2162189 12.590093 -0.58348882
-10.212564 12.60448 -1.0093269
-11.265097 12.5889 -1.4724544
-8.2977238 12.609105 -1.7033935
-9.2285576 12.612519 -2.156776
-10.207487 12.591083 -2.6409893
-11.281834 12.604513 -3.1929157
-8.3041782 12.595762 -3.2394912
-9.2086 12.596935 -3.7582264
-10.228355 12.612341 -4.3444996
-11.729335 13.101991 -5.1805959
-8.5514307 12.974045 -4.9984698
-9.7554922 13.331745 -5.7747989
-12.125401 14.97272 -7.2686558
-21.62236 24.143911 -13.153522
-11.148485 12.610818 5.4049435
-8.1962709 12.596375 4.4183011
-9.1060514 12.605584 4.1549439
-10.086708 12.599176 3.8918905
-11.144488 12.607896 3.6115913
-8.1971655 12.610459 2.8374989
-9.0967684 12.585621 2.5362775
-10.097114 12.612173 2.2237725
-11.128099 12.59227 1.8926895
-8.1994286 12.610085 1.3116039
-9.10394 12.603934 0.96603191
-10.089328 12.605152 0.60381436
-11.149719 12.613111 0.20460129
-8.1927681 12.599947 -0.18613397
-9.0960646 12.587276 -0.58076072
-10.075089 12.59199 -1.0033575
-11.130832 12.593511 -1.4649776
-8.1843147 12.604516 -1.6959574
-9.1028833 12.6023 -2.1454365
-10.098724 12.614364 -2.6328259
-11.132956 12.592821 -3.1725898
-8.1941757 12.596427 -3.2266703
-9.0988693 12.608494 -3.7449474
-10.097436 12.608262 -4.321671
-11.538708 13.046495 -5.1310506
-8.4190531 12.94839 -4.9682417
-9.6398706 13.34479 -5.7547193
-11.885877 14.862494 -7.179605
-21.509039 24.315945 -13.175098
-9.9779472 12.625243 5.6167083
-11.01624 12.616391 5.3782597
-8.0823107 12.589549 4.3984289
-8.9926262 12.610866 4.1384192
-9.951827 12.588243 3.8695774
-10.999537 12.598861 3.5896022
-8.0724382 12.586928 2.8210056
-8.9943924 12.606188 2.5292528
-9.9551001 12.592383 2.2094712
-10.996222 12.597988 1.8833718
-8.0873442 12.606295 1.3060234
-8.9782629 12.591999 0.96087664
-9.9684582 12.611993 0.6012007
-11.015717 12.616689 0.20355909
-8.0857286 12.603881 -0.18545566
-8.9944525 12.608919 -0.57920194
-9.9544497 12.598913 -0.9990232
-11.0089 12.610655 -1.4590863
-8.0693569 12.596018 -1.68812
-8.9848232 12.601029 -2.1357946
-9.9622231 12.601572 -2.6173482
-11.004038 12.601985 -3.1578281
-8.0837727 12.595117 -3.2135682
-8.9698563 12.591823 -3.7235782
-9.9640751 12.599414 -4.2976007
-11.398856 13.048842 -5.1043696
-8.2972422 12.934019 -4.9430995
-9.5100279 13.336683 -5.7259521
-11.62332 14.718435 -7.0754285
-21.389957 24.482399 -13.193927
-9.8616047 12.636655 5.5947604
-10.863166 12.596257 5.3411613
-7.9804626 12.600305 4.3849959
-8.8703766 12.602299 4.1176691
-9.8316183 12.594267 3.8528125
-10.863549 12.599009 3.5736704
-7.9734073 12.602004 2.8133667
-8.8719721 12.597386 2.5165172
-9.8379841 12.602422 2.2005992
-10.865465 12.603455 1.8741869
-7.9762292 12.602571 1.3005428
-8.869545 12.602401 0.95749933
-9.8473606 12.617156 0.59855521
-10.85428 12.595793 0.20929895
-7.9820189 12.611827 -0.18484841
-8.8769264 12.607075 -0.57660431
-9.8315363 12.601539 -0.99442923
-10.850282 12.583978 -1.4552792
-7.9668856 12.605686 -1.6793158
-8.8711929 12.604569 -2.1262214
-9.8242607 12.585022 -2.601341
-10.86063 12.592885 -3.1387899
-7.9778152 12.599434 -3.2021194
-8.8562365 12.595156 -3.7084243
-9.8564787 12.62177 -4.2845163
-11.236232 13.025908 -5.059659
-8.1813116 12.927152 -4.9211965
-9.3753872 13.320013 -5.6939888
-11.413178 14.63609 -7.0020461
-21.306229 24.690706 -13.235481
-9.7300816 12.627109 5.5639954
-10.748729 12.619303 5.3228655
-7.8759022 12.605667 4.3699617
-8.7533436 12.599575 4.0991526
-9.7107735 12.598075 3.8356769
-10.739524 12.610809 3.5582583
-7.8692451 12.607932 2.8038576
-8.762784 12.605947 2.5074389
-9.7168627 12.605974 2.190767
-10.731637 12.603776 1.8644075
-7.8638177 12.595318 1.2947905
-8.7476511 12.592671 0.95266402
-9.7079592 12.59715 0.594769
-10.737171 12.615607 0.2085295
-7.8764005 12.615585 -0.18419169
-8.7526884 12.594083 -0.57354301
-9.704978 12.597953 -0.98942828
-10.733691 12.60432 -1.4499878
-7.8583956 12.604621 -1.6727186
-8.7535906 12.601048 -2.1165271
-9.7076149 12.594151 -2.5908675
-10.749049 12.619246 -3.1288619
-7.8712525 12.601548 -3.1903222
-8.7298727 12.57878 -3.6877615
-9.7237606 12.610571 -4.2603807
-11.073289 12.997413 -5.0221038
-8.0543613 12.901062 -4.8923583
-9.25455 13.321249 -5.670136
-11.22554 14.579064 -6.9416809
-21.225077 24.903986 -13.279746
-9.6202736 12.644317 5.5454636
-10.598845 12.599125 5.2868247
-7.7643733 12.598533 4.3508906
-8.6380539 12.597898 4.081286
-9.5971851 12.609983 3.821301
-10.604945 12.608701 3.5392361
-7.7662377 12.614564 2.7946823
-8.6550817 12.615476 2.4987237
-9.5993385 12.612813 2.1816781
-10.601536 12.606881 1.8552092
-7.7555642 12.593285 1.2896651
-8.6391449 12.600784 0.94924957
-9.5739594 12.582197 0.59127825
-10.604353 12.615573 0.2074495
-7.766789 12.611626 -0.18343461
-8.6440296 12.602039 -0.57147914
-9.5899734 12.607934 -0.98557222
-10.605457 12.609671 -1.44309
-7.7484465 12.599818 -1.6657405
-8.6351891 12.59484 -2.106545
-9.5865126 12.596135 -2.5791259
-10.599225 12.599151 -3.1076949
-7.7694597 12.61013 -3.1803656
-8.6322374 12.602489 -3.6791146
-9.594099 12.601563 -4.2373695
-10.911993 12.968448 -4.9849467
-7.9231882 12.866018 -4.8605413
-9.1207724 13.302142 -5.6380754
-11.034777 14.514691 -6.8786612
-21.176252 25.157763 -13.345531
-9.4671688 12.602815 5.5016813
-10.48154 12.616019 5.2668271
-7.6578207 12.598059 4.3344178
-8.5231419 12.59532 4.0634317
-9.4663877 12.597778 3.7999289
-10.477085 12.612988 3.5223279
-7.6566386 12.609195 2.7830319
-8.5219679 12.586311 2.4825432
-9.4521408 12.578818 2.165725
-10.468657 12.605078 1.8454561
-7.6541939 12.601201 1.2856419
-8.525795 12.600542 0.94527256
-9.464469 12.597969 0.58927917
-10.450303 12.588315 0.205943
-7.659493 12.61004 -0.18272452
-8.527916 12.59778 -0.56890237
-9.473238 12.61435 -0.98151129
-10.449046 12.579593 -1.432283
-7.6364613 12.590199 -1.6582427
-8.5211439 12.593494 -2.0975354
-9.4648733 12.595938 -2.5671456
-10.481387 12.615406 -3.0957825
-7.6538758 12.594931 -3.164628
-8.5201321 12.604011 -3.6642275
-9.461338 12.586677 -4.2127638
-10.7616 12.950183 -4.9524503
-7.8114681 12.860676 -4.8403249
-9.0028124 13.304406 -5.6155157
-10.85026 14.455231 -6.8188024
-21.121759 25.407841 -13.409187
-9.3478422 12.60428 5.4771781
-10.365784 12.6336 5.2475147
-7.5600166 12.610847 4.3227768
-8.4088173 12.592145 4.0456858
-9.3407574 12.590717 3.7804396
-10.340255 12.604815 3.5022619
-7.5426674 12.595059 2.7696447
-8.4151545 12.594327 2.4738932
-9.3458996 12.597649 2.1590531
-10.345259 12.613158 1.8373114
-7.5482793 12.600436 1.2808143
-8.4091444 12.593948 0.94088942
-9.3471241 12.602056 0.58677655
-10.34165 12.614125 0.20532322
-7.5561266 12.613651 -0.18210156
-8.4222708 12.607677 -0.56700486
-9.3334227 12.5883 -0.9750098
-10.347413 12.613908 -1.4289342
-7.54602 12.615003 -1.6553805
-8.4155483 12.603365 -2.0905392
-9.3568916 12.61264 -2.5588005
-10.345735 12.608735 -3.0785096
-7.5473814 12.593154 -3.1524861
-8.4114876 12.609362 -3.6507094
-9.3581362 12.609738 -4.2011843
-10.603342 12.920204 -4.9160118
-7.6824961 12.82504 -4.8090801
-8.8724194 13.286633 -5.5849299
-9.9256201 13.393777 -6.2892466
-12.582506 15.326112 -8.0475779
-9.2334661 12.611053 5.455399
-10.210845 12.601658 5.2081256
-7.4518881 12.605223 4.3050938
-8.3103142 12.611513 4.0354495
-9.226738 12.597838 3.7655077
-10.208075 12.600574 3.4836137
-7.4459863 12.608495 2.7625003
-8.3115921 12.606099 2.466141
-9.2279015 12.599426 2.1496129
-10.218412 12.615585 1.8284971
-7.4437838 12.600742 1.2761786
-8.303216 12.602056 0.93767118
-9.2209854 12.592749 0.58369774
-10.197239 12.594814 0.2039866
-7.4417357 12.597393 -0.18120423
-8.3013678 12.593303 -0.56405693
-9.2201309 12.596319 -0.97123075
-10.216117 12.610868 -1.4214619
-7.4385328 12.61031 -1.648744
-8.3001242 12.597193 -2.0810285
-9.2252913 12.59604 -2.5439003
-10.212972 12.603853 -3.0619593
-7.4405746 12.589492 -3.1400812
-8.3087015 12.622364 -3.6396446
-9.2360983 12.606197 -4.1810446
-10.44101 12.882791 -4.8773074
-7.5819955 12.835266 -4.7953792
-8.75772 13.290731 -5.5639601
-9.7966499 13.390731 -6.2594719
-12.139367 14.972741 -7.8227663
-9.1112471 12.605678 5.4287868
-10.078685 12.595782 5.1800404
-7.3444347 12.599298 4.2875981
-8.1941338 12.602837 4.0165091
-9.1183996 12.611525 3.7528045
-10.07812 12.597416 3.4655793
-7.3536544 12.628482 2.7569413
-8.1941557 12.595483 2.4541817
-9.1156101 12.607667 2.1414356
-10.086282 12.609873 1.8186648
-7.3509264 12.619742 1.2735107
-8.1926785 12.601919 0.93390304
-9.1061363 12.597341 0.58130968
-10.080047 12.607469 0.20318596
-7.3317494 12.586938 -0.18040331
-8.1836081 12.581992 -0.56129062
-9.1029291 12.597655 -0.96700901
-10.077985 12.597615 -1.4129711
-7.3211455 12.587163 -1.6398133
-8.1830473 12.586933 -2.0709999
-9.1001415 12.58645 -2.5306387
-10.085656 12.604062 -3.0469182
-7.3398056 12.594789 -3.13011
-8.1795816 12.593795 -3.6168666
-9.1161604 12.603992 -4.1616821
-10.302824 12.872967 -4.8495636
-7.4610004 12.809274 -4.7684746
-8.6408281 13.290114 -5.5414014
-9.6704493 13.38987 -6.2312145
-11.885414 14.844792 -7.717669
-9.0049601 12.621025 5.4114985
-9.9501333 12.592747 5.1535864
-7.2353559 12.589088 4.2689352
-8.0919838 12.614427 4.004303
-8.9847088 12.588586 3.7295029
-9.9522829 12.597813 3.4488235
-7.2383676 12.607766 2.742671
-8.0892544 12.602739 2.4458783
-8.988409 12.59377 2.1296673
-9.9635868 12.614386 1.8104639
-7.2297621 12.588704 1.265878
-8.0888443 12.610863 0.93087006
-8.9992332 12.611727 0.57941449
-9.9435873 12.594465 0.20198926
-7.2382565 12.603614 -0.18000238
-8.0936556 12.61234 -0.56041849
-8.9968395 12.613148 -0.96394259
-9.9430189 12.586456 -1.40485
-7.2285161 12.60524 -1.6363595
-8.0760956 12.590815 -2.063446
-8.9974957 12.606679 -2.5235581
-9.9517059 12.594297 -3.0297396
-7.2394638 12.599691 -3.1202302
-8.0788813 12.60743 -3.6064777
-8.9951897 12.598817 -4.1416707
-10.147696 12.839847 -4.8135381
-7.3442731 12.78866 -4.7439351
-8.5071535 13.261876 -5.5077581
-9.5497503 13.395152 -6.2062864
-11.627834 14.707138 -7.6088676
-8.8843679 12.615012 5.3854446
-9.8347292 12.604924 5.1337762
-7.1405778 12.602544 4.2585602
-7.9692612 12.592466 3.9817348
-8.8781748 12.602139 3.717309
-9.8417816 12.61632 3.4372928
-7.1226292 12.584376 2.7280242
-7.9807038 12.603065 2.4363923
-8.8718071 12.593101 2.1203084
-9.8294992 12.602842 1.8001169
-7.133245 12.599028 1.262491
-7.9690437 12.593457 0.92595845
-8.8818445 12.610151 0.57682747
-9.8084526 12.581269 0.20080861
-7.133821 12.600156 -0.17932448
-7.9841933 12.611342 -0.55818677
-8.8773613 12.608582 -0.95941257
-9.8236818 12.593489 -1.3988806
-7.1186228 12.592023 -1.6289425
-7.9811659 12.612443 -2.0589261
-8.8812046 12.606619 -2.5125902
-9.8213892 12.587386 -3.0135231
-7.1378999 12.601298 -3.1097231
-7.9753451 12.615587 -3.5947452
-8.8843489 12.606428 -4.1261744
-7.2317729 12.773619 -4.7218065
-8.3877888 13.254046 -5.4830284
-9.4205379 13.386933 -6.17558
-11.397245 14.598718 -7.5164533
-7.8968163 12.642984 5.6283693
-8.7724314 12.61985 5.36443
-9.7071295 12.600038 5.1074309
-7.044518 12.612823 4.2473474
-7.8650208 12.598161 3.9682007
-8.771019 12.613718 3.7047796
-9.7073402 12.602673 3.4172826
-7.0329428 12.605733 2.7232475
-7.8775764 12.610741 2.4284861
-8.7473211 12.579638 2.1089649
-9.6960039 12.590227 1.7897834
-7.0349412 12.605176 1.2587578
-7.8638716 12.597664 0.92270249
-8.7650928 12.608011 0.57425857
-9.7011042 12.602287 0.20019023
-7.0311852 12.598558 -0.17868437
-7.876255 12.61141 -0.55604023
-8.7626991 12.609385 -0.95536441
-9.6975994 12.5904 -1.3919015
-7.0187912 12.595207 -1.6237525
-7.8615799 12.593812 -2.0479715
-8.7621965 12.601211 -2.5007496
-9.7185555 12.614427 -3.0056634
-7.0426936 12.613067 -3.1019042
-7.8487945 12.585725 -3.5724459
-8.7520208 12.58191 -4.1004953
-9.8588009 12.793963 -4.7506218
-7.1213436 12.760564 -4.7007394
-8.2666245 13.241693 -5.4568324
-9.2972097 13.385434 -6.1484575
-11.211349 14.543705 -7.4525685
-7.7771001 12.623043 5.5981426
-8.6506548 12.60905 5.3371744
-9.584856 12.600495 5.0836811
-6.928165 12.585275 4.2236753
-7.7627459 12.605869 3.9555509
-8.6488724 12.602334 3.6857796
-9.581419 12.598346 3.4001036
-6.9255095 12.594178 2.71152
-7.7496819 12.577097 2.4128044
-8.6386118 12.587384 2.1013374
-9.596653 12.620662 1.7857053
-6.9337516 12.604996 1.2544676
-7.7583861 12.600141 0.91937977
-8.647212 12.602742 0.57159108
-9.5760794 12.599061 0.19920182
-6.9361925 12.609547 -0.17823324
-7.7662811 12.606836 -0.55372703
-8.6525984 12.615433 -0.95178211
-9.5826645 12.600358 -1.3864759
-6.9191556 12.59758 -1.6185546
-7.7703638 12.619411 -2.0443425
-8.6403913 12.590158 -2.4879875
-9.5825996 12.597086 -2.9874654
-6.9374142 12.605612 -3.0895443
-7.7492614 12.597623 -3.562259
-8.6531267 12.604018 -4.0903187
-7.0114322 12.746789 -4.679728
-8.1386061 13.216472 -5.4257574
-9.1753635 13.384552 -6.1220756
-11.028211 14.489131 -7.3897896
-7.6746325 12.629601 5.5800619
-8.5415306 12.61523 5.3175058
-9.4692812 12.608367 5.0633197
-6.8433986 12.613883 4.2191043
-7.6558094 12.604788 3.940397
-8.5421829 12.612047 3.6732221
-9.470459 12.612316 3.3881269
-6.8246627 12.593184 2.702239
-7.6544123 12.594874 2.4071591
-8.5301714 12.594314 2.0937173
-9.4651861 12.607585 1.7756041
-6.8331232 12.604592 1.2502311
-7.6507959 12.597896 0.91577333
-8.5351553 12.604519 0.56928563
-9.4663286 12.614586 0.19852518
-6.8298693 12.598704 -0.17748426
-7.6624689 12.610949 -0.5518322
-8.5327282 12.605797 -0.94708711
-9.4533453 12.589899 -1.3789165
-6.8277655 12.614004 -1.6152517
-7.6556978 12.605783 -2.0344863
-8.5363178 12.603576 -2.4802415
-9.4676638 12.60577 -2.9756913
-6.8355093 12.602904 -3.0785429
-7.6391606 12.591109 -3.5470955
-8.5392942 12.603251 -4.0729895
-9.5790815 12.75161 -4.6908903
-6.8925891 12.714864 -4.6523929
-8.0183277 13.2019 -5.3994746
-9.0473089 13.372968 -6.0912695
-10.854402 14.443821 -7.3325725
-7.5601544 12.614985 5.5530038
-8.4276323 12.613027 5.2946801
-9.3542843 12.615719 5.0431271
-6.7364435 12.600583 4.2007518
-7.5487084 12.602085 3.9249985
-8.4249382 12.604831 3.6559954
-9.3370266 12.594829 3.3679752
-6.7296772 12.601892 2.6951959
-7.5604262 12.613972 2.4018979
-8.4330626 12.616986 2.088845
-9.3368845 12.596935 1.7660023
-6.733582 12.604965 1.2461464
-7.5498071 12.60529 0.91292614
-8.4158058 12.594021 0.56646866
-9.3439636 12.611985 0.19757821
-6.7337856 12.605462 -0.17699404
-7.5590382 12.614493 -0.54994732
-8.4331179 12.624828 -0.94461149
-9.3375797 12.595952 -1.3732784
-6.7205133 12.59993 -1.6081386
-7.5561824 12.61575 -2.028574
-8.4186192 12.595565 -2.4684536
-9.343112 12.600205 -2.960789
-6.7376003 12.606346 -3.069227
-7.5486798 12.615885 -3.5409601
-8.4160652 12.587008 -4.0509748
-9.4517965 12.744264 -4.6667647
-6.7849712 12.701746 -4.6322722
-7.9054565 13.197904 -5.3778996
-8.9347525 13.382797 -6.0706611
-10.682183 14.397752 -7.2757745
-7.4555602 12.615368 5.5329304
-8.3084993 12.601433 5.2683134
-9.2307186 12.610065 5.0181308
-6.6458664 12.616745 4.1924658
-7.4349656 12.586756 3.9059412
-8.3122272 12.602903 3.640574
-9.2261887 12.606272 3.3558333
-6.6196003 12.580931 2.6819758
-7.4432111 12.593 2.3891628
-8.3037281 12.590016 2.0759053
-9.2075691 12.583136 1.756114
-6.6330214 12.602172 1.2418232
-7.4481463 12.61045 0.90997279
-8.3083248 12.599854 0.56442738
-9.2065105 12.587197 0.19630119
-6.6348553 12.605774 -0.17642348
-7.4466295 12.601637 -0.54738444
-8.3050537 12.599809 -0.93890893
-9.2370186 12.621449 -1.3698528
-6.6122971 12.582364 -1.6006881
-7.4427261 12.601088 -2.0188348
-8.3036251 12.59005 -2.457341
-9.2180262 12.592278 -2.94558
-6.6357055 12.601082 -3.0579748
-7.4417586 12.612191 -3.5270405
-8.3014469 12.581988 -4.0328898
-9.3151388 12.72242 -4.6377478
-6.6894088 12.709892 -4.6201873
-7.7950506 13.1966 -5.3577776
-8.8107958 13.374112 -6.0420842
-10.568916 14.429274 -7.2587948
-7.3591909 12.628572 5.5188131
-8.2100573 12.619951 5.2548952
-9.1050615 12.599891 4.9917555
-6.5343466 12.591805 4.1707768
-7.3436418 12.608184 3.8985343
-8.2006788 12.601328 3.625515
-9.1011267 12.596849 3.3383961
-6.5305071 12.598599 2.6771495
-7.3512254 12.613424 2.3844349
-8.1935902 12.590435 2.0676455
-9.0979347 12.594748 1.7499106
-6.5356221 12.604164 1.2380445
-7.3388047 12.601268 0.90604371
-8.1986647 12.601118 0.5622198
-9.0878849 12.586366 0.1954149
-6.5311995 12.595751 -0.17571902
-7.338284 12.594089 -0.54509044
-8.1931543 12.59759 -0.93497974
-9.09272 12.585587 -1.3598799
-6.5261822 12.605727 -1.5985359
-7.351388 12.622686 -2.0150304
-8.2009611 12.601952 -2.449796
-9.110074 12.606379 -2.9357469
-6.5379477 12.602398 -3.0485015
-7.3259883 12.591883 -3.5087242
-8.2034502 12.600986 -4.022769
-9.1839094 12.706023 -4.6111417
-6.5893741 12.708419 -4.604867
-7.6665177 13.162777 -5.3248463
-8.6886625 13.366534 -6.014461
-10.404246 14.388836 -7.2062011
-7.2496266 12.617902 5.494607
-8.0982122 12.616714 5.232759
-8.9912357 12.604574 4.9716597
-6.4495897 12.617242 4.1660156
-7.24158 12.610236 3.8853562
-8.087966 12.596529 3.6097882
-8.981863 12.593848 3.322932
-6.4368134 12.606573 2.6704009
-7.2422924 12.603646 2.3741412
-8.0957651 12.608675 2.0624442
-8.999445 12.620829 1.7458292
-6.4371376 12.602859 1.2340136
-7.237103 12.603838 0.90301865
-8.0892515 12.601432 0.56000865
-8.9922314 12.61628 0.19501901
-6.4351668 12.599128 -0.17521197
-7.2400579 12.602645 -0.54352784
-8.0907421 12.608726 -0.93210405
-8.9868221 12.601176 -1.3555804
-6.4198899 12.589016 -1.5913914
-7.2417603 12.611762 -2.0061553
-8.0950766 12.607788 -2.4412291
-8.9958811 12.610633 -2.9238284
-6.4401479 12.602456 -3.0388992
-7.2332454 12.609851 -3.5012975
-8.0989742 12.609045 -4.0094013
-9.0472879 12.680164 -4.5815244
-6.4623613 12.652847 -4.5702767
-7.5500765 13.147695 -5.2999043
-8.5901718 13.394162 -6.0030622
-10.265608 14.382137 -7.171165
-7.151329 12.625533 5.4787188
-7.989325 12.616706 5.2123251
-8.8842278 12.617605 4.9552054
-6.3400545 12.593027 4.1450968
-7.1270046 12.588964 3.8652551
-7.9799752 12.597694 3.5960221
-8.8725195 12.602669 3.3079593
-6.3417692 12.610892 2.663023
-7.137506 12.599628 2.3650901
-7.9829078 12.602324 2.0533545
-8.8749142 12.609148 1.7366477
-6.3312621 12.585617 1.2284982
-7.133028 12.601012 0.89966327
-7.9803805 12.601252 0.557814
-8.8745031 12.604744 0.18735258
-6.3432508 12.609575 -0.17602423
-7.1296754 12.58871 -0.54615998
-7.9732709 12.595021 -0.93003863
-8.8693151 12.599234 -1.3494916
-6.3349547 12.613101 -1.5894923
-7.1346116 12.603621 -1.9951303
-7.9901075 12.613876 -2.4416168
-8.870677 12.597914 -2.9111459
-6.3417559 12.600123 -3.0287156
-7.1310487 12.610339 -3.4919872
-7.9760256 12.586813 -3.9879472
-8.932785 12.678828 -4.5632195
-6.3630595 12.646076 -4.5487313
-7.4346595 13.132654 -5.2676549
-8.4568682 13.36608 -5.9658895
-10.132123 14.380922 -7.1443262
-7.0467625 12.620884 5.4578352
-7.8736544 12.60449 5.1872211
-8.7506304 12.591287 4.9236903
-6.2410979 12.58819 4.1308217
-7.0268483 12.591641 3.8527665
-7.8804388 12.611074 3.5859714
-8.7553139 12.599726 3.2930238
-6.2361097 12.592701 2.6510513
-7.0360155 12.600125 2.3570349
-7.8756375 12.603391 2.0456159
-8.747076 12.590958 1.7267177
-6.2475276 12.611327 1.2272428
-7.0325408 12.603261 0.89672613
-7.8772001 12.608828 0.55599934
-8.7626038 12.609472 0.18662018
-6.2476544 12.611712 -0.17551558
-7.0339856 12.599419 -0.54474181
-7.8704162 12.602997 -0.92704397
-8.7625513 12.611264 -1.3449959
-6.2367063 12.609808 -1.5842249
-7.0267496 12.592691 -1.9865377
-7.8720188 12.597787 -2.429107
-8.7573433 12.600499 -2.8992717
-6.239521 12.588758 -3.0167239
-7.0267906 12.605872 -3.4787447
-7.8818707 12.608676 -3.9794767
-8.8024254 12.658055 -4.5362186
-6.2647529 12.643324 -4.5338287
-7.3186092 13.114715 -5.2423482
-8.3443193 13.369051 -5.9442501
-9.9949646 14.372751 -7.1096649
-6.9461193 12.621964 5.4397678
-7.7766967 12.620967 5.1742673
-8.6383028 12.593856 4.9038758
-6.1556234 12.609621 4.1253819
-6.9256396 12.591216 3.8395617
-7.7677078 12.602079 3.5697935
-8.6307869 12.584603 3.2751689
-6.151865 12.61666 2.6480987
-6.9351482 12.600505 2.3491013
-7.7569833 12.58468 2.0348153
-8.6414127 12.603196 1.7210923
-6.1526332 12.613762 1.2237828
-6.939363 12.617604 0.89470023
-7.765305 12.601134 0.55354857
-8.6355352 12.590781 0.18555582
-6.1405139 12.589045 -0.17467248
-6.9330573 12.599657 -0.54290259
-7.7659822 12.607293 -0.92383748
-8.638361 12.596775 -1.3377724
-6.1338992 12.595841 -1.5777121
-6.9343181 12.608239 -1.9822408
-7.7681208 12.602938 -2.4208636
-8.6474237 12.606703 -2.8884358
-6.1605644 12.623536 -3.0159428
-6.9157343 12.587637 -3.4619372
-7.7655845 12.593922 -3.9597068
-8.6688747 12.630647 -4.5072498
-6.1668534 12.640116 -4.5190244
-7.2163396 13.119992 -5.2266588
-8.2341928 13.374619 -5.92415
-9.8776503 14.391648 -7.0888982
-6.8362188 12.604751 5.4141698
-7.6661811 12.614264 5.1521368
-8.5345783 12.60779 4.8888178
-6.0559049 12.600896 4.1102929
-6.8305459 12.600813 3.8296351
-7.6659584 12.60957 3.5585237
-8.5323973 12.606284 3.2671244
-6.0567555 12.617548 2.6404347
-6.8459845 12.621221 2.3450878
-7.6615291 12.602283 2.0300224
-8.540926 12.622004 1.7164716
-6.0549445 12.60926 1.2197186
-6.830009 12.601264 0.89055318
-7.6570702 12.59792 0.55133307
-8.532917 12.606301 0.18500945
-6.0475078 12.593904 -0.17422177
-6.828608 12.592157 -0.54076385
-7.6563811 12.601877 -0.91998065
-8.5210066 12.590589 -1.3315377
-6.0300846 12.578149 -1.5708319
-6.8380203 12.615859 -1.9768049
-7.66327 12.605338 -2.4122469
-8.5230455 12.590302 -2.8726416
-6.0496702 12.591743 -2.9994218
-6.8311152 12.616442 -3.4582663
-7.665102 12.603415 -3.9478292
-8.5587387 12.635661 -4.4902134
-6.0616107 12.620319 -4.4985647
-7.0958462 13.090502 -5.1974673
-8.1147833 13.363646 -5.8971233
-9.7497129 14.393751 -7.0603333
-6.7364359 12.60471 5.3962955
-7.5556378 12.60601 5.1297331
-8.4174423 12.600619 4.8659177
-5.9628038 12.604694 4.0995202
-6.724844 12.589589 3.8136113
-7.5610242 12.610639 3.5456657
-8.4215183 12.608445 3.2542307
-5.9535894 12.600226 2.6291158
-6.7392359 12.608401 2.3349783
-7.5598593 12.608696 2.0235448
-8.4116821 12.596846 1.7059991
-5.9568624 12.602595 1.2155154
-6.7431316 12.625281 0.88930964
-7.5566082 12.606265 0.54965872
-8.4169188 12.600803 0.18416734
-5.9620376 12.613676 -0.17398593
-6.7340617 12.60172 -0.53938985
-7.5499744 12.600314 -0.91646755
-8.4174252 12.603456 -1.3274112
-5.9422774 12.592628 -1.5680568
-6.731266 12.602878 -1.9682618
-7.5529661 12.597389 -2.4018118
-8.4193316 12.602984 -2.8636944
-5.967236 12.617929 -2.9968812
-6.7212248 12.597488 -3.4417014
-7.5513053 12.589659 -3.9289329
-8.4264679 12.606286 -4.4613171
-5.9662519 12.61961 -4.485178
-6.9848022 13.076528 -5.1748052
-8.0093327 13.37428 -5.8800182
-9.6355085 14.414851 -7.0415492
-6.638072 12.606124 5.3793626
-7.4541907 12.611604 5.1133003
-8.3212528 12.623638 4.8549981
-5.8701706 12.608439 4.0889463
-6.6371536 12.611016 3.8076935
-7.4505229 12.601015 3.5300395
-8.3081064 12.605429 3.2402337
-5.8632388 12.608726 2.623333
-6.6329079 12.594758 2.3248708
-7.4546509 12.607997 2.0160537
-8.2948427 12.588446 1.6979365
-5.863471 12.604619 1.2122176
-6.6345825 12.607596 0.88517976
-7.4535174 12.609091 0.54777747
-8.3110332 12.60911 0.18353993
-5.8627415 12.603185 -0.17334175
-6.6470876 12.624712 -0.53861809
-7.4516988 12.611169 -0.91391414
-8.3031702 12.599083 -1.3215599
-5.8473225 12.591005 -1.5633578
-6.6358643 12.609842 -1.9629537
-7.4588418 12.615277 -2.3964512
-8.309001 12.604587 -2.8524203
-5.8600874 12.59068 -2.9818127
-6.6232138 12.599328 -3.4310362
-7.4489436 12.593539 -3.9158061
-8.3379717 12.641097 -4.4554467
-5.8736382 12.623594 -4.4737005
-6.8728428 13.059113 -5.1511278
-7.8937464 13.366662 -5.8552637
-9.5172815 14.428831 -7.0197191
-6.5450373 12.616622 5.3666039
-7.3450751 12.602898 5.0914021
-8.1886587 12.589929 4.822618
-5.7681456 12.590632 4.0716166
-6.5292583 12.59289 3.7900531
-7.3498783 12.606725 3.5189388
-8.1960745 12.603072 3.2266397
-5.7694235 12.608756 2.6159244
-6.535924 12.597475 2.3179262
-7.3460975 12.600239 2.0075676
-8.1923857 12.600562 1.6927587
-5.7732329 12.612425 1.2095386
-6.535152 12.605734 0.88221705
-7.3429899 12.597939 0.54532534
-8.2046728 12.615524 0.18289708
-5.7651982 12.594998 -0.17273937
-6.5431409 12.614446 -0.53645706
-7.34694 12.609906 -0.91053855
-8.1948967 12.602411 -1.3166097
-5.7672715 12.620774 -1.5626307
-6.5371361 12.60937 -1.9565991
-7.339715 12.589485 -2.3829513
-8.2031708 12.611774 -2.8426025
-5.7688513 12.596114 -2.9746604
-6.5253563 12.600284 -3.4203291
-7.358882 12.61732 -3.9090867
-8.2174749 12.626288 -4.432373
-5.7830043 12.630858 -4.4636149
-6.7562146 13.03089 -5.1235466
-7.7825737 13.365032 -5.8335214
-9.4027548 14.447295 -7.0005007
-5.7003269 12.652307 5.6422811
-6.4532299 12.62862 5.3547635
-7.2414374 12.602187 5.0730686
-8.0867023 12.601677 4.8080206
-5.6853046 12.613631 4.067697
-6.4326158 12.595022 3.7787442
-7.2408609 12.596742 3.503684
-8.0820036 12.596105 3.2120993
-5.6693482 12.593717 2.6055379
-6.4425402 12.606106 2.312197
-7.2441306 12.60243 2.0007968
-8.0776424 12.592485 1.6849834
-5.6754251 12.60251 1.2052255
-6.4371219 12.605337 0.8794083
-7.2576194 12.628955 0.54472995
-8.0855846 12.600914 0.18196255
-5.6760688 12.604072 -0.17238291
-6.4450512 12.614106 -0.53475076
-7.2407346 12.604796 -0.90694439
-8.0933504 12.614948 -1.3127066
-5.6557736 12.580409 -1.5533067
-6.4368315 12.604568 -1.9496887
-7.2467594 12.607198 -2.3778427
-8.083724 12.596566 -2.8279419
-5.6837692 12.614219 -2.970644
-6.4277382 12.600524 -3.4096239
-7.2461181 12.601012 -3.8901856
-8.0995646 12.613741 -4.4104385
-5.6850028 12.620836 -4.4476628
-6.6614347 13.043317 -5.1122661
-7.6708479 13.361016 -5.8111153
-9.3001356 14.483233 -6.9901319
-5.6099052 12.658431 5.6295557
-6.3422904 12.601754 5.3267703
-7.1451802 12.613204 5.0597591
-7.9833903 12.610248 4.7925105
-5.5838466 12.594249 4.0503206
-6.3416171 12.607227 3.7706604
-7.143002 12.60488 3.4936917
-7.9715276 12.593269 3.1988428
-5.582572 12.607043 2.6011593
-6.3324966 12.580688 2.3003647
-7.1438951 12.606457 1.9944392
-7.9855561 12.618634 1.6818942
-5.5794787 12.595308 1.2012399
-6.3313584 12.588336 0.87549543
-7.140471 12.60349 0.54173154
-7.9761667 12.599822 0.18123662
-5.5834789 12.604471 -0.17191656
-6.3437057 12.606071 -0.53274989
-7.1352849 12.599595 -0.90340286
-7.9772959 12.603546 -1.306402
-5.5656114 12.585786 -1.5497248
-6.3288803 12.583207 -1.9403411
-7.1462274 12.610768 -2.3702011
-7.9821639 12.607839 -2.8194234
-5.5842056 12.599091 -2.9589562
-6.3384109 12.616059 -3.4032397
-7.1389418 12.592808 -3.8740566
-7.9897609 12.612285 -4.392705
-5.5849996 12.604801 -4.4298515
-6.5581036 13.037876 -5.094265
-7.5621986 13.360971 -5.7908058
-9.1741629 14.481731 -6.9621072
-5.4999123 12.618694 5.5967698
-6.2510772 12.612647 5.3150611
-7.0371032 12.602101 5.037889
-7.8735967 12.607327 4.7729497
-5.4949422 12.601849 4.0418458
-6.2491813 12.615701 3.7616553
-7.0443325 12.610527 3.483211
-7.8718328 12.606268 3.1898155
-5.4870429 12.59957 2.5926218
-6.2454042 12.599578 2.2967682
-7.0468473 12.615029 1.9889175
-7.8526144 12.57871 1.670119
-5.4923105 12.606854 1.1991045
-6.2353158 12.589227 0.87288004
-7.0401049 12.606057 0.53997505
-7.8775873 12.614708 0.18075207
-5.4942846 12.611521 -0.17154966
-6.2335558 12.578811 -0.52997142
-7.041379 12.613651 -0.90129584
-7.8677988 12.600986 -1.301108
-5.4768996 12.593529 -1.5465111
-6.2511005 12.620892 -1.940201
-7.0354109 12.59476 -2.3590343
-7.8710771 12.602818 -2.8074474
-5.4907451 12.596297 -2.9503322
-6.2382803 12.609034 -3.3909547
-7.0440884 12.605148 -3.8644831
-7.8815274 12.611953 -4.3756633
-5.4891062 12.596497 -4.4150128
-6.4422393 13.005714 -5.0661578
-7.4506302 13.354344 -5.7680106
-9.0769415 14.524643 -6.9558301
-5.4133959 12.631237 5.5874953
-6.1573219 12.617472 5.3010731
-6.9437232 12.616114 5.0263634
-7.7663331 12.607095 4.7547312
-5.4072967 12.611494 4.0342216
-6.1414847 12.591949 3.7432666
-6.9459939 12.615682 3.4727969
-7.7570896 12.593865 3.1745739
-5.3918462 12.591471 2.5840991
-6.1541901 12.609414 2.2916343
-6.9349499 12.595622 1.9791116
-7.7613168 12.603971 1.6671187
-5.3971291 12.598943 1.1951796
-6.1472497 12.605303 0.87136298
-6.9330659 12.595322 0.53768283
-7.7610974 12.599591 0.17984971
-5.3996043 12.604857 -0.17100513
-6.1524901 12.609103 -0.52964717
-6.9350376 12.604251 -0.89756668
-7.7628326 12.604374 -1.2965151
-5.3826733 12.587491 -1.5416847
-6.1433854 12.597173 -1.9307234
-6.9360371 12.597803 -2.3515885
-7.7714834 12.614978 -2.7994809
-5.4024501 12.604316 -2.9443908
-6.1421723 12.608844 -3.3807042
-6.9381666 12.596491 -3.8487046
-7.7761011 12.614829 -4.3600245
-5.4082279 12.621809 -4.4121704
-6.3432136 13.005831 -5.0509472
-7.3311052 13.331717 -5.7387004
-8.9837065 14.573665 -6.9527774
-5.3211765 12.629532 5.5721927
-6.0596404 12.613082 5.2835078
-6.8402925 12.610754 5.007412
-7.6545033 12.598014 4.7335029
-5.3188105 12.618336 4.0258942
-6.0524969 12.605217 3.7361004
-6.8384633 12.602794 3.457633
-7.6639566 12.615362 3.1680789
-5.2989001 12.587298 2.5765212
-6.0533319 12.598295 2.2828202
-6.8431821 12.61149 1.9749697
-7.6438546 12.585532 1.6584446
-5.3072171 12.60213 1.1923703
-6.0531864 12.608202 0.86897951
-6.8306274 12.591496 0.53572017
-7.6588826 12.606223 0.17927018
-5.3109288 12.611083 -0.17064424
-6.0547342 12.604417 -0.52787977
-6.8419423 12.617751 -0.89552152
-7.6602578 12.610458 -1.2922819
-5.3045197 12.618339 -1.5414474
-6.052639 12.606854 -1.9264789
-6.846384 12.617599 -2.3473976
-7.6541276 12.596915 -2.7849975
-5.3135753 12.610092 -2.9380682
-6.0454822 12.606241 -3.3699973
-6.8372993 12.595634 -3.835552
-7.6679049 12.611897 -4.3426681
-5.3237457 12.638295 -4.4064317
-6.2411442 12.998381 -5.0330863
-7.2245078 13.330952 -5.7191806
-8.8736439 14.594842 -6.9367743
-5.2244849 12.615828 5.5518985
-5.9574037 12.597723 5.261663
-6.7387848 12.607587 4.9896412
-7.5432811 12.588373 4.7124009
-5.2246547 12.610594 4.0131202
-5.9612722 12.61299 3.7274926
-6.7339196 12.593861 3.4437814
-7.5464363 12.595438 3.1513875
-5.2151914 12.604168 2.5733757
-5.9513721 12.583306 2.2734444
-6.742219 12.609383 1.968124
-7.5501971 12.605 1.6548741
-5.2189946 12.608374 1.1899086
-5.9588261 12.609379 0.86652428
-6.7439303 12.615758 0.53498179
-7.5539665 12.607216 0.17862178
-5.2119346 12.591456 -0.16994275
-5.9645748 12.614458 -0.52675766
-6.7314496 12.597843 -0.89116031
-7.544188 12.592878 -1.2857124
-5.2132955 12.61749 -1.537407
-5.9557452 12.60265 -1.9202156
-6.7390447 12.603655 -2.3370664
-7.5535364 12.605005 -2.7764866
-5.2214303 12.607035 -2.929836
-5.9525676 12.610367 -3.3612728
-6.7386551 12.59766 -3.8235059
-7.5656819 12.617528 -4.3285403
-5.2257638 12.62161 -4.3893514
-6.1277909 12.965595 -5.0057383
-7.1117344 13.31728 -5.6944866
-8.7649059 14.617298 -6.9217553
-5.1355247 12.619505 5.5395446
-5.8701396 12.612867 5.2528453
-6.638195 12.60482 4.972333
-7.4544106 12.614983 4.7051506
-5.1321683 12.605546 4.0014172
-5.8644824 12.607869 3.7152746
-6.6375132 12.598868 3.4339492
-7.4494472 12.608395 3.1431332
-5.1299267 12.616677 2.5694547
-5.8726826 12.616649 2.2729151
-6.6425328 12.608397 1.9615716
-7.4405632 12.596663 1.6477545
-5.1205149 12.588488 1.1850444
-5.8598819 12.599558 0.86336219
-6.6376181 12.602266 0.53267246
-7.4496303 12.607908 0.17798062
-5.1239786 12.597145 -0.16959198
-5.86795 12.609742 -0.52504736
-6.6226549 12.579327 -0.88695914
-7.436234 12.587231 -1.280453
-5.1170063 12.603007 -1.5317879
-5.8627076 12.605422 -1.9151208
-6.6381531 12.600288 -2.3288457
-7.4475441 12.602876 -2.7658999
-5.1292992 12.602774 -2.9214766
-5.8548422 12.603092 -3.3496945
-6.651485 12.620281 -3.8179123
-7.4576359 12.612159 -4.3109188
-5.1262722 12.599492 -4.3706384
-6.0354886 12.975794 -4.9952841
-7.0084462 13.319918 -5.6771193
-8.6542778 14.635673 -6.90518
-5.0473695 12.6242 5.5279064
-5.7705874 12.6005 5.2328496
-6.5363069 12.598244 4.953824
-7.3479486 12.610849 4.6867046
-5.0423069 12.605748 3.991585
-5.7747884 12.616911 3.7074275
-6.5507812 12.621437 3.4290802
-7.3524318 12.620377 3.1348145
-5.0357566 12.606213 2.5609825
-5.7797127 12.618725 2.2668574
-6.537024 12.594932 1.9531994
-7.3381739 12.599231 1.6421695
-5.0400643 12.611882 1.1843131
-5.7701745 12.608423 0.86152738
-6.5404863 12.604828 0.53107446
-7.3417649 12.601266 0.17724755
-5.0408101 12.613892 -0.16939783
-5.7715878 12.60428 -0.52333552
-6.5391059 12.607697 -0.88611376
-7.3465476 12.611485 -1.2783105
-5.0249624 12.597523 -1.5273449
-5.7637296 12.594131 -1.9079964
-6.5393901 12.599695 -2.3212762
-7.3445845 12.604592 -2.7563338
-5.0401874 12.604785 -2.9147186
-5.7628202 12.606883 -3.3412411
-6.5381799 12.592017 -3.7971537
-7.3457537 12.598759 -4.2908511
-5.0398674 12.608196 -4.3628483
-5.9252696 12.945972 -4.9697127
-6.9008493 13.313021 -5.6560259
-7.8211036 13.413836 -6.3059506
-4.9565177 12.621076 5.5131173
-5.6925249 12.634254 5.2322631
-6.4461155 12.613131 4.9440322
-7.2465281 12.614088 4.6712961
-4.9584861 12.620216 3.9864571
-5.6778998 12.609103 3.6948261
-6.4434872 12.60325 3.4133329
-7.2403526 12.605184 3.1199467
-4.9446168 12.601968 2.5539086
-5.6772203 12.598569 2.2569363
-6.453084 12.622022 1.9512233
-7.2380748 12.60457 1.637046
-4.9516668 12.614758 1.1817076
-5.6805882 12.616687 0.85969418
-6.4393754 12.59846 0.52913141
-7.2464199 12.614938 0.17681111
-4.9452167 12.59847 -0.16878004
-5.6767902 12.600948 -0.52174103
-6.4343028 12.594108 -0.88236713
-7.2328601 12.593355 -1.2719505
-4.9394736 12.607453 -1.5248455
-5.6764116 12.607198 -1.9046633
-6.4429483 12.602404 -2.3144481
-7.2485371 12.617099 -2.7492909
-4.9462166 12.593376 -2.9050078
-5.6640511 12.59463 -3.3287196
-6.4501486 12.611079 -3.7908959
-7.2464309 12.605534 -4.277935
-4.950037 12.60737 -4.3519702
-5.8207946 12.926726 -4.9485207
-6.7918425 13.301862 -5.6334734
-7.7003818 13.395005 -6.2747674
-4.8681407 12.623134 5.5008645
-5.5910001 12.61503 5.2099962
-6.3517437 12.618956 4.9309454
-7.1440539 12.614281 4.655046
-4.8582706 12.591607 3.9679289
-5.5873218 12.61412 3.6861811
-6.3531833 12.617029 3.4064426
-7.1442952 12.616566 3.1118548
-4.8522043 12.593153 2.5460403
-5.5872021 12.604723 2.2518547
-6.34829 12.607312 1.942891
-7.1319108 12.598064 1.6304868
-4.8548741 12.594837 1.1770289
-5.5966387 12.636791 0.8587079
-6.3481169 12.610253 0.5279808
-7.1445007 12.616115 0.17620985
-4.864255 12.619322 -0.16749555
-5.5886784 12.611423 -0.5158537
-6.3402858 12.600323 -0.87761712
-7.1221566 12.578694 -1.2599339
-4.8412781 12.583603 -1.5215191
-5.5883317 12.61782 -1.9044635
-6.3467646 12.604491 -2.2993681
-7.1341939 12.596381 -2.7324226
-4.8590927 12.598182 -2.8993573
-5.5709691 12.59366 -3.3167343
-6.3457818 12.597089 -3.7737291
-7.1397743 12.603458 -4.2604561
-4.8530798 12.590902 -4.340661
-5.7289572 12.934178 -4.9450393
-6.6909599 13.305234 -5.6185546
-7.5888019 13.390399 -6.2463918
-4.7706347 12.600049 5.4779453
-5.4895577 12.594193 5.1873813
-6.2530794 12.615092 4.9143505
-7.0402784 12.610874 4.6377597
-4.781261 12.622085 3.9682133
-5.481463 12.583076 3.6672111
-6.2436714 12.591291 3.3890867
-7.0254083 12.586106 3.0936515
-4.7716265 12.614187 2.5443256
-5.4910913 12.595952 2.2442262
-6.2539377 12.611996 1.9376625
-7.0332327 12.60352 1.625577
-4.7626801 12.585221 1.1733772
-5.4851031 12.593082 0.85343456
-6.2468095 12.600933 0.52597582
-7.0267467 12.587686 0.17520727
-4.7703204 12.605562 -0.16692126
-5.4959073 12.610409 -0.51442313
-6.2450037 12.602967 -0.87511599
-7.0299907 12.595551 -1.257278
-4.7698321 12.628579 -1.5233897
-5.4978037 12.62202 -1.8999701
-6.2431278 12.590406 -2.2897673
-7.0378385 12.606009 -2.7250924
-4.7692618 12.594913 -2.8918157
-5.4833412 12.604047 -3.3105464
-6.2597594 12.618437 -3.7685466
-7.0333543 12.595183 -4.24299
-4.7681236 12.600337 -4.333746
-5.62849 12.920883 -4.9266596
-6.5801158 13.287319 -5.5938349
-7.4777842 13.385315 -6.2224994
-4.6918368 12.625328 5.476316
-5.4052949 12.611579 5.1807842
-6.1504292 12.601739 4.8943543
-6.9316177 12.597226 4.617012
-4.6850901 12.601068 3.9524937
-5.3998656 12.606468 3.6643031
-6.1568108 12.609941 3.3838737
-6.9288011 12.593992 3.0850816
-4.6699181 12.577995 2.5311983
-5.4072962 12.614467 2.2415712
-6.1529179 12.601968 1.930285
-6.9291968 12.598131 1.6193676
-4.6786084 12.596008 1.1716843
-5.3969517 12.601335 0.85173357
-6.1474414 12.594094 0.52410603
-6.9309173 12.597013 0.17474185
-4.6758304 12.588681 -0.16631469
-5.3968806 12.593614 -0.51237744
-6.1413307 12.587291 -0.87139457
-6.9354453 12.607313 -1.2541807
-4.6736093 12.607311 -1.5173362
-5.3904958 12.586037 -1.8895392
-6.1545262 12.605474 -2.2855966
-6.9357705 12.604268 -2.7154653
-4.6880021 12.613475 -2.8894184
-5.3866057 12.592347 -3.2987301
-6.159451 12.610002 -3.7546692
-6.9369507 12.603602 -4.2314076
-4.6826339 12.607583 -4.3262744
-5.5262542 12.901832 -4.906374
-6.4781117 13.285708 -5.5763173
-7.3700042 13.384621 -6.2010369
-4.6068163 12.633409 5.4674573
-5.3181276 12.621531 5.1713696
-6.05758 12.607167 4.8819346
-6.8327518 12.599985 4.6025701
-4.5961027 12.597837 3.9425602
-5.302794 12.592773 3.6507959
-6.0598931 12.607061 3.3730595
-6.821558 12.58124 3.0716465
-4.5925364 12.606093 2.5311339
-5.3125677 12.606532 2.2343266
-6.0453563 12.576818 1.920715
-6.8344712 12.608506 1.6152802
-4.5974956 12.614225 1.1707326
-5.3077846 12.606318 0.8498531
-6.053906 12.597982 0.52271205
-6.8380942 12.610906 0.17434925
-4.588273 12.589076 -0.16594483
-5.3111882 12.606749 -0.51157629
-6.054605 12.605217 -0.87004727
-6.8457928 12.627193 -1.251956
-4.5782118 12.586391 -1.5114092
-5.2965293 12.579359 -1.8836221
-6.0508671 12.588498 -2.2757437
-6.8341613 12.602075 -2.7059073
-4.5953207 12.60033 -2.879894
-5.299087 12.601022 -3.2924225
-6.0598159 12.601506 -3.740998
-6.8446136 12.618513 -4.2222338
-4.5955038 12.609509 -4.3171778
-5.4328799 12.901999 -4.8936677
-6.3830962 13.297347 -5.5646582
-7.2657418 13.389057 -6.1823206
-4.5060754 12.59676 5.439528
-5.2254615 12.617411 5.1564474
-5.96071 12.603082 4.8660979
-6.7419887 12.616741 4.5934935
-4.511888 12.60672 3.9366021
-5.208478 12.584124 3.6389546
-5.958632 12.593723 3.3596454
-6.7331543 12.602125 3.066601
-4.4927382 12.571464 2.5185981
-5.2193336 12.600793 2.2275913
-5.9586406 12.59374 1.9176794
-6.7332306 12.605746 1.6096034
-4.5099602 12.614092 1.1681299
-5.2101297 12.589824 0.84656996
-5.9565291 12.592688 0.52096605
-6.7333465 12.601639 0.17364669
-4.5076218 12.607707 -0.1658227
-5.2245674 12.616963 -0.51068032
-5.9596248 12.605071 -0.86749679
-6.7231283 12.584622 -1.2436216
-4.4952273 12.598356 -1.5095053
-5.2162704 12.604436 -1.8825488
-5.9609327 12.598803 -2.2709517
-6.7385578 12.609808 -2.6986387
-4.5081325 12.600933 -2.8736551
-5.2027779 12.587596 -3.2805114
-5.9612699 12.593853 -3.7277968
-6.7408881 12.611304 -4.2059026
-4.510592 12.616617 -4.3100543
-5.327765 12.872642 -4.8700414
-6.2840624 13.299594 -5.5493579
-7.1601562 13.389824 -6.162272
-4.4334364 12.637678 5.4453478
-5.1318874 12.609783 5.1403646
-5.8711419 12.61337 4.8560691
-6.6370921 12.605918 4.5746388
-4.4220648 12.598878 3.9256065
-5.1190672 12.586102 3.6303751
-5.8728795 12.612082 3.354866
-6.6344919 12.602911 3.0568283
-4.4114008 12.58705 2.5162506
-5.1235967 12.587567 2.2196538
-5.8700914 12.606093 1.9140397
-6.6272869 12.592727 1.6027184
-4.4117365 12.582376 1.1626641
-5.1205888 12.591574 0.84455901
-5.8624215 12.593066 0.5194838
-6.631052 12.595525 0.1729985
-4.4197335 12.605342 -0.1654318
-5.1264815 12.59823 -0.50863922
-5.8666639 12.608079 -0.86521006
-6.6356354 12.606359 -1.2417227
-4.4113564 12.607172 -1.5072899
-5.129168 12.612441 -1.8790085
-5.868206 12.602264 -2.2650425
-6.623703 12.579971 -2.6835046
-4.4239669 12.609082 -2.8692691
-5.1178551 12.600598 -3.2756543
-5.8638086 12.587103 -3.7150786
-6.6452231 12.617953 -4.1944427
-4.4238296 12.617637 -4.3010483
-5.2301683 12.859576 -4.8528657
-6.1726065 13.273962 -5.5227556
-7.0432882 13.367885 -6.1321697
-4.3364506 12.608356 5.4211464
-5.040483 12.606177 5.1261902
-5.7769709 12.612771 4.8421001
-6.5379429 12.604616 4.5595226
-4.3385997 12.608115 3.9201159
-5.0411515 12.615794 3.6299493
-5.7694893 12.59137 3.3398769
-6.5359821 12.602784 3.0470128
-4.3244114 12.585723 2.5106335
-5.0349956 12.59059 2.2146971
-5.7669992 12.585935 1.9055701
-6.5390077 12.612156 1.6000545
-4.3308597 12.598766 1.1617011
-5.0341735 12.600083 0.84304208
-5.7726598 12.601771 0.51837194
-6.5348234 12.59969 0.17250173
-4.3378625 12.619299 -0.16526252
-5.0348177 12.593764 -0.50720215
-5.7675796 12.596638 -0.86198008
-6.5369062 12.605853 -1.2376986
-4.3249121 12.607751 -1.504158
-5.030304 12.590167 -1.8710564
-5.7809234 12.616545 -2.2611911
-6.5391102 12.606345 -2.680521
-4.3344798 12.601001 -2.8613241
-5.0301476 12.605963 -3.2689636
-5.7781086 12.604616 -3.7097135
-6.5430799 12.611084 -4.1787343
-4.3360314 12.614594 -4.2908611
-5.143487 12.872211 -4.8456321
-6.0736766 13.273639 -5.5070109
-6.9557061 13.400398 -6.1273909
-4.2481985 12.602663 5.4073887
-4.9524479 12.609905 5.1152525
-5.6729226 12.589064 4.8195448
-6.4418387 12.608011 4.5463667
-4.2522793 12.608179 3.9119496
-4.9462619 12.602193 3.6172347
-5.6808538 12.601535 3.3332646
-6.428514 12.583887 3.0328505
-4.2443938 12.603969 2.5090308
-4.9476552 12.595812 2.2102339
-5.6766939 12.592308 1.9012254
-6.4296308 12.589644 1.5921633
-4.2460389 12.603031 1.1596704
-4.9424481 12.594252 0.84060693
-5.6832633 12.610402 0.51728284
-6.4278255 12.58168 0.17171194
-4.2394528 12.583647 -0.16445187
-4.9468775 12.597496 -0.50612044
-5.6821899 12.614053 -0.86076975
-6.4393148 12.606336 -1.2338433
-4.2396331 12.610739 -1.5013825
-4.946548 12.604464 -1.8686352
-5.6775341 12.594396 -2.2509356
-6.4393439 12.602603 -2.6712737
-4.2461619 12.594972 -2.8539851
-4.9403343 12.605026 -3.2607985
-5.683063 12.600819 -3.6982629
-6.44136 12.603612 -4.1630836
-4.2514672 12.619944 -4.2837272
-5.0437765 12.850963 -4.8258924
-5.9619489 13.243643 -5.4792862
-6.8413072 13.380154 -6.098824
-4.1692238 12.623751 5.4053583
-4.8642077 12.612121 5.1039476
-5.5908051 12.612881 4.8154392
-6.3420858 12.603045 4.5304585
-4.1677728 12.612657 3.9053307
-4.8598809 12.609054 3.6105769
-5.5896449 12.60508 3.3250675
-6.3459206 12.612644 3.0303392
-4.155169 12.593985 2.5019209
-4.8572693 12.592212 2.2043309
-5.5854664 12.595656 1.8965209
-6.343502 12.611445 1.589968
-4.1607251 12.604906 1.1574718
-4.8539591 12.595487 0.83868563
-5.5853233 12.598892 0.5153951
-6.34094 12.601876 0.17145334
-4.1581688 12.597328 -0.16429412
-4.8543782 12.58843 -0.50454998
-5.5824699 12.598549 -0.85735816
-6.3352513 12.592754 -1.2286862
-4.1504745 12.600991 -1.4971619
-4.8561058 12.600817 -1.8636421
-5.5726466 12.566974 -2.2398813
-6.3422098 12.60276 -2.6630082
-4.1638923 12.605927 -2.8506248
-4.8539481 12.611847 -3.2547967
-5.5953522 12.612265 -3.6914763
-6.3486996 12.612692 -4.1531372
-4.1588244 12.599955 -4.2681994
-4.9436212 12.826638 -4.8052764
-5.8619576 13.237928 -5.4619379
-6.734807 13.373672 -6.0769196
-4.0838523 12.624873 5.3950076
-4.7684474 12.593447 5.0844541
-5.5000062 12.616433 4.8038206
-6.250782 12.613768 4.5204396
-4.0826817 12.614441 3.8980527
-4.7667217 12.597146 3.5987239
-5.4914851 12.591651 3.3125741
-6.2420764 12.598194 3.0176084
-4.0727119 12.603451 2.4987895
-4.769557 12.594432 2.1995549
-5.4972825 12.604943 1.8928046
-6.2445769 12.606882 1.584532
-4.0793891 12.618087 1.1563619
-4.7702332 12.608251 0.83757073
-5.4911962 12.594586 0.5138309
-6.2357244 12.584498 0.17069311
-4.0749512 12.604529 -0.16405886
-4.7688437 12.596314 -0.50368375
-5.49264 12.604061 -0.85542363
-6.2423458 12.600059 -1.2256386
-4.0637822 12.597405 -1.493745
-4.7688241 12.604281 -1.8597919
-5.496861 12.604207 -2.2404635
-6.2454786 12.60253 -2.6548116
-4.076416 12.600178 -2.8436146
-4.7602472 12.598454 -3.2437413
-5.4973326 12.599311 -3.6777427
-6.2512016 12.611084 -4.1398997
-4.0744019 12.603482 -4.2608457
-4.8471422 12.809998 -4.7878098
-5.7668266 13.241973 -5.448904
-6.6411476 13.391609 -6.0664396
-3.9985802 12.625287 5.3845987
-4.6823521 12.598969 5.0749888
-5.4025726 12.603481 4.7861767
-6.1570363 12.618619 4.508554
-3.9974971 12.614933 3.890552
-4.6798105 12.600501 3.5914118
-5.4023752 12.597715 3.3053868
-6.1473327 12.600744 3.0091279
-3.9834356 12.590696 2.4913681
-4.6915154 12.621649 2.1992393
-5.4103699 12.616359 1.8894981
-6.1516786 12.61333 1.5805684
-3.9918921 12.611299 1.1534734
-4.6806927 12.604732 0.8354134
-5.4044337 12.606163 0.5129407
-6.1554618 12.616522 0.17061195
-3.989074 12.602569 -0.16371165
-4.6823077 12.600698 -0.50270069
-5.3963881 12.593625 -0.85245198
-6.1460347 12.599418 -1.2218851
-3.9782023 12.596111 -1.4906691
-4.6811519 12.60572 -1.8557309
-5.4059877 12.606376 -2.2349107
-6.1490364 12.601683 -2.6466353
-3.9947503 12.611455 -2.8405743
-4.6748567 12.605858 -3.2382011
-5.4011302 12.589007 -3.6649923
-6.1523709 12.605496 -4.1255951
-3.9893539 12.604115 -4.2527037
-4.7584286 12.812515 -4.7777476
-5.6657124 13.230976 -5.4299717
-6.5247941 13.362356 -6.0349379
-3.9054697 12.59936 5.3632197
-4.5915403 12.590669 5.0602007
-5.308651 12.597272 4.7713585
-6.0515585 12.598006 4.4878373
-3.9049072 12.5905 3.8755538
-4.5896697 12.594027 3.5814722
-5.3097787 12.594582 3.295954
-6.0563183 12.609947 3.0023944
-3.9081101 12.621376 2.4926467
-4.5961227 12.601233 2.1907268
-5.3128915 12.601966 1.8824248
-6.046711 12.593652 1.5734236
-3.9009378 12.591986 1.149496
-4.5922017 12.602853 0.83340555
-5.3093991 12.597364 0.51124746
-6.0566397 12.609723 0.17001425
-3.9058731 12.608093 -0.16346902
-4.5893378 12.586504 -0.50100148
-5.3066688 12.597197 -0.8504737
-6.0468717 12.591625 -1.217508
-3.8971779 12.60844 -1.4892702
-4.585803 12.585045 -1.8485101
-5.3123198 12.600849 -2.2281101
-6.0477314 12.589493 -2.6362317
-3.9073703 12.603724 -2.8333795
-4.5902553 12.614614 -3.2331543
-5.3206363 12.61445 -3.6628256
-6.0518656 12.595052 -4.1099453
-3.9018767 12.595867 -4.2417626
-4.6700807 12.815013 -4.7679038
-5.560638 13.208996 -5.406846
-6.4305406 13.376885 -6.0235658
-3.8287671 12.625328 5.364172
-4.5077372 12.600543 5.052958
-5.2187991 12.599536 4.7599978
-5.9597573 12.604464 4.4770274
-3.8245881 12.604363 3.8725247
-4.5036478 12.597729 3.5745988
-5.2126021 12.579149 3.2834833
-5.9542117 12.594795 2.9900315
-3.8175967 12.602217 2.4841897
-4.5120049 12.610439 2.1874728
-5.2244735 12.607798 1.878472
-5.9626474 12.616391 1.5716639
-3.8155506 12.589123 1.1470758
-4.5056539 12.605247 0.83171999
-5.2200975 12.600966 0.51008409
-5.9545088 12.594522 0.16931349
-3.8127112 12.579932 -0.16279751
-4.505228 12.595432 -0.50024712
-5.2151127 12.595316 -0.84817034
-5.9591818 12.606669 -1.2154042
-3.8115549 12.605045 -1.4860787
-4.5069103 12.608511 -1.8478599
-5.222208 12.602572 -2.2227068
-5.9565873 12.597215 -2.6301458
-3.8195934 12.593277 -2.8257091
-4.4997258 12.606009 -3.2238114
-5.2195415 12.58995 -3.6463432
-5.9555216 12.591886 -4.0969105
-3.8255451 12.622967 -4.2429042
-4.5746264 12.796614 -4.7505255
-5.4617009 13.199886 -5.3892984
-6.3317561 13.381043 -6.0078301
-3.7441564 12.624742 5.3540602
-4.4262576 12.616333 5.0483036
-5.1262393 12.594095 4.7459698
-5.8624525 12.598133 4.4619179
-3.7434006 12.614867 3.8686221
-4.4186554 12.603422 3.5684538
-5.1367331 12.614367 3.2843871
-5.8703599 12.617208 2.9867451
-3.7332475 12.601933 2.4795718
-4.4221292 12.602509 2.1813493
-5.1351013 12.610361 1.8741241
-5.8558269 12.589757 1.5638404
-3.7354693 12.602973 1.1462277
-4.4191589 12.606792 0.83001721
-5.130744 12.603436 0.50890011
-5.8658757 12.60666 0.16898961
-3.7365468 12.60679 -0.16284531
-4.414422 12.584533 -0.49872905
-5.1276402 12.602278 -0.84650451
-5.8678246 12.613136 -1.2125336
-3.7229235 12.590264 -1.4816149
-4.4152565 12.595406 -1.8419343
-5.1334019 12.606432 -2.2177904
-5.8649592 12.602969 -2.6237841
-3.7365737 12.597339 -2.8214228
-4.4099736 12.59819 -3.2148311
-5.1377721 12.610889 -3.6432087
-5.8669868 12.604216 -4.0891323
-3.7389309 12.615536 -4.232615
-4.4866652 12.797754 -4.7406397
-5.3648272 13.194346 -5.3734951
-6.2385159 13.395986 -5.9972391
-3.6614296 12.629562 5.346477
-4.3360958 12.606432 5.0336008
-5.0431032 12.610899 4.7405519
-5.7685304 12.59781 4.449183
-3.6572075 12.607541 3.8594208
-4.3275905 12.59059 3.557235
-5.0403147 12.598354 3.2721035
-5.7683296 12.599473 2.974112
-3.6503386 12.60556 2.4758317
-4.3399215 12.615456 2.1789401
-5.0414305 12.601144 1.8681215
-5.7709908 12.609107 1.5618162
-3.649262 12.595255 1.1434678
-4.3374472 12.621234 0.82920009
-5.0373311 12.594719 0.50729054
-5.7651796 12.591674 0.16831136
-3.6532795 12.609307 -0.16258521
-4.3365774 12.609796 -0.49866632
-5.0353217 12.59624 -0.84400773
-5.7654295 12.594527 -1.207321
-3.6394417 12.591561 -1.4791118
-4.3305445 12.600889 -1.8388156
-5.0415964 12.601803 -2.2114923
-5.7639813 12.58732 -2.6131139
-3.6541963 12.602741 -2.8175578
-4.3248973 12.602592 -3.2091224
-5.0408077 12.593489 -3.629178
-5.7692876 12.595764 -4.0748291
-3.6512308 12.602956 -4.2207985
-4.3916998 12.777459 -4.7230506
-5.2655544 13.181425 -5.3549733
-6.1284037 13.373352 -5.9701591
-3.5735433 12.615347 5.3310761
-4.2480235 12.601241 5.0210261
-4.946981 12.594126 4.7227473
-5.6804209 12.609212 4.4408164
-3.5710065 12.598791 3.849962
-4.2500472 12.616291 3.5570617
-4.9525108 12.602564 3.2652428
-5.6725006 12.593755 2.9644904
-3.5642812 12.597177 2.4698431
-4.250052 12.605129 2.1726112
-4.9564595 12.612612 1.8652778
-5.6727524 12.598176 1.5561215
-3.5678542 12.603084 1.1421694
-4.2393355 12.586487 0.82519269
-4.9525976 12.606659 0.50653785
-5.677496 12.60391 0.16800612
-3.5685546 12.605747 -0.16225392
-4.245985 12.597189 -0.49712807
-4.9502029 12.607202 -0.842691
-5.6731048 12.596499 -1.2041506
-3.5579631 12.598963 -1.4773889
-4.2412624 12.591939 -1.8336774
-4.9541225 12.606912 -2.2070124
-5.6754699 12.597656 -2.607981
-3.5736904 12.613957 -2.8151097
-4.2449784 12.621432 -3.2072268
-4.9515352 12.593901 -3.6204729
-5.6794653 12.603346 -4.0659313
-3.5631235 12.587287 -4.2081499
-4.2979751 12.758917 -4.7063599
-5.1735382 13.185351 -5.3435717
-6.0313725 13.377748 -5.9554882
-3.4840035 12.593422 5.3126774
-4.1608715 12.597544 5.0092854
-4.8645353 12.611084 4.7178245
-5.5853162 12.604047 4.4268441
-3.4880261 12.600205 3.8437819
-4.1581812 12.598581 3.5448081
-4.8590555 12.591166 3.2503912
-5.5881329 12.613493 2.9653177
-3.4806132 12.595989 2.4663188
-4.1572518 12.584424 2.1601543
-4.8573799 12.586823 1.8582414
-5.5771198 12.5916 1.551053
-3.4832792 12.598782 1.1398211
-4.1606231 12.60801 0.82491452
-4.8664794 12.614333 0.50563693
-5.5774245 12.599382 0.17344078
-3.4805193 12.58899 -0.1617603
-4.1579242 12.590648 -0.49585375
-4.8564296 12.595003 -0.83986801
-5.5792961 12.594028 -1.20643
-3.4759073 12.603577 -1.4723178
-4.1534419 12.585976 -1.8282834
-4.8638883 12.603938 -2.201226
-5.5760489 12.582562 -2.5977242
-3.4852765 12.596077 -2.8062942
-4.1540251 12.606485 -3.1968913
-4.8619251 12.592334 -3.6113784
-5.590085 12.611021 -4.0572653
-3.4863987 12.611 -4.2088461
-4.2082319 12.750585 -4.6936731
-5.0670757 13.150768 -5.3168554
-5.9257712 13.361733 -5.9320598
-3.4046612 12.607139 5.3095498
-4.0786371 12.607818 5.003325
-4.7704983 12.596954 4.701499
-5.5033994 12.627814 4.4232478
-3.4098091 12.618271 3.8428378
-4.0722775 12.597493 3.5374048
-4.7701864 12.590334 3.2425597
-5.4920897 12.604981 2.955339
-3.3959501 12.590009 2.4610214
-4.0778174 12.603084 2.1590216
-4.7745352 12.601811 1.8560942
-5.4839363 12.589268 1.5465915
-3.3994727 12.596069 1.1376672
-4.0721107 12.599044 0.82267755
-4.7742724 12.605104 0.50408322
-5.481585 12.591043 0.17285973
-3.401432 12.603526 -0.16167584
-4.0773268 12.60583 -0.49545711
-4.7689295 12.597812 -0.83808821
-5.4971814 12.61716 -1.205392
-3.3953714 12.613011 -1.4709586
-4.0706844 12.594354 -1.8258377
-4.7723961 12.596425 -2.1947582
-5.4915962 12.600153 -2.5943501
-3.4028096 12.598295 -2.8020837
-4.0665693 12.600673 -3.1890297
-4.7791948 12.607755 -3.6073229
-5.4946027 12.603802 -4.0440197
-3.4058485 12.62065 -4.2050128
-4.1182642 12.740118 -4.6804299
-4.9850025 13.178212 -5.3154845
-5.8354244 13.378929 -5.923686
-3.3199356 12.600066 5.2978926
-3.9931569 12.607214 4.9932675
-4.6836629 12.600558 4.69203
-5.4059644 12.615026 4.4070668
-3.3232458 12.604529 3.832371
-3.9880106 12.600461 3.5313008
-4.6914039 12.615495 3.2415648
-5.3999119 12.604057 2.9472983
-3.3192439 12.612921 2.4614727
-3.9905138 12.596631 2.1536813
-4.6858196 12.600478 1.8516282
-5.400434 12.608315 1.5448318
-3.3181069 12.601449 1.1362927
-3.9872057 12.600017 0.82112819
-4.6886239 12.61206 0.50320143
-5.3928742 12.597926 0.17249668
-3.3203378 12.610122 -0.16149606
-3.9868445 12.58938 -0.49383974
-4.6830368 12.603949 -0.83656913
-5.4029918 12.611745 -1.2016847
-3.3113565 12.608634 -1.468051
-3.9920652 12.615097 -1.8252594
-4.6894612 12.610534 -2.1921616
-5.4034214 12.608507 -2.589195
-3.3225789 12.608067 -2.7996697
-3.9785647 12.591803 -3.1805463
-4.6868782 12.596884 -3.5959163
-5.401195 12.600026 -4.0320983
-3.3190084 12.605848 -4.1932168
-4.0302634 12.734337 -4.6691337
-4.8797307 13.143054 -5.2891264
-5.7404304 13.384651 -5.9105129
-3.2414422 12.615848 5.2960658
-3.907366 12.604512 4.9826083
-4.5931506 12.593121 4.6786776
-5.3109069 12.606298 4.3925505
-3.2362018 12.587184 3.8209875
-3.9052317 12.607298 3.5264347
-4.5994158 12.604328 3.2313828
-5.3139439 12.616703 2.9425755
-3.2309394 12.590762 2.453233
-3.908123 12.604675 2.1509161
-4.591608 12.582932 1.8448747
-5.2974935 12.580714 1.5374382
-3.2334454 12.593226 1.1337409
-3.9015584 12.597576 0.81939352
-4.5934553 12.592086 0.50127047
-5.2975087 12.588093 0.1719137
-3.2368708 12.606772 -0.16119577
-3.9097319 12.614282 -0.49386621
-4.5929799 12.597795 -0.83427441
-5.3036914 12.592864 -1.1967623
-3.2249725 12.59374 -1.4639851
-3.89837 12.587 -1.8176987
-4.5965466 12.59673 -2.184818
-5.3093095 12.601916 -2.5811026
-3.2402153 12.608995 -2.7954085
-3.896296 12.600029 -3.1765256
-4.5979886 12.593886 -3.5869393
-5.3160129 12.614498 -4.0262156
-3.2363465 12.605524 -4.1864243
-3.9411392 12.723599 -4.6562419
-4.7891264 13.145661 -5.2782502
-5.6359205 13.366793 -5.8872447
-3.1634107 12.633259 5.2951264
-3.8227589 12.604526 4.9732475
-4.5079479 12.599138 4.6705484
-5.2184396 12.602386 4.3799472
-3.1566675 12.597866 3.8182786
-3.8168135 12.594766 3.5163121
-4.5111217 12.601951 3.2236164
-5.2137341 12.594251 2.9298224
-3.1530383 12.608011 2.4527781
-3.8241401 12.606764 2.147228
-4.5136743 12.609081 1.8446134
-5.2190008 12.610085 1.5370851
-3.1502626 12.589445 1.131639
-3.8148413 12.590431 0.81739092
-4.5114193 12.60694 0.50075042
-5.2041712 12.581681 0.17138681
-3.1506281 12.591116 -0.16074537
-3.8217101 12.603248 -0.49250683
-4.5097837 12.609491 -0.83320081
-5.2121758 12.59099 -1.1935225
-3.1435053 12.596729 -1.462063
-3.8187535 12.603057 -1.8165996
-4.5058103 12.587382 -2.1783602
-5.2145004 12.59227 -2.5725253
-3.1573739 12.607027 -2.7906244
-3.8162072 12.614764 -3.1742775
-4.5145288 12.604835 -3.5821004
-5.2236724 12.611053 -4.0148106
-3.1531234 12.601898 -4.1787162
-3.8505068 12.706335 -4.6411901
-4.6887631 13.11992 -5.2562642
-5.5354233 13.356788 -5.8677683
-3.0762188 12.613011 5.2786288
-3.7377253 12.602048 4.9631276
-4.4193292 12.594561 4.6587119
-5.1281452 12.602542 4.3689833
-3.0806897 12.622636 3.8199849
-3.7303429 12.58718 3.5077376
-4.4246855 12.603681 3.2170534
-5.1262617 12.601184 2.9240627
-3.0678511 12.595255 2.4465883
-3.7406836 12.609656 2.1437707
-4.4278965 12.612827 1.841152
-5.1335521 12.62226 1.5347005
-3.0706909 12.599238 1.1308044
-3.7378218 12.614635 0.81745785
-4.4242096 12.606546 0.49964705
-5.1217618 12.600801 0.17121595
-3.072248 12.605857 -0.16068986
-3.7296791 12.57713 -0.4905827
-4.4206276 12.603567 -0.83100134
-5.1223097 12.59198 -1.1906146
-3.0656393 12.613664 -1.4618175
-3.7349746 12.604733 -1.8135037
-4.4227986 12.598574 -2.1755598
-5.1310258 12.60901 -2.5694649
-3.0706549 12.588015 -2.7821929
-3.7306609 12.610654 -3.1674235
-4.4207325 12.585694 -3.5688851
-5.1322718 12.608665 -4.0039487
-3.0705271 12.599618 -4.1716337
-3.7653511 12.705702 -4.6324325
-4.6041069 13.136844 -5.251627
-5.43747 13.351477 -5.8506675
-2.9943652 12.6131 5.2708774
-3.6552329 12.607165 4.9562163
-4.3392959 12.613676 4.6558461
-5.0406437 12.608559 4.3602648
-2.9970179 12.615361 3.8121462
-3.6591454 12.630911 3.5136013
-4.3386669 12.605604 3.2106886
-5.0405912 12.611748 2.9192822
-2.990648 12.614424 2.446701
-3.6550295 12.604053 2.1389651
-4.3364687 12.599217 1.8352466
-5.0278854 12.583142 1.5261647
-2.9889996 12.599608 1.1291702
-3.6513019 12.606096 0.81543726
-4.3413205 12.617606 0.49902022
-5.0308719 12.598244 0.17075853
-2.9874933 12.593493 -0.16029555
-3.6526263 12.600432 -0.49060819
-4.3321404 12.598261 -0.82888323
-5.0330682 12.593443 -1.1878103
-2.9809103 12.601481 -1.4582586
-3.6484163 12.595831 -1.8089681
-4.3399549 12.609621 -2.1728277
-5.0411396 12.609184 -2.5631487
-2.9931705 12.605828 -2.7820187
-3.6461697 12.608951 -3.1613166
-4.3452468 12.617875 -3.5703826
-5.0401559 12.603272 -3.9923408
-2.9919102 12.612948 -4.1698909
-3.6767371 12.692032 -4.6191363
-4.5096054 13.124652 -5.2355933
-5.3374004 13.339492 -5.830955
-2.913626 12.616989 5.2649322
-3.5721133 12.609256 4.948328
-4.2512379 12.608685 4.6442881
-4.9501233 12.60599 4.3487911
-2.9106302 12.594893 3.800493
-3.5664573 12.599718 3.4987707
-4.2525606 12.606264 3.2041502
-4.9475107 12.602697 2.9101055
-2.9084618 12.61203 2.4427292
-3.5718863 12.605996 2.1355352
-4.2480516 12.592898 1.8304948
-4.9497867 12.611731 1.5259196
-2.9091139 12.606792 1.128193
-3.5685008 12.609243 0.81420916
-4.2437367 12.584456 0.49666998
-4.9417014 12.598853 0.17035259
-2.910383 12.612533 -0.16030757
-3.5704746 12.605775 -0.48995391
-4.2448244 12.595135 -0.82694823
-4.9458237 12.598926 -1.1854428
-2.9006786 12.607131 -1.4568253
-3.568697 12.609628 -1.8077707
-4.248589 12.594768 -2.1657355
-4.955195 12.618282 -2.5587695
-2.9086199 12.593017 -2.7752001
-3.5582249 12.593891 -3.1520073
-4.2593479 12.619422 -3.5633581
-4.9517083 12.605906 -3.983475
-2.9091804 12.608178 -4.162334
-3.5982132 12.712313 -4.6183953
-4.408772 13.092041 -5.2116952
-5.2594819 13.382249 -5.8354282
-2.830348 12.608763 5.2541533
-3.4851129 12.596368 4.9347858
-4.163166 12.602367 4.6324639
-4.8574471 12.596622 4.3351951
-2.8329124 12.610809 3.799979
-3.4816175 12.594366 3.4912868
-4.1688919 12.613242 3.1993618
-4.860981 12.609189 2.9046624
-2.8325815 12.636601 2.4440761
-3.4875159 12.602546 2.1312852
-4.1636534 12.597392 1.8274
-4.8599534 12.609802 1.5220495
-2.8275242 12.605767 1.1265274
-3.4839554 12.605181 0.8125512
-4.1589437 12.58757 0.49577633
-4.8559132 12.607155 0.17005876
-2.8254325 12.596687 -0.15988283
-3.4830065 12.591103 -0.48854378
-4.1578727 12.591902 -0.82504541
-4.8594379 12.605722 -1.1832545
-2.8175251 12.599005 -1.4538611
-3.4820163 12.59785 -1.802985
-4.1642323 12.599431 -2.1621029
-4.8672371 12.621378 -2.553293
-2.8299918 12.604819 -2.773922
-3.478946 12.608465 -3.1502533
-4.1664753 12.598869 -3.5502689
-4.8685069 12.62112 -3.9787681
-2.8266547 12.603015 -4.1548252
-3.5072045 12.687342 -4.601418
-4.3230042 13.102623 -5.2052493
-5.1568537 13.361369 -5.8124156
-2.7482724 12.604529 5.2452636
-3.4047997 12.606565 4.9305024
-4.0780149 12.603734 4.6236815
-4.7723179 12.605728 4.3281698
-2.7544703 12.623325 3.7985859
-3.4028971 12.61039 3.4898748
-4.081285 12.607278 3.1914368
-4.7683439 12.598678 2.8954465
-2.7431507 12.59936 2.4335716
-3.4024193 12.595193 2.1264713
-4.0765829 12.592753 1.8230641
-4.7713523 12.60995 1.518505
-2.745826 12.603155 1.1247672
-3.4011018 12.606137 0.8112523
-4.0767546 12.597783 0.49518406
-4.7635694 12.597321 0.16952865
-2.7420895 12.586249 -0.15953378
-3.4013953 12.596359 -0.48792872
-4.0776153 12.608159 -0.82445568
-4.765933 12.592853 -1.1792792
-2.7375927 12.604209 -1.4524958
-3.399704 12.600639 -1.8003649
-4.0808945 12.606363 -2.1589549
-4.7716856 12.603418 -2.5436885
-2.751693 12.617804 -2.7730117
-3.3985481 12.618556 -3.1475048
-4.0806022 12.597989 -3.5428984
-4.7633634 12.57785 -3.9558389
-2.7501886 12.624337 -4.1562128
-3.4244859 12.690819 -4.5949717
-4.2330523 13.099581 -5.193625
-5.0530224 13.335354 -5.7875018
-2.6697433 12.615781 5.2430305
-3.3196895 12.598023 4.9191027
-3.9866579 12.5845 4.6075649
-4.6805053 12.596087 4.3149176
-2.6718929 12.61605 3.7913916
-3.312762 12.582813 3.476552
-3.9937656 12.600264 3.1833978
-4.6803613 12.599196 2.888911
-2.6636908 12.606016 2.4316545
-3.3238409 12.61116 2.1256835
-3.9922502 12.595483 1.8198786
-4.6757216 12.590071 1.5126277
-2.6664374 12.610282 1.1239219
-3.3169568 12.601198 0.80960941
-3.9920542 12.599442 0.49427712
-4.6754746 12.597458 0.16914123
-2.6621807 12.590403 -0.15937637
-3.3262577 12.625404 -0.48825407
-3.9864888 12.58971 -0.82163441
-4.6795959 12.597688 -1.1770208
-2.6556377 12.599111 -1.4500031
-3.3171883 12.601753 -1.797582
-3.9927068 12.59722 -2.1531529
-4.6829157 12.60192 -2.5375392
-2.667454 12.602486 -2.765996
-3.3111095 12.601311 -3.1380763
-3.9957469 12.599208 -3.5362794
-4.6824803 12.597112 -3.952786
-2.6660557 12.609666 -4.1459188
-3.3399568 12.686542 -4.5859165
-4.1314116 13.058352 -5.1671309
-4.9614849 13.340246 -5.7763042
-2.5870116 12.606235 5.232367
-3.2395608 12.607385 4.9149041
-3.9107409 12.61316 4.6091857
-4.6029577 12.624101 4.3147569
-2.5906229 12.613661 3.7858253
-3.2352421 12.601926 3.4762824
-3.9061649 12.591615 3.1750972
-4.5961037 12.608851 2.8846042
-2.5835421 12.608698 2.4290683
-3.2402327 12.60733 2.1216469
-3.9089696 12.600656 1.8171263
-4.5933294 12.604659 1.5109656
-2.5827732 12.595981 1.1212137
-3.2359431 12.607165 0.80870181
-3.9052062 12.593182 0.4930822
-4.5898848 12.603379 0.16883941
-2.585407 12.609086 -0.15940905
-3.2391706 12.608378 -0.48681784
-3.9069691 12.606851 -0.82117301
-4.593626 12.60261 -1.1748251
-2.5746973 12.597634 -1.4479878
-3.2366927 12.609755 -1.7958566
-3.9067972 12.593955 -2.1484568
-4.5988135 12.61207 -2.5338533
-2.5881519 12.609235 -2.7639396
-3.229615 12.605341 -3.1340859
-3.9151702 12.613198 -3.5333972
-4.5909228 12.586742 -3.9406188
-2.5842488 12.604399 -4.138896
-3.2470474 12.648355 -4.5648246
-4.0459318 13.066416 -5.1604009
-4.8668156 13.335581 -5.7612448
-2.5062361 12.60489 5.225328
-3.1548367 12.597852 4.9035487
-3.8259335 12.612714 4.6003575
-4.5049348 12.594859 4.2952342
-2.5086875 12.606753 3.7790608
-3.1545885 12.608476 3.4726844
-3.8249402 12.602527 3.1718712
-4.5064068 12.602574 2.8767881
-2.5027077 12.607085 2.4257534
-3.1583819 12.609272 2.1186726
-3.8282146 12.613317 1.8155304
-4.5068154 12.607187 1.5079254
-2.5006993 12.587736 1.1190929
-3.1551287 12.613201 0.807832
-3.8226604 12.599762 0.49241215
-4.5054669 12.611713 0.16857754
-2.5035648 12.602436 -0.15912779
-3.1558542 12.604479 -0.48591045
-3.8239517 12.61215 -0.81997442
-4.5065737 12.603606 -1.1723181
-2.49528 12.602736 -1.4467871
-3.1550841 12.612684 -1.7934829
-3.8234084 12.597783 -2.1450672
-4.5072408 12.600633 -2.5259516
-2.5093801 12.618069 -2.7624488
-3.1475637 12.606308 -3.1294656
-3.8274934 12.603365 -3.5239968
-4.5120401 12.6103 -3.9392521
-2.5051048 12.611178 -4.1359968
-3.165489 12.652497 -4.5592241
-3.958353 13.066804 -5.1508646
-4.7732081 13.33254 -5.7471695
-2.428158 12.616453 5.2238469
-3.0749257 12.606508 4.8994823
-3.7420318 12.614245 4.5924549
-4.4210091 12.603557 4.2888684
-2.4310532 12.620697 3.7786982
-3.071368 12.603827 3.4661477
-3.7407534 12.602894 3.166127
-4.4175372 12.597318 2.8693466
-2.4193001 12.590954 2.4197476
-3.0752192 12.604911 2.1147294
-3.7429557 12.610313 1.8117584
-4.4145775 12.592397 1.5028881
-2.4240804 12.606302 1.1194
-3.0739996 12.617254 0.80686826
-3.7316339 12.576996 0.49061832
-4.4153519 12.603026 0.16809611
-2.423106 12.60152 -0.15892547
-3.0707943 12.592192 -0.48470128
-3.7331595 12.590409 -0.8170563
-4.4170775 12.59658 -1.1691216
-2.4135396 12.595034 -1.4441756
-3.0700517 12.600702 -1.7890666
-3.735774 12.586427 -2.1391902
-4.4161582 12.58905 -2.5181501
-2.428309 12.614523 -2.7583587
-3.0623391 12.593248 -3.1215003
-3.746834 12.615655 -3.5209389
-4.4218183 12.601376 -3.9279149
-2.4247167 12.610909 -4.1309514
-3.0849264 12.659904 -4.5549865
-3.8691645 13.060671 -5.1389918
-4.6788225 13.326007 -5.7318702
-2.3497815 12.626185 5.2218075
-2.9935646 12.608498 4.8930244
-3.6558237 12.606837 4.5815043
-4.3278332 12.584623 4.2733088
-2.3452706 12.590833 3.765377
-2.985003 12.584612 3.4557612
-3.6581519 12.607685 3.1668785
-4.3363395 12.61308 2.8652043
-2.3447344 12.620293 2.4233446
-2.9890995 12.586827 2.1120284
-3.6599076 12.613735 1.8070184
-4.3278461 12.591949 1.4996369
-2.3436358 12.604548 1.1179463
-2.9859369 12.591236 0.8040176
-3.6564081 12.606606 0.49088898
-4.3294349 12.60512 0.16776656
-2.3444281 12.6091 -0.15883668
-2.9905872 12.598643 -0.48423415
-3.6550612 12.610407 -0.81688315
-4.3381877 12.619038 -1.1687135
-2.3367989 12.612764 -1.4445373
-2.9878325 12.598868 -1.7861696
-3.6553802 12.598448 -2.1373808
-4.3374038 12.611764 -2.5173225
-2.3447754 12.596489 -2.7512174
-2.980406 12.592348 -3.1166854
-3.6596282 12.6049 -3.5116038
-4.3358936 12.603504 -3.9202113
-2.3436022 12.605704 -4.1244583
-2.9998825 12.647792 -4.54392
-3.7701464 13.019222 -5.1134844
-4.588603 13.330166 -5.7214408
-2.2644932 12.597128 5.2039466
-2.9106879 12.603005 4.8838701
-3.570802 12.602213 4.5717754
-4.2497096 12.608497 4.2724805
-2.2678456 12.604283 3.7651672
-2.9086003 12.606468 3.4567971
-3.577105 12.617125 3.1636767
-4.2468696 12.603843 2.8571329
-2.2611053 12.600182 2.4167733
-2.9117897 12.604836 2.1120121
-3.5729854 12.602594 1.8022475
-4.2496223 12.61565 1.4993261
-2.2663214 12.619081 1.1179807
-2.9052062 12.594511 0.80307329
-3.5738339 12.610617 0.49018204
-4.2414312 12.600021 0.16734917
-2.266552 12.620667 -0.15880418
-2.9059472 12.585229 -0.48302412
-3.5676765 12.597499 -0.81461358
-4.2485676 12.609478 -1.1653917
-2.2574449 12.616139 -1.4433104
-2.9103169 12.616296 -1.786075
-3.5746841 12.608912 -2.1353951
-4.2517629 12.613888 -2.5124917
-2.2670321 12.608368 -2.7507219
-2.9024403 12.607599 -3.1159937
-3.574132 12.598619 -3.5036786
-4.2519064 12.61038 -3.9141614
-2.2632809 12.603531 -4.1191258
-2.9161968 12.639853 -4.534554
-3.6891248 13.038344 -5.1120076
-4.4963489 13.327317 -5.7082691
-2.188853 12.62057 5.207984
-2.832073 12.615152 4.8817506
-3.4872198 12.601521 4.5636764
-4.1642327 12.610012 4.2642546
-2.1847746 12.585185 3.7553871
-2.8235645 12.590053 3.4474804
-3.4950476 12.622321 3.158299
-4.1586461 12.595761 2.8469203
-2.1831324 12.610254 2.4144008
-2.8297875 12.601955 2.1094739
-3.4917395 12.610374 1.8010426
-4.1551309 12.58997 1.4932158
-2.1835501 12.602165 1.1152741
-2.8258445 12.603054 0.80249727
-3.4885957 12.60415 0.48908943
-4.158165 12.593135 0.16117892
-2.1853602 12.612916 -0.15963367
-2.828943 12.604035 -0.48765114
-3.4867482 12.606266 -0.81604713
-4.1599455 12.601469 -1.1622705
-2.1776888 12.616415 -1.4417861
-2.8256927 12.601997 -1.7791294
-3.4851115 12.58677 -2.1356349
-4.1636057 12.607402 -2.5085988
-2.1855328 12.598447 -2.7454162
-2.8191383 12.598856 -3.1119666
-3.4883437 12.589935 -3.4963429
-4.1688714 12.611884 -3.9081261
-2.1837902 12.597043 -4.1079674
-2.8290277 12.614892 -4.512692
-3.6016891 13.034083 -5.1005354
-4.4028206 13.319351 -5.6970868
-2.1091695 12.620577 5.202548
-2.7482452 12.603085 4.8704634
-3.405844 12.6079 4.558332
-4.0822763 12.621401 4.2595553
-2.1067972 12.594082 3.7541132
-2.7481413 12.615777 3.449842
-3.4084754 12.610016 3.1499281
-4.0779324 12.610685 2.8445842
-2.0989151 12.582642 2.4066029
-2.7481349 12.599482 2.1061976
-3.4061387 12.601377 1.7967387
-4.0678124 12.584324 1.4895579
-2.1051133 12.608916 1.1147076
-2.7437274 12.598418 0.80111504
-3.4043252 12.599903 0.48810485
-4.0784698 12.611146 0.16108611
-2.1059794 12.614419 -0.15948613
-2.7490661 12.609752 -0.48721048
-3.4056802 12.613893 -0.81517273
-4.080121 12.619252 -1.1615797
-2.0961671 12.605079 -1.4389937
-2.7438529 12.598575 -1.7762362
-3.4025965 12.588612 -2.1323645
-4.0753312 12.599198 -2.5019438
-2.1043515 12.588666 -2.7404191
-2.7407823 12.611327 -3.1108341
-3.4118824 12.614263 -3.4972191
-4.0808911 12.604744 -3.8980808
-2.1051064 12.602131 -4.1053376
-2.7526548 12.637011 -4.5144773
-3.5132561 13.024836 -5.0883846
-4.3146319 13.326412 -5.6886764
-2.025111 12.592364 5.185698
-2.6702108 12.616624 4.8692727
-3.3251488 12.616146 4.5538511
-3.9869592 12.590013 4.2406259
-2.0286715 12.60174 3.752615
-2.6684654 12.621925 3.446981
-3.3224008 12.597939 3.1417594
-3.9965098 12.622936 2.8417628
-2.0226693 12.601501 2.4077911
-2.668149 12.603708 2.1041276
-3.3238771 12.603549 1.7941066
-3.9905193 12.609046 1.4895576
-2.0242889 12.600323 1.1128287
-2.6653042 12.609959 0.80079383
-3.3163059 12.58018 0.48654333
-3.9847438 12.584555 0.16043113
-2.0256014 12.608817 -0.15925518
-2.6621549 12.581545 -0.48548034
-3.3191476 12.600118 -0.81295109
-3.9852819 12.5893 -1.1565499
-2.0179355 12.612399 -1.4383886
-2.6618652 12.593258 -1.7731504
-3.3238001 12.603603 -2.1314094
-3.9877622 12.591807 -2.4955699
-2.0268073 12.599703 -2.740063
-2.6574113 12.599747 -3.1038973
-3.3287766 12.613582 -3.491302
-4.0021806 12.625469 -3.8968225
-2.0251894 12.598937 -4.1001716
-2.6720562 12.639439 -4.5094018
-3.4280646 13.026365 -5.0806689
-4.220058 13.312498 -5.671576
-1.9483588 12.608122 5.1871662
-2.5878007 12.608674 4.8599849
-3.2390137 12.602613 4.541707
-3.9085515 12.610748 4.2394528
-1.9499967 12.605459 3.7500889
-2.5837321 12.602764 3.4373541
-3.2438321 12.613397 3.1405916
-3.9054036 12.603404 2.8319173
-1.9434794 12.601809 2.4055257
-2.5814238 12.574339 2.0965407
-3.2450759 12.618244 1.7933303
-3.9033816 12.601995 1.4858674
-1.9447218 12.598148 1.1115619
-2.5802388 12.588792 0.79842919
-3.2389941 12.600062 0.48653451
-3.9086316 12.612576 0.16047961
-1.9455935 12.604144 -0.15904237
-2.5836105 12.591323 -0.48523679
-3.2410085 12.617274 -0.81275964
-3.9067369 12.609568 -1.1561879
-1.9354407 12.591571 -1.4346318
-2.5832477 12.603029 -1.772261
-3.2360463 12.583483 -2.1246088
-3.9062366 12.602526 -2.492897
-1.9475505 12.599559 -2.7373812
-2.5761147 12.596571 -3.0991626
-3.2463214 12.614354 -3.4859366
-3.9101951 12.603236 -3.8824816
-1.9468071 12.604403 -4.0979857
-2.5882332 12.625263 -4.4985943
-3.3361776 13.000804 -5.0626197
-4.1257038 13.297561 -5.6543212
-1.8684468 12.602888 5.1801987
-2.5062702 12.603616 4.852016
-3.1569836 12.603723 4.5350404
-3.819633 12.596673 4.2267623
-1.8713719 12.608817 3.7476013
-2.5011847 12.592356 3.4302645
-3.1605222 12.609704 3.1347845
-3.8211226 12.604455 2.8268318
-1.8625325 12.589251 2.4009018
-2.5059755 12.598765 2.0980101
-3.1478677 12.559229 1.7821643
-3.8214881 12.610873 1.4841214
-1.8674468 12.610268 1.1115993
-2.5023665 12.601465 0.79824412
-3.1552827 12.594402 0.4855592
-3.8183496 12.594041 0.15994263
-1.8674358 12.610557 -0.15897571
-2.5033221 12.591945 -0.48465973
-3.1517847 12.590009 -0.80974227
-3.8212421 12.606743 -1.1537573
-1.8583716 12.604755 -1.4348079
-2.5040317 12.609395 -1.7709621
-3.1585302 12.602126 -2.1244442
-3.8253834 12.614875 -2.4906499
-1.8704467 12.612906 -2.737736
-2.4990151 12.613353 -3.0994604
-3.1584184 12.592404 -3.4744501
-3.8230908 12.59504 -3.8726578
-1.8667778 12.598193 -4.0921655
-2.5107226 12.640935 -4.4986043
-3.2484379 12.989411 -5.0503268
-4.0421228 13.316331 -5.651649
-1.7925566 12.624504 5.1844649
-2.4243324 12.595087 4.8429151
-3.0726407 12.594375 4.5248079
-3.7352839 12.596317 4.2188725
-1.7922468 12.607939 3.7440012
-2.4222834 12.599201 3.4280162
-3.072607 12.585917 3.124125
-3.7328286 12.590956 2.8186145
-1.7855597 12.602621 2.4013171
-2.4275246 12.608198 2.0970609
-3.0778077 12.607219 1.7862607
-3.7338774 12.599801 1.4800942
-1.7877524 12.605385 1.110181
-2.4214425 12.598083 0.79707378
-3.0761788 12.606286 0.48528051
-3.7395861 12.612459 0.15988211
-1.7854749 12.589704 -0.15857174
-2.4261374 12.607719 -0.4846848
-3.0700512 12.590958 -0.80857652
-3.7309251 12.586462 -1.1497844
-1.7798404 12.607729 -1.4338763
-2.4216013 12.59844 -1.7673035
-3.0767338 12.603198 -2.1214025
-3.741622 12.616914 -2.4864726
-1.7871921 12.583114 -2.7288375
-2.4147272 12.592744 -3.0906975
-3.0820305 12.615377 -3.4755051
-3.7361805 12.586069 -3.8627775
-1.7887323 12.604416 -4.0905447
-2.4348667 12.665222 -4.5018458
-3.163403 12.987455 -5.0419245
-3.9485264 13.30109 -5.6347919
-1.7114774 12.60886 5.1736307
-2.3476584 12.613239 4.844264
-2.9915078 12.597001 4.5190716
-3.6515849 12.597132 4.2115617
-1.7131027 12.605816 3.7401788
-2.3412278 12.593909 3.4226029
-2.9923911 12.592195 3.121067
-3.6496313 12.593362 2.8140872
-1.7070892 12.605155 2.3997588
-2.3441648 12.590889 2.0917504
-2.9988277 12.61928 1.7853289
-3.6524835 12.608618 1.4784694
-1.7078915 12.59781 1.10857
-2.3438249 12.611244 0.79698145
-2.9952707 12.610186 0.48471403
-3.651561 12.598705 0.15942074
-1.709475 12.609875 -0.15869069
-2.3437934 12.595828 -0.48366562
-2.9946318 12.617542 -0.80908847
-3.6501038 12.596965 -1.1486763
-1.6999552 12.599946 -1.4317777
-2.3420296 12.601099 -1.7656273
-2.9951389 12.604144 -2.1184282
-3.6537449 12.603791 -2.4794214
-1.7077113 12.577356 -2.7252655
-2.3355937 12.597507 -3.0882907
-2.9975615 12.604598 -3.4674032
-3.6575651 12.604215 -3.8613858
-1.7084701 12.593857 -4.0836391
-2.3471177 12.62618 -4.4827642
-3.0774686 12.980533 -5.0318112
-3.8675768 13.327614 -5.6358685
-1.6326692 12.60824 5.1691685
-2.2683842 12.617191 4.8403454
-2.9127288 12.608935 4.5168567
-3.5643313 12.584382 4.1999083
-1.6354712 12.614152 3.7396042
-2.2613268 12.593651 3.4186976
-2.915261 12.611143 3.1212714
-3.5672715 12.597793 2.810133
-1.6278005 12.600588 2.3969426
-2.2671959 12.60688 2.0920565
-2.9091644 12.584769 1.7778875
-3.5698957 12.612583 1.476338
-1.630037 12.604005 1.1082141
-2.2596636 12.587866 0.79461282
-2.9119084 12.602656 0.48372871
-3.5716512 12.611917 0.1593076
-1.6315047 12.615756 -0.15863574
-2.2659645 12.607203 -0.4835594
-2.9083676 12.597616 -0.80665129
-3.5690293 12.606013 -1.1474828
-1.6216111 12.602367 -1.4308952
-2.2630272 12.606092 -1.7643483
-2.9101369 12.589374 -2.1129048
-3.5656278 12.588152 -2.4719946
-1.6333058 12.609216 -2.7299457
-2.2549667 12.593249 -3.083797
-2.9175198 12.611322 -3.4642632
-3.5783243 12.619952 -3.8594079
-1.6299069 12.594395 -4.0804935
-2.2678475 12.630581 -4.4793024
-2.9940376 12.983015 -5.0255575
-3.7683907 13.289948 -5.6100578
-1.5556277 12.620878 5.1703391
-2.1860242 12.602627 4.8295212
-2.8321342 12.612441 4.5118022
-3.4877071 12.608399 4.2007022
-1.5537975 12.589564 3.7294185
-2.1805835 12.587505 3.4133327
-2.8358021 12.619789 3.1190457
-3.4875562 12.610949 2.8082414
-1.5494606 12.602261 2.3954072
-2.1906097 12.625228 2.0928314
-2.8317816 12.601897 1.7778189
-3.4798732 12.588792 1.4710262
-1.5485235 12.58009 1.1052551
-2.1824124 12.601652 0.79462284
-2.8260231 12.582434 0.48227787
-3.4821963 12.5902 0.15876041
-1.5519826 12.608612 -0.15842316
-2.1854434 12.602865 -0.4828696
-2.8251283 12.588992 -0.8049739
-3.4839861 12.600086 -1.1449758
-1.5430131 12.601946 -1.4297457
-2.1837387 12.608792 -1.7628176
-2.8277669 12.584437 -2.1091247
-3.4840288 12.594272 -2.4689517
-1.5537483 12.601498 -2.7261591
-2.1786039 12.612351 -3.0851429
-2.837111 12.61577 -3.4606376
-3.4932847 12.614453 -3.8510985
-1.5511358 12.592286 -4.0766501
-2.185257 12.615117 -4.4689789
-2.9068491 12.96782 -5.0126767
-3.687067 13.313879 -5.6105037
-1.4749552 12.602819 5.1591368
-2.1073036 12.607711 4.8264236
-2.7499955 12.608042 4.5041075
-3.4055817 12.612173 4.1949186
-1.4766202 12.599717 3.7296717
-2.105902 12.616196 3.4175446
-2.7502213 12.599864 3.1098917
-3.405884 12.616452 2.8047602
-1.4716444 12.607569 2.394655
-2.1090431 12.61416 2.0888121
-2.7453432 12.577516 1.7719694
-3.3954165 12.583418 1.467936
-1.4715458 12.591422 1.1054367
-2.1016533 12.59446 0.79334116
-2.7503419 12.606764 0.48255447
-3.406415 12.617022 0.15883204
-1.4721783 12.597276 -0.15816426
-2.1070621 12.609992 -0.48263821
-2.7445531 12.591055 -0.80401385
-3.4009831 12.600388 -1.1430854
-1.4637369 12.594632 -1.4278699
-2.102905 12.601422 -1.75995
-2.7514179 12.605772 -2.1098309
-3.4087658 12.623115 -2.470459
-1.4760244 12.607594 -2.7254677
-2.0955389 12.591608 -3.0768657
-2.7573318 12.622336 -3.4577327
-3.4046054 12.594172 -3.8384569
-1.4759116 12.619267 -4.082376
-2.1090293 12.63559 -4.4715629
-2.8256483 12.978169 -5.009881
-3.5952163 13.298933 -5.5948033
-1.3972305 12.608318 5.1577806
-2.024919 12.589411 4.8145709
-2.6700263 12.612606 4.4998002
-3.3218901 12.609143 4.1870522
-1.3988587 12.604729 3.7285442
-2.0247529 12.605859 3.4113145
-2.6672456 12.590011 3.1033618
-3.3197155 12.604115 2.7974365
-1.3935645 12.610086 2.3934639
-2.0301738 12.617963 2.0873396
-2.6729386 12.616883 1.7751716
-3.3118131 12.579975 1.4651362
-1.3934247 12.592668 1.1047746
-2.0227909 12.597498 0.79273587
-2.6646516 12.584277 0.48105881
-3.31955 12.602059 0.15838431
-1.3936635 12.595304 -0.15802917
-2.0275326 12.609512 -0.48213461
-2.6665611 12.60443 -0.80380797
-3.3204973 12.60922 -1.1420168
-1.3858259 12.597886 -1.4272479
-2.024884 12.609977 -1.7593762
-2.6694698 12.60094 -2.106241
-3.318984 12.597247 -2.4613645
-1.3980776 12.611362 -2.7243762
-2.0191741 12.610071 -3.0782919
-2.6732595 12.608026 -3.4492543
-3.3219819 12.594791 -3.8323612
-1.3965547 12.61094 -4.0768337
-2.0271776 12.621637 -4.4621391
-2.7378373 12.956804 -4.9950547
-3.5047293 13.28731 -5.5807619
-1.3195441 12.613819 5.1566215
-1.9518812 12.62908 4.8250704
-2.5881817 12.607296 4.4921551
-3.2356572 12.595021 4.1756916
-1.3217565 12.615609 3.7292933
-1.945594 12.606561 3.4082098
-2.5895724 12.604329 3.1029162
-3.2367251 12.602482 2.7926135
-1.3130834 12.588865 2.3878617
-1.947561 12.596861 2.0818326
-2.5907404 12.610014 1.7719352
-3.2326999 12.592809 1.4642931
-1.3153991 12.59397 1.10416
-1.9451232 12.607517 0.79260027
-2.5898082 12.612188 0.48150924
-3.2374187 12.603723 0.15815257
-1.3153946 12.594437 -0.15791403
-1.9475023 12.60475 -0.48148653
-2.5824294 12.587686 -0.80171448
-3.2296474 12.577103 -1.1372917
-1.3078904 12.600276 -1.4265826
-1.9462578 12.614293 -1.7582792
-2.5897326 12.605552 -2.1043165
-3.2347066 12.590443 -2.4561107
-1.3202183 12.615396 -2.7234461
-1.9406472 12.614978 -3.0765247
-2.5883164 12.587565 -3.4392469
-3.2436552 12.611112 -3.8311989
-1.3174617 12.603118 -4.0716147
-1.9480588 12.62324 -4.458396
-2.6504438 12.935094 -4.9803219
-3.4160523 13.281033 -5.5692167
-1.2404815 12.605007 5.1498108
-1.8709294 12.617725 4.8162556
-2.5062294 12.600082 4.4840212
-3.1562643 12.606447 4.1729803
-1.2420284 12.600197 3.7224143
-1.8673842 12.61272 3.4067128
-2.508348 12.600707 3.098177
-3.1561987 12.609568 2.7898395
-1.2349092 12.587456 2.3861122
-1.8697555 12.605365 2.0813029
-2.5065675 12.591763 1.7671762
-3.1500018 12.590945 1.4618014
-1.2375001 12.595708 1.1036258
-1.8654419 12.603768 0.79163015
-2.5091448 12.61162 0.48089069
-3.1544645 12.601146 0.15787438
-1.2379686 12.601017 -0.15789832
-1.868872 12.608015 -0.48116416
-2.50615 12.608356 -0.80203646
-3.1575656 12.617263 -1.1391498
-1.2281238 12.583172 -1.4237661
-1.8642728 12.595269 -1.7539999
-2.5058923 12.588824 -2.0989177
-3.1559825 12.604424 -2.455014
-1.2431505 12.626954 -2.7242436
-1.8592035 12.599521 -3.0699151
-2.5123119 12.60963 -3.4409988
-3.1625965 12.616347 -3.826822
-1.2379043 12.58858 -4.0643878
-1.8715937 12.641878 -4.4608393
-2.5699575 12.945734 -4.9782529
-3.3320529 13.291993 -5.5651345
-1.1626928 12.607785 5.147934
-1.7917109 12.61656 4.8115239
-2.4245133 12.592599 4.4759793
-3.077261 12.619062 4.1708274
-1.1607102 12.564469 3.7096856
-1.7871256 12.603958 3.4013205
-2.4254582 12.587184 3.0911345
-3.0730731 12.60533 2.7846777
-1.156943 12.587098 2.3846538
-1.7908975 12.606201 2.0795875
-2.4253244 12.586489 1.7643142
-3.0680594 12.59107 1.4596027
-1.1601043 12.602125 1.1035436
-1.7837315 12.58436 0.78970879
-2.4244366 12.588983 0.47945121
-3.0734169 12.605191 0.15768585
-1.160923 12.61158 -0.15793845
-1.788569 12.598773 -0.48038357
-2.4234412 12.595958 -0.80028689
-3.0675442 12.584957 -1.1345122
-1.151042 12.592115 -1.4239521
-1.7868556 12.605774 -1.753903
-2.4291713 12.606923 -2.0994105
-3.0751054 12.609289 -2.4522405
-1.1640918 12.617463 -2.7206037
-1.7810478 12.604949 -3.0685172
-2.4314399 12.606902 -3.4361186
-3.0734386 12.587655 -3.8123269
-1.1611997 12.602027 -4.0663524
-1.7906359 12.629474 -4.4525008
-2.4897499 12.957484 -4.9768033
-3.2443848 13.287422 -5.5547814
-1.0843145 12.603102 5.1432085
-1.7124777 12.614163 4.8065124
-2.3468392 12.605296 4.4752898
-2.9953012 12.618865 4.164609
-1.0868925 12.609623 3.7209785
-1.7050581 12.58002 3.3919735
-2.3451521 12.585587 3.0871506
-2.9875872 12.589886 2.777164
-1.0797311 12.594464 2.3847489
-1.709559 12.587834 2.0747881
-2.3452735 12.586238 1.7622286
-2.9922411 12.615964 1.4603326
-1.082022 12.600447 1.1027944
-1.7062924 12.593673 0.78962129
-2.350455 12.621389 0.48012713
-2.9933043 12.612391 0.15754318
-1.0809672 12.588762 -0.15756667
-1.7107544 12.606003 -0.48024994
-2.3432641 12.595305 -0.79931676
-2.9905095 12.604568 -1.1346045
-1.0739175 12.600833 -1.424166
-1.707619 12.602797 -1.7519979
-2.3489408 12.606403 -2.0968843
-2.9925144 12.606167 -2.4480159
-1.0853606 12.609384 -2.7173746
-1.7015116 12.599647 -3.0646272
-2.350589 12.603084 -3.431082
-2.9923437 12.590286 -3.8074913
-1.0839628 12.610192 -4.0667639
-1.7078952 12.601753 -4.4389501
-2.400754 12.92169 -4.9573035
-3.1572053 13.283562 -5.5449638
-1.006191 12.599855 5.139267
-1.6331105 12.609489 4.8008227
-2.2657139 12.598681 4.4679217
-2.9095225 12.601077 4.1527681
-1.0092039 12.612345 3.7198844
-1.6289598 12.598934 3.3943145
-2.2673874 12.596981 3.0864747
-2.9076545 12.596603 2.774658
-1.0025049 12.601764 2.3849216
-1.631376 12.591041 2.0736277
-2.2674925 12.597565 1.7618332
-2.9057992 12.595183 1.4558358
-1.0058689 12.621685 1.1040924
-1.6290382 12.60429 0.78964543
-2.2642162 12.586927 0.47827864
-2.9074965 12.594295 0.15709132
-1.0035444 12.593162 -0.15754169
-1.6316783 12.603173 -0.47975168
-2.2645473 12.601716 -0.79882681
-2.9073472 12.597698 -1.1323589
-0.99554831 12.594135 -1.4226918
-1.6296341 12.608215 -1.7513282
-2.2668097 12.59427 -2.0925128
-2.9108279 12.60575 -2.4444208
-1.0069138 12.602584 -2.7145264
-1.6258786 12.623119 -3.0678523
-2.2706099 12.602818 -3.4271522
-2.9154806 12.610339 -3.8080738
-1.0060283 12.609847 -4.0645857
-1.6306542 12.61288 -4.439261
-2.3222654 12.940874 -4.9591031
-3.0723195 13.288325 -5.5389795
-0.92867333 12.603251 5.1382313
-1.5532365 12.599202 4.7931871
-2.1850362 12.593143 4.4611187
-2.8267627 12.594693 4.1448703
-0.93146724 12.613839 3.718569
-1.5491492 12.588587 3.3889019
-2.1881938 12.599953 3.0838549
-2.8277991 12.603024 2.772198
-0.92600048 12.619071 2.3870769
-1.5539629 12.599801 2.0734611
-2.1856987 12.585586 1.7582493
-2.8245809 12.595471 1.4538383
-0.92637503 12.599996 1.1016769
-1.5496991 12.598036 0.788643
-2.1875963 12.604356 0.47842187
-2.8253486 12.590437 0.15682402
-0.92710227 12.610605 -0.15660046
-1.5516194 12.591066 -0.47442088
-2.1839283 12.596608 -0.79542422
-2.8270159 12.602015 -1.1257181
-0.91875869 12.606943 -1.4264559
-1.5488821 12.590676 -1.7506752
-2.1888115 12.604035 -2.0843699
-2.8305023 12.61035 -2.4394314
-0.92972052 12.610591 -2.7151337
-1.546939 12.620976 -3.0625365
-2.1916153 12.607183 -3.423542
-2.8291094 12.598557 -3.7978032
-0.9258492 12.596231 -4.0628572
-1.5532639 12.622906 -4.4458394
-2.2390428 12.933076 -4.9517674
-2.9770584 13.246115 -5.5098844
-0.85120445 12.60695 5.1375127
-1.4735998 12.588846 4.785717
-2.1058321 12.594993 4.4571128
-2.7462704 12.59731 4.1401076
-0.85154212 12.582223 3.7076385
-1.4722602 12.60113 3.3897829
-2.1100402 12.608361 3.0826859
-2.7467742 12.603432 2.7685282
-0.8475067 12.60894 2.3841319
-1.4763006 12.606337 2.0730066
-2.1115565 12.61742 1.7608535
-2.7449913 12.602227 1.4526467
-0.84857178 12.598413 1.1010625
-1.4710858 12.596315 0.78795546
-2.1086974 12.60846 0.47807756
-2.7443981 12.59082 0.15661609
-0.84890217 12.604102 -0.15645207
-1.4741778 12.599013 -0.47437057
-2.1065135 12.609281 -0.79539323
-2.7503936 12.622594 -1.1260277
-0.84096336 12.606001 -1.4257387
-1.4725956 12.608486 -1.7518622
-2.1066604 12.588698 -2.0796568
-2.7486494 12.60719 -2.4355118
-0.85200858 12.611365 -2.7141235
-1.4686404 12.623112 -3.0608101
-2.1129851 12.613035 -3.421546
-2.7502074 12.608595 -3.7956705
-0.84863877 12.603104 -4.0633178
-1.4730015 12.6084 -4.4374633
-2.1553721 12.920949 -4.941968
-2.8980134 13.274611 -5.5142374
-0.77301359 12.598572 5.1320691
-1.3983426 12.615826 4.7926216
-2.0270712 12.598729 4.4539499
-2.6655958 12.598199 4.1349468
-0.77579474 12.611139 3.7146869
-1.394305 12.604429 3.3883047
-2.0275877 12.589719 3.0750284
-2.6680293 12.613622 2.7671182
-0.769876 12.609847 2.3833654
-1.3983916 12.610379 2.0722213
-2.0318332 12.616079 1.7588933
-2.6620996 12.59275 1.4496441
-0.77076274 12.595367 1.1003624
-1.3930595 12.598694 0.78755468
-2.0301776 12.614229 0.47781491
-2.6666906 12.605534 0.15659262
-0.77121407 12.603605 -0.15638423
-1.3965161 12.604865 -0.47425929
-2.0272255 12.610271 -0.79465604
-2.6648595 12.601254 -1.1226441
-0.76242965 12.591623 -1.4235566
-1.3938236 12.604807 -1.7501297
-2.0271037 12.587267 -2.0773265
-2.6665044 12.601433 -2.4311929
-0.77403295 12.606949 -2.7121
-1.3884944 12.607694 -3.0549481
-2.0328562 12.609035 -3.4170129
-2.6701422 12.612722 -3.7919092
-0.77177984 12.616058 -4.0658908
-1.3965933 12.626093 -4.4405909
-2.0742233 12.922551 -4.9376197
-2.8116884 13.269403 -5.5048032
-0.69613355 12.611014 5.1353011
-1.3182505 12.598783 4.7829843
-1.9469157 12.592736 4.4475241
-2.5841079 12.594158 4.1283383
-0.69729829 12.595771 3.7088299
-1.3147727 12.591998 3.382731
-1.9490172 12.593631 3.0730052
-2.5866528 12.610592 2.7629197
-0.69143772 12.595189 2.3797481
-1.3196198 12.605639 2.0700731
-1.9502547 12.601626 1.7551769
-2.5831301 12.600791 1.448718
-0.69332212 12.597277 1.1001369
-1.3136535 12.587118 0.78631246
-1.950124 12.609537 0.47717494
-2.584465 12.59811 0.15630049
-0.69330007 12.597833 -0.15625687
-1.3162916 12.585888 -0.47323251
-1.9452108 12.592685 -0.79278082
-2.5870335 12.615147 -1.1224464
-0.68583673 12.608582 -1.4249715
-1.3159626 12.608399 -1.7494743
-1.9498165 12.599373 -2.0773108
-2.5868516 12.60644 -2.4290507
-0.69519293 12.584842 -2.7063756
-1.3094569 12.600082 -3.0510998
-1.9519247 12.598506 -3.4108496
-2.5855997 12.594275 -3.7815228
-0.69416606 12.617133 -4.0647883
-1.3164821 12.609388 -4.4317908
-1.99149 12.912972 -4.9291978
-2.7222533 13.247658 -5.488749
-0.6184836 12.60978 5.1331563
-1.2396719 12.593947 4.7781706
-1.8686032 12.597651 4.4451261
-2.5062914 12.607305 4.1275291
-0.62016618 12.603186 3.7098229
-1.2389063 12.614302 3.3866165
-1.8710651 12.60103 3.0719512
-2.5045033 12.60245 2.7577174
-0.61380476 12.592279 2.3784418
-1.2419646 12.610622 2.0696008
-1.871731 12.605515 1.7540858
-2.502074 12.597823 1.4465843
-0.61575246 12.595955 1.0996708
-1.2373652 12.604821 0.78692919
-1.8690538 12.596569 0.47624126
-2.5077598 12.616973 0.15634063
-0.61558688 12.593615 -0.15615475
-1.2414523 12.618236 -0.47415346
-1.8695607 12.615543 -0.79348278
-2.5056818 12.611164 -1.1207031
-0.60782737 12.599464 -1.4234926
-1.2365072 12.595185 -1.7465552
-1.8695929 12.591715 -2.0741174
-2.5062222 12.605834 -2.4259255
-0.61838526 12.597525 -2.708236
-1.2300948 12.587163 -3.0460861
-1.8742728 12.608148 -3.4102821
-2.5064723 12.600848 -3.7788072
-0.61593914 12.604857 -4.0595398
-1.2382056 12.608249 -4.428637
-1.9076865 12.894307 -4.9175119
-2.6370492 13.244692 -5.4807134
-0.54116005 12.614748 5.1337299
-1.1628035 12.605979 4.7799387
-1.7920027 12.614034 4.4469438
-2.4259481 12.607174 4.1225352
-0.54269314 12.603746 3.7089379
-1.1604447 12.610369 3.3835857
-1.7925035 12.603781 3.0698826
-2.4268327 12.616042 2.757381
-0.53741354 12.616592 2.3823667
-1.1638706 12.610497 2.0683692
-1.792762 12.605599 1.7525337
-2.4211581 12.594361 1.4444537
-0.53930068 12.619324 1.1014013
-1.1596968 12.60888 0.78672349
-1.7919852 12.609614 0.47630981
-2.4231329 12.594889 0.15587983
-0.53839356 12.599295 -0.15618129
-1.1632071 12.616963 -0.47382852
-1.7870833 12.591307 -0.79125375
-2.4212518 12.589893 -1.1174715
-0.5301829 12.595262 -1.4226234
-1.1594129 12.604819 -1.7468718
-1.7921573 12.601972 -2.0739567
-2.4278107 12.615695 -2.4249105
-0.54086769 12.59622 -2.707191
-1.1540016 12.607185 -3.0491605
-1.7975032 12.623823 -3.4114745
-2.4287581 12.614175 -3.7782636
-0.53911811 12.620871 -4.0635548
-1.1613706 12.621601 -4.4307408
-1.8285652 12.906003 -4.9176006
-2.552372 13.243183 -5.4735055
-0.46311742 12.6007 5.1267605
-1.0860169 12.619667 4.7825117
-1.7098731 12.590204 4.4347606
-2.3469367 12.613164 4.1197076
-0.46540546 12.608408 3.7093995
-1.0815042 12.59928 3.3787661
-1.7141095 12.607007 3.068049
-2.3490837 12.629122 2.7570376
-0.45903698 12.593529 2.3774347
-1.0856563 12.607927 2.0668166
-1.7132794 12.600901 1.750386
-2.3446493 12.613361 1.4449556
-0.46134326 12.608285 1.1001701
-1.080151 12.590595 0.78515434
-1.7120169 12.601507 0.47559777
-2.3433585 12.596363 0.15571716
-0.46102852 12.601081 -0.15616542
-1.0846828 12.611238 -0.47335467
-1.7098572 12.602526 -0.79128456
-2.3436475 12.602854 -1.1173245
-0.45278224 12.595291 -1.4222862
-1.0817381 12.608073 -1.74637
-1.7138727 12.605918 -2.0728364
-2.3438773 12.595528 -2.4182241
-0.46317607 12.588641 -2.7049003
-1.0749229 12.594105 -3.0443444
-1.7178171 12.618499 -3.4071231
-2.3413327 12.575235 -3.7622263
-0.46174964 12.626186 -4.0642776
-1.0831468 12.61967 -4.4276466
-1.7469569 12.899378 -4.9108992
-2.4681716 13.243071 -5.4670968
-0.38577899 12.60288 5.1265874
-1.0065753 12.601186 4.7730775
-1.632287 12.59812 4.4339375
-2.2633905 12.593338 4.1086187
-0.38813299 12.614285 3.7103581
-1.004234 12.606408 3.3789613
-1.6343217 12.598773 3.0635469
-2.2607012 12.582925 2.7438724
-0.38227183 12.613089 2.3806398
-1.0072974 12.602122 2.0648127
-1.6333365 12.591179 1.7476106
-2.2640555 12.609937 1.4429448
-0.38364837 12.60022 1.0992402
-1.0038927 12.609757 0.78595036
-1.6333636 12.601748 0.4752197
-2.2617712 12.586837 0.15542491
-0.38363698 12.601575 -0.15613943
-1.005089 12.590199 -0.47232455
-1.6308274 12.599879 -0.79047525
-2.2631786 12.599759 -1.1157979
-0.37596783 12.613854 -1.424095
-1.0025545 12.591849 -1.7432379
-1.6340539 12.597403 -2.0697484
-2.2671216 12.612862 -2.4188359
-0.3861891 12.599825 -2.7067432
-0.99771392 12.601548 -3.0446062
-1.6371073 12.603769 -3.4003694
-2.2668052 12.604241 -3.7666717
-0.38383365 12.614462 -4.059669
-1.0043666 12.609422 -4.4218049
-1.6676174 12.908635 -4.9104357
-2.384371 13.244101 -5.4613795
-0.30836919 12.602046 5.1253824
-0.92997587 12.617152 4.7768741
-1.5537403 12.598044 4.4304719
-2.1858387 12.605618 4.1081715
-0.30981344 12.579391 3.6994653
-0.92518032 12.589429 3.3728254
-1.5563138 12.603118 3.0622237
-2.1867504 12.615592 2.748018
-0.30466467 12.60662 2.3790214
-0.9298383 12.60649 2.0645547
-1.5531769 12.577716 1.7443863
-2.1843436 12.610336 1.4414296
-0.30641642 12.605999 1.0995597
-0.92507142 12.596207 0.78473717
-1.551901 12.578232 0.47396484
-2.1830711 12.592252 0.15532346
-0.30621043 12.599689 -0.15608984
-0.92786217 12.596709 -0.47234634
-1.5530941 12.606475 -0.79027623
-2.1825831 12.594702 -1.114143
-0.29818028 12.599736 -1.4222677
-0.9246701 12.58955 -1.7421012
-1.5568018 12.607787 -2.0698464
-2.1849651 12.599304 -2.4136193
-0.30924553 12.617256 -2.7100294
-0.91906422 12.589501 -3.0402761
-1.5582391 12.60143 -3.397095
-2.1872234 12.60523 -3.7628858
-0.30622458 12.608315 -4.0570097
-0.92843318 12.635157 -4.4287486
-1.5858047 12.897667 -4.9024696
-2.3011 13.247189 -5.456727
-0.23141214 12.624086 5.1336722
-0.85145664 12.606569 4.7707996
-1.4773324 12.615212 4.4332385
-2.1076558 12.614036 4.1066227
-0.23299752 12.60138 3.705442
-0.84701931 12.581559 3.3692613
-1.4771843 12.597346 3.0585618
-2.1012788 12.580741 2.7375662
-0.22684956 12.582936 2.3742445
-0.85166532 12.600075 2.0626094
-1.4773386 12.598662 1.7460012
-2.1031806 12.601058 1.4388667
-0.22897467 12.602862 1.0991429
-0.84724486 12.593915 0.78425586
-1.4774307 12.610886 0.47484472
-2.1054931 12.603781 0.15530339
-0.22929622 12.623462 -0.15636398
-0.85042262 12.600242 -0.47227421
-1.4737167 12.59869 -0.7892065
-2.1053481 12.608371 -1.1141886
-0.22075798 12.595285 -1.4215857
-0.84774268 12.600015 -1.7427967
-1.4782935 12.60756 -2.0682809
-2.1030164 12.584949 -2.4083521
-0.23156244 12.604816 -2.7070014
-0.84230232 12.602435 -3.0420942
-1.4800069 12.603246 -3.3950727
-2.1058292 12.59444 -3.7557366
-0.22859772 12.595757 -4.0524411
-0.84918112 12.615242 -4.4198589
-1.5025276 12.871958 -4.889101
-2.2176857 13.248588 -5.4515958
-0.1537143 12.606132 5.1258912
-0.77340919 12.600498 4.7666163
-1.398828 12.614384 4.4298472
-2.0255668 12.597803 4.0972152
-0.15542066 12.582199 3.6994517
-0.77088636 12.604215 3.3739979
-1.3989156 12.597666 3.0564973
-2.0232882 12.588689 2.7365432
-0.14982204 12.5996 2.3771703
-0.77365541 12.593977 2.0607951
-1.4001824 12.609073 1.7462205
-2.0258238 12.613737 1.438868
-0.15158986 12.599827 1.0987763
-0.77029693 12.60449 0.78460526
-1.3982521 12.603744 0.47424385
-2.0259213 12.602789 0.15513508
-0.15145445 12.592939 -0.15597147
-0.77256602 12.596633 -0.47195241
-1.3975081 12.617639 -0.78984147
-2.0260637 12.609344 -1.1131549
-0.14326681 12.578397 -1.4195535
-0.76985806 12.595879 -1.7415384
-1.4002531 12.610506 -2.0673156
-2.0257609 12.597641 -2.4083567
-0.15421119 12.605593 -2.7069139
-0.76430315 12.596554 -3.0394852
-1.4033952 12.618807 -3.3968806
-2.0294011 12.612655 -3.7573843
-0.15143843 12.607856 -4.0559583
-0.77130592 12.612802 -4.4172621
-1.4258951 12.902443 -4.8972645
-2.1299524 13.222219 -5.4352655
-0.076360554 12.606449 5.1257329
-0.69584256 12.600721 4.7649956
-1.3186865 12.596798 4.4207468
-1.9470115 12.602112 4.0946531
-0.07829608 12.595785 3.7032351
-0.69249189 12.589768 3.3689299
-1.3212107 12.602384 3.0556176
-1.9458044 12.599543 2.7362556
-0.07250914 12.600252 2.3771648
-0.69612747 12.594181 2.0600908
-1.3210218 12.600581 1.743889
-1.9441842 12.59867 1.4357616
-0.074244596 12.595243 1.0983161
-0.69268942 12.604374 0.78431869
-1.3194667 12.598477 0.47373211
-1.947587 12.608725 0.15505812
-0.074177973 12.5926 -0.15595868
-0.69646382 12.622958 -0.47276974
-1.3179892 12.606157 -0.78860176
-1.9451874 12.599073 -1.1111736
-0.066159211 12.593295 -1.4211625
-0.69308919 12.610057 -1.7428778
-1.3216591 12.607501 -2.0654547
-1.9469545 12.600319 -2.4065394
-0.07687372 12.608287 -2.7073402
-0.68744391 12.609194 -3.04146
-1.3238617 12.607378 -3.3915536
-1.9487193 12.603825 -3.751121
-0.074083574 12.610005 -4.056428
-0.69363934 12.612548 -4.4155998
-1.3455451 12.899876 -4.893064
-2.045265 13.212319 -5.4259348
0.00099158881 12.591024 5.1193671
-0.6190083 12.614855 4.7688141
-1.2409319 12.600214 4.4191904
-1.8665974 12.593229 4.0879688
-0.0010092186 12.610007 3.7073452
-0.61606544 12.610866 3.3735003
-1.2422905 12.594352 3.0517645
-1.8669184 12.600852 2.7340009
0.004803828 12.598327 2.3767624
-0.61866146 12.594628 2.0595043
-1.2411137 12.582421 1.7402891
-1.8663744 12.607195 1.435401
0.0030387617 12.596641 1.098419
-0.6148538 12.598452 0.78370064
-1.2412884 12.597706 0.47340778
-1.8694692 12.615611 0.15499881
0.0030952215 12.606418 -0.15612713
-0.61692035 12.584622 -0.4711833
-1.2395263 12.602946 -0.78791016
-1.8652544 12.593287 -1.1096331
0.011123938 12.605558 -1.4225273
-0.61586434 12.617366 -1.743333
-1.2417191 12.589451 -2.0612106
-1.8688927 12.607233 -2.4056244
0.00048932416 12.605431 -2.7066765
-0.60820621 12.574802 -3.0322073
-1.2472049 12.622609 -3.3935285
-1.866542 12.583154 -3.7414896
0.0032933617 12.617053 -4.0586247
-0.61650985 12.622154 -4.4175553
-1.2635661 12.879335 -4.8822408
-1.9628484 13.215799 -5.4223151
0.078284763 12.596559 5.1217165
-0.54134774 12.612699 4.7666535
-1.1626253 12.597085 4.4155078
-1.7900742 12.609948 4.0897536
0.076344527 12.606217 3.7062991
-0.53839219 12.60779 3.3717303
-1.163062 12.580889 3.0467155
-1.7877933 12.599579 2.7312927
0.082110435 12.598766 2.3768954
-0.54123747 12.595094 2.0589986
-1.1641536 12.592697 1.7406896
-1.7866114 12.601683 1.4334983
0.080360621 12.601114 1.0988314
-0.53769881 12.605725 0.78393304
-1.1631042 12.595744 0.47305697
-1.7887392 12.603685 0.15471452
0.080456413 12.607652 -0.15614557
-0.54049331 12.606892 -0.47188404
-1.1635424 12.625177 -0.7888388
-1.7892861 12.613927 -1.1104634
0.088456519 12.603304 -1.4223071
-0.53856832 12.62406 -1.7437685
-1.1655425 12.608672 -2.0631478
-1.7920635 12.622416 -2.406378
0.077789679 12.59785 -2.7051003
-0.53204465 12.602164 -3.0379608
-1.1677771 12.608933 -3.3878615
-1.7889634 12.592015 -3.7407906
0.080716468 12.617761 -4.0589347
-0.53840333 12.610556 -4.4122567
-1.1834838 12.875618 -4.8779864
-1.8801508 13.21656 -5.4177928
0.15561306 12.59896 5.1229849
-0.46351039 12.603861 4.7621493
-1.085217 12.602897 4.4151278
-1.7093792 12.596465 4.0819025
0.15368062 12.604447 3.7059858
-0.46120793 12.615945 3.373091
-1.0862337 12.592278 3.0478022
-1.7094169 12.602696 2.7296438
0.15951219 12.60581 2.3783643
-0.46414384 12.603575 2.0598807
-1.0861742 12.591587 1.7395821
-1.7068911 12.594965 1.4315157
0.15782529 12.61213 1.0998557
-0.46038306 12.609934 0.78400433
-1.0843405 12.585749 0.47242284
-1.7086827 12.594613 0.15447153
0.15753618 12.58471 -0.15587047
-0.46307769 12.608587 -0.47183225
-1.0836296 12.603887 -0.78707826
-1.7093211 12.605973 -1.108819
0.16568244 12.594537 -1.4214059
-0.46041274 12.608355 -1.7411762
-1.0865744 12.597245 -2.0601485
-1.7102979 12.601624 -2.4003685
0.1551533 12.60249 -2.7062502
-0.45491368 12.610824 -3.0393181
-1.0899445 12.610732 -3.3864841
-1.710816 12.596482 -3.7389288
0.15809388 12.613764 -4.0578852
-0.46096507 12.612225 -4.4117684
-1.1021448 12.855655 -4.8677697
-1.7976831 13.218018 -5.4137669
0.23281354 12.592218 5.120728
-0.38570973 12.591586 4.7565274
-1.007635 12.606422 4.4141135
-1.6298149 12.589402 4.0762959
0.23116766 12.611465 3.7083967
-0.38363421 12.613447 3.3717303
-1.008243 12.589898 3.0456715
-1.6312735 12.606902 2.7283351
0.23691063 12.607516 2.378916
-0.38697344 12.611764 2.0607922
-1.0093738 12.604018 1.7404112
-1.6282666 12.595061 1.4303643
0.23492813 12.595858 1.0985416
-0.38275781 12.604511 0.78350645
-1.0072199 12.593724 0.47248131
-1.6317947 12.608131 0.15451163
0.23503673 12.598781 -0.15605968
-0.385259 12.596597 -0.47128618
-1.0057197 12.603363 -0.78664535
-1.6290992 12.594263 -1.1068889
0.24346274 12.619437 -1.4243578
-0.3829371 12.607542 -1.7407067
-1.0094986 12.60667 -2.060638
-1.6301464 12.590279 -2.3962569
0.23248339 12.601591 -2.7063124
-0.37686113 12.591153 -3.033963
-1.0120846 12.611436 -3.3849416
-1.6312238 12.589231 -3.7337348
0.23535225 12.605299 -4.0555501
-0.38356334 12.614632 -4.4117036
-1.0231529 12.861024 -4.8673339
-1.7131499 13.202635 -5.403059
0.31024906 12.597672 5.1236229
-0.30859435 12.599947 4.7588811
-0.9300642 12.609656 4.4131646
-1.5521889 12.596343 4.0753827
0.30842787 12.605042 3.7069945
-0.30614164 12.611837 3.3707345
-0.93153256 12.60341 3.0436497
-1.5501397 12.589109 2.7263601
0.31438193 12.610531 2.3807132
-0.30943829 12.608063 2.055603
-0.93165088 12.605011 1.7408693
-1.5511954 12.606777 1.4305868
0.31225455 12.59601 1.0987015
-0.30513999 12.595453 0.7828123
-0.92860162 12.581709 0.4718079
-1.5474277 12.597739 0.15976734
0.31252137 12.604529 -0.1561517
-0.30797336 12.599259 -0.4713062
-0.92813492 12.606113 -0.78644681
-1.5509257 12.596992 -1.1116257
0.32015952 12.588991 -1.4181466
-0.30563384 12.612237 -1.740321
-0.93015277 12.585926 -2.0562754
-1.5523825 12.596146 -2.3955154
0.30977345 12.598861 -2.7060833
-0.29968917 12.597148 -3.0349073
-0.93372869 12.604527 -3.3814857
-1.5549759 12.607346 -3.7362084
0.31273475 12.605314 -4.0560961
-0.30618951 12.61815 -4.4121938
-0.94469094 12.873481 -4.8697629
-1.6324782 13.2159 -5.4042864
0.38803303 12.611512 5.1301236
-0.23147739 12.61255 4.7630148
-0.85262555 12.614393 4.4129086
-1.4746691 12.603915 4.0748281
0.38621363 12.617557 3.711302
-0.2287055 12.610976 3.3700655
-0.85292006 12.590263 3.0391536
-1.4740841 12.608812 2.728617
0.39151034 12.600553 2.3792384
-0.23195167 12.603261 2.0545495
-0.85343879 12.597921 1.7391341
-1.4701924 12.585072 1.4270732
0.38977456 12.601551 1.0993727
-0.22815347 12.613878 0.78385574
-0.85186005 12.594209 0.47207171
-1.4689577 12.597199 0.15964319
0.38997543 12.606295 -0.15620029
-0.23068424 12.60225 -0.4713563
-0.85104251 12.615648 -0.78670108
-1.4730711 12.601724 -1.1112247
0.39802641 12.606732 -1.4203935
-0.22801717 12.601524 -1.7386169
-0.85260624 12.586922 -2.0555449
-1.4759493 12.612994 -2.3969524
0.38738915 12.607014 -2.7082939
-0.2222214 12.589274 -3.0326247
-0.85604376 12.605178 -3.3801877
-1.4758087 12.601447 -3.7317069
0.39022195 12.607942 -4.0576358
-0.22867076 12.614867 -4.4104724
-0.86332792 12.844002 -4.8565164
-1.5479381 13.196528 -5.3923793
0.46572083 12.617392 5.1335812
-0.15402798 12.609172 4.7612929
-0.77371395 12.595053 4.4043989
-1.3968441 12.608567 4.0734849
0.46355826 12.613095 3.7107565
-0.15120746 12.602637 3.3675258
-0.77681142 12.614098 3.043699
-1.3940749 12.593996 2.7235079
0.46943319 12.614426 2.3823569
-0.15479346 12.618999 2.0569215
-0.77549732 12.592758 1.7377317
-1.3948362 12.61095 1.4290103
0.4672282 12.602674 1.0997001
-0.15058166 12.600815 0.78297174
-0.77441454 12.596691 0.47197774
-1.3912644 12.602608 0.15960053
0.46698403 12.594629 -0.15608829
-0.15334451 12.60267 -0.47132793
-0.77216047 12.596853 -0.78521872
-1.3941299 12.596153 -1.1099583
0.47484517 12.590069 -1.4188176
-0.15051508 12.58796 -1.7365854
-0.77627182 12.606756 -2.0579674
-1.3952527 12.592241 -2.3913364
0.4652113 12.617255 -2.7110565
-0.1450842 12.60026 -3.0349994
-0.77777767 12.595524 -3.3762553
-1.397041 12.597472 -3.7279205
0.46791789 12.614536 -4.0606055
-0.15130931 12.619905 -4.4118261
-0.78583467 12.870884 -4.8647656
-1.4663785 13.200756 -5.3903289
0.54340482 12.620652 5.136168
-0.076586865 12.598435 4.7569714
-0.69728911 12.615334 4.4099121
-1.319043 12.612981 4.0722189
0.54109126 12.613487 3.7117786
-0.073818415 12.593237 3.3648298
-0.69848841 12.602217 3.039741
-1.3172348 12.60673 2.724463
0.54630458 12.599301 2.3800886
-0.077263191 12.603657 2.0543046
-0.69886148 12.608948 1.7393414
-1.3144488 12.590713 1.4257762
0.54422534 12.592102 1.0990481
-0.073204122 12.591382 0.78234297
-0.69635111 12.587525 0.47146538
-1.3126508 12.598823 0.15944758
0.5440284 12.586293 -0.15602341
-0.076107197 12.619013 -0.4719128
-0.69459349 12.596649 -0.78492558
-1.3188132 12.623599 -1.1116427
0.5529474 12.60652 -1.4210271
-0.07342995 12.615223 -1.7402515
-0.69821322 12.598828 -2.0559349
-1.317603 12.597136 -2.3906856
0.54176086 12.594173 -2.7067604
-0.067776769 12.602634 -3.035414
-0.70040846 12.598805 -3.3759196
-1.3193856 12.602635 -3.7269826
0.54444611 12.591434 -4.0541677
-0.073688492 12.589251 -4.4008689
-0.70634723 12.866388 -4.8613367
-1.3829998 13.187059 -5.3811693
0.62000316 12.600202 5.1292968
0.00071759382 12.603001 4.7586074
-0.61843944 12.590261 4.3997378
-1.238848 12.592582 4.0631027
0.61856681 12.611776 3.7123225
0.0034563234 12.602504 3.3672483
-0.62120551 12.607407 3.0400159
-1.2386328 12.602129 2.7217746
0.62348551 12.59335 2.3796425
7.3065807e-05 12.602889 2.054141
-0.62062556 12.595636 1.7369471
-1.2350373 12.576836 1.4233198
0.62197649 12.598602 1.099928
0.004059332 12.599616 0.78284138
-0.61886209 12.586678 0.47128251
-1.2352729 12.60615 0.15944138
0.62183183 12.594574 -0.15617043
0.0013221749 12.608898 -0.47152597
-0.61765194 12.608091 -0.78538764
-1.2378122 12.595644 -1.1084913
0.6301775 12.600653 -1.4207749
0.0039694128 12.590723 -1.7368425
-0.62140495 12.613228 -2.0576241
-1.2387048 12.588924 -2.3876398
0.61873353 12.584637 -2.7054758
0.0095481332 12.598325 -3.0343332
-0.6231057 12.603179 -3.3760035
-1.2413065 12.603124 -3.7248046
0.6225912 12.605989 -4.060008
0.0035656646 12.606651 -4.4068766
-0.62616432 12.845397 -4.8518629
-1.3024576 13.199333 -5.3828154
0.69890368 12.625037 5.1410565
0.078015529 12.597458 4.7566061
-0.54173368 12.606779 4.4042659
-1.1635784 12.621865 4.0701704
0.69617248 12.611959 3.7135637
0.080756508 12.597958 3.3661025
-0.54368812 12.607518 3.0391812
-1.1594956 12.590054 2.7175789
0.70139259 12.600917 2.3818407
0.077402495 12.602544 2.0541234
-0.54314691 12.594967 1.7363623
-1.1590743 12.59755 1.4248325
0.69966084 12.601614 1.100545
0.081375107 12.600258 0.78289753
-0.54170251 12.592162 0.47135454
-1.1564571 12.597778 0.15924276
0.69863921 12.582238 -0.15606768
0.078532532 12.583563 -0.47058767
-0.53976756 12.599721 -0.7846452
-1.1596271 12.593472 -1.107653
0.70749122 12.596711 -1.4207933
0.081240475 12.592895 -1.7371781
-0.54350609 12.605321 -2.0557513
-1.1607696 12.589047 -2.3862674
0.69779098 12.614064 -2.7126715
0.086971998 12.615719 -3.038594
-0.54534298 12.597083 -3.3734107
-1.1624686 12.594419 -3.7200537
0.70014083 12.60578 -4.0612473
0.081008881 12.62043 -4.4117837
-0.54752922 12.85357 -4.8535895
-1.2202272 13.193929 -5.3774571
0.77404374 12.582913 5.1257405
0.15550441 12.612443 4.7625346
-0.46411392 12.602926 4.4018421
-1.0840786 12.605146 4.0625577
0.77335978 12.604428 3.7126737
0.15833507 12.619562 3.372071
-0.4662661 12.609174 3.0388336
-1.0832657 12.609075 2.7201986
0.77873123 12.596948 2.3819487
0.15477563 12.605629 2.0547423
-0.46602765 12.602726 1.7370052
-1.0821254 12.608739 1.42532
0.77857739 12.623145 1.1028219
0.15855686 12.589147 0.78225285
-0.46421084 12.589358 0.47113407
-1.0794142 12.607879 0.15928371
0.77762866 12.606883 -0.1564296
0.15584929 12.591467 -0.47091016
-0.46304959 12.619225 -0.78566802
-1.0826091 12.603564 -1.1079357
0.78547406 12.60343 -1.4220679
0.15873298 12.610054 -1.7396469
-0.4658387 12.599976 -2.0543749
-1.0848855 12.612009 -2.3893132
0.77482623 12.603872 -2.7114511
0.16412659 12.595564 -3.0339248
-0.4681769 12.603927 -3.3744104
-1.0857642 12.608232 -3.722096
0.77802056 12.610081 -4.064095
0.1582077 12.600909 -4.4052157
-0.46864629 12.856525 -4.853528
-1.1368824 13.17376 -5.366293
0.85354245 12.611999 5.1396251
0.23292559 12.613167 4.763258
-0.38717517 12.618585 4.4063983
-1.0056472 12.598193 4.0582519
0.85067481 12.599321 3.7126367
0.23527165 12.591974 3.3650217
-0.38837579 12.595166 3.0348263
-1.0059764 12.61673 2.7204671
0.85652167 12.599457 2.3833721
0.23177685 12.585828 2.0517082
-0.388212 12.589854 1.7348701
-1.0046334 12.613816 1.4251703
0.85446048 12.595208 1.1008184
0.23629995 12.614644 0.78391254
-0.3878153 12.619964 0.4721815
-1.0009278 12.60035 0.15910801
0.85470527 12.597993 -0.15638144
0.23337589 12.604831 -0.47145462
-0.38475594 12.593807 -0.78392375
-1.0051017 12.608053 -1.1077673
0.86362797 12.610569 -1.4234446
0.23582573 12.593979 -1.737596
-0.3884109 12.599132 -2.0538099
-1.0059233 12.598945 -2.3856237
0.85126525 12.585834 -2.708643
0.24122156 12.584638 -3.0315924
-0.39104337 12.613342 -3.3762255
-1.0068572 12.595595 -3.7164714
0.85466117 12.594476 -4.0606794
0.23597243 12.623761 -4.4136276
-0.38962257 12.854918 -4.8519278
-1.0548866 13.16624 -5.3604918
0.93122452 12.61075 5.1413484
0.31057313 12.622017 4.7672305
-0.30920184 12.598734 4.3987212
-0.92829067 12.603635 4.0580931
0.92964947 12.616698 3.7193682
0.31294107 12.606841 3.3694444
-0.31134227 12.607699 3.0373287
-0.92632639 12.592538 2.7139742
0.93212503 12.571177 2.3790598
0.30959487 12.608481 2.0556719
-0.31086215 12.588257 1.7343546
-0.92550993 12.596504 1.4225459
0.93215698 12.595532 1.101326
0.31309536 12.588738 0.7824074
-0.30966908 12.593473 0.4711104
-0.92360973 12.606463 0.15911065
0.93290865 12.604955 -0.15653597
0.3105689 12.597297 -0.47123522
-0.30755383 12.599189 -0.78412652
-0.9267621 12.600945 -1.1066223
0.94080681 12.602613 -1.4231714
0.31365776 12.614861 -1.7407099
-0.31106377 12.599951 -2.0535934
-0.92806554 12.597646 -2.3842547
0.93043518 12.606936 -2.7143621
0.3186959 12.593225 -3.0340748
-0.31368977 12.617435 -3.3767421
-0.9310813 12.622256 -3.7225823
0.93218666 12.592548 -4.0618258
0.31282207 12.597749 -4.4051213
-0.31055778 12.849581 -4.849103
-0.9748314 13.182628 -5.3646269
1.0087779 12.607224 5.1423373
0.38787299 12.615263 4.7654881
-0.23200706 12.606679 4.4009151
-0.84996659 12.59469 4.0534577
1.0077631 12.619727 3.722014
0.39013034 12.599591 3.3680832
-0.23381659 12.600737 3.0352488
-0.85029066 12.616507 2.7179646
1.0117474 12.5964 2.3849633
0.38693288 12.605675 2.0555627
-0.23367608 12.593164 1.7348005
-0.84838897 12.604708 1.4228576
1.0110561 12.609926 1.1031063
0.39040264 12.588835 0.78254747
-0.23228616 12.589376 0.47089496
-0.84535503 12.598678 0.15894392
1.0110263 12.608875 -0.15665875
0.38832128 12.61017 -0.47179708
-0.23023473 12.600514 -0.78410631
-0.84971076 12.610615 -1.1069926
1.018739 12.604294 -1.4240402
0.39110824 12.61445 -1.7409517
-0.23378554 12.603763 -2.0539424
-0.85001171 12.592164 -2.3821852
1.0088091 12.61395 -2.717154
0.39614803 12.59699 -3.0355105
-0.23588969 12.599103 -3.3713849
-0.85245931 12.610639 -3.7175431
1.0107225 12.602636 -4.0670033
0.39035887 12.603475 -4.4078784
-0.23190245 12.86202 -4.8531685
-0.89290524 13.173281 -5.3584933
1.086792 12.608644 5.1455398
0.46493977 12.60369 4.762105
-0.15456887 12.601302 4.3986239
-0.7735762 12.614408 4.0581999
1.0843261 12.603409 3.7190933
0.46802244 12.61285 3.3723314
-0.15644275 12.597702 3.0392644
-0.77184409 12.604879 2.7128563
1.0903763 12.605651 2.3886948
0.46478784 12.617044 2.0612097
-0.15648782 12.601332 1.7338694
-0.77085334 12.606757 1.4225283
1.0899153 12.620912 1.1046314
0.46870768 12.615002 0.78433806
-0.15530998 12.612926 0.47173131
-0.76788175 12.601114 0.15891223
1.0901779 12.623322 -0.15691838
0.46546403 12.601467 -0.47156945
-0.15304102 12.612082 -0.78475302
-0.77146596 12.601685 -1.1057724
1.0961155 12.598459 -1.424114
0.46777579 12.592267 -1.7382535
-0.15636447 12.598414 -2.0528758
-0.77284032 12.598918 -2.3825209
1.0850457 12.594264 -2.7142963
0.47386724 12.605835 -3.0382855
-0.15867086 12.607659 -3.3733506
-0.77528596 12.619217 -3.7186
1.0890812 12.608344 -4.0709252
0.46765187 12.599944 -4.4075642
-0.1526631 12.836722 -4.8431787
-0.81231719 13.182711 -5.3602004
1.1645046 12.605719 5.1471648
0.54254007 12.606968 4.7645111
-0.077164441 12.588773 4.3940029
-0.69664991 12.627782 4.0610509
1.1615146 12.59517 3.7186954
0.54490572 12.598201 3.3692453
-0.079157673 12.600754 3.0398262
-0.69468182 12.612911 2.7136164
1.1664307 12.584999 2.3860924
0.54164594 12.601192 2.0591242
-0.079072468 12.587192 1.7318244
-0.69236678 12.590915 1.4202346
1.1654433 12.593542 1.1028411
0.5454073 12.595816 0.78333855
-0.077922702 12.614831 0.47177574
-0.69054103 12.60546 0.15891062
1.166795 12.607558 -0.1568085
0.54260659 12.594462 -0.47142303
-0.075518169 12.590532 -0.78336853
-0.69363642 12.597239 -1.1049881
1.1746004 12.604402 -1.4255737
0.54506439 12.589911 -1.7383571
-0.079036377 12.595548 -2.0522912
-0.69538236 12.600901 -2.3820441
1.1650639 12.617274 -2.7207451
0.55200243 12.620888 -3.0426726
-0.081224672 12.595394 -3.3698723
-0.69658327 12.600984 -3.7118976
1.1674564 12.612574 -4.0745273
0.54560035 12.611753 -4.4127831
-0.073998265 12.855297 -4.8499241
-0.73172289 13.193014 -5.362464
1.2415211 12.595201 5.1458845
0.62008524 12.607473 4.7660503
7.8953417e-05 12.583459 4.3920655
-0.61744177 12.596888 4.0498204
1.2403586 12.603892 3.7234476
0.62269056 12.604615 3.3719192
-0.0018382577 12.594611 3.0332508
-0.61607933 12.592422 2.7098732
1.2468362 12.610041 2.3914864
0.61928535 12.604347 2.0568569
-0.0018375735 12.589924 1.7340555
-0.61494809 12.591874 1.4198904
1.2431656 12.590928 1.1032594
0.62332362 12.605172 0.78414351
-0.00051760412 12.608589 0.47153333
-0.61282384 12.602091 0.15881774
1.2451879 12.610857 -0.15694158
0.62111241 12.616035 -0.47236422
0.0017389414 12.61186 -0.78468144
-0.61642486 12.60321 -1.1051593
1.2523547 12.601355 -1.4260714
0.6230973 12.602362 -1.7405715
-0.0017520968 12.601229 -2.0531762
-0.6177671 12.599133 -2.3809485
1.2413818 12.598942 -2.7183833
0.62849116 12.598392 -3.0381219
-0.0039389916 12.595515 -3.3698349
-0.61846977 12.589071 -3.7072008
1.2444278 12.601176 -4.0732355
0.62353182 12.619446 -4.4167304
0.0048794919 12.848981 -4.8474612
-0.65006351 13.183169 -5.35674
1.321944 12.61754 5.1582279
0.6969254 12.59428 4.7625904
0.077436052 12.607029 4.4003749
-0.53927648 12.580367 4.0433693
1.3167698 12.587425 3.7208998
0.69954735 12.592057 3.3696446
0.075544223 12.611856 3.0374587
-0.5394938 12.612142 2.7133534
1.323735 12.597867 2.3906734
0.69731003 12.612924 2.0589159
0.075496964 12.603967 1.7360208
-0.53764212 12.594664 1.4198062
1.3231812 12.609578 1.1055841
0.70128053 12.612342 0.78484243
0.07676018 12.594032 0.47099772
-0.53605002 12.618865 0.15898469
1.3245219 12.621833 -0.15717636
0.69882089 12.617572 -0.47257346
0.079036847 12.597713 -0.7838167
-0.53879964 12.600169 -1.104582
1.3319035 12.614758 -1.4284863
0.6989876 12.572673 -1.7370306
0.075610399 12.608099 -2.0543327
-0.54005086 12.593414 -2.3791969
1.3178407 12.583239 -2.7166886
0.70664275 12.60969 -3.0418344
0.073346324 12.59537 -3.3698528
-0.54128867 12.594394 -3.7077205
1.3219072 12.595049 -4.0738001
0.70027238 12.603183 -4.4124589
0.083658837 12.839636 -4.8440385
-0.56887531 13.1803 -5.3540549
1.3982365 12.599256 5.1541634
0.77587509 12.617177 4.7729588
0.15478745 12.6061 4.4002995
-0.46324107 12.61521 4.0535779
1.3970206 12.606558 3.7290189
0.77756792 12.600008 3.3729854
0.15267041 12.589921 3.0323441
-0.461014 12.585654 2.7069957
1.4019362 12.597837 2.3922551
0.7748754 12.611447 2.0594122
0.15292113 12.610595 1.7370303
-0.45969918 12.579849 1.4177917
1.400425 12.600313 1.1055045
0.7774958 12.589025 0.78367364
0.15417004 12.604406 0.47141218
-0.45779207 12.599356 0.15870051
1.4002445 12.598197 -0.15698607
0.77649593 12.617402 -0.47273666
0.15621123 12.587124 -0.78320265
-0.46119857 12.59566 -1.1039177
1.4104571 12.616867 -1.4296782
0.77782202 12.595723 -1.7408419
0.15293455 12.604515 -2.0538628
-0.46261144 12.59221 -2.3783884
1.3999505 12.619309 -2.7262797
0.78320205 12.592265 -3.0387332
0.15060797 12.592933 -3.3693848
-0.46407333 12.599455 -3.7083023
1.3982983 12.578911 -4.0712786
0.78005713 12.638603 -4.4264526
0.16255835 12.848232 -4.8475666
-0.48778737 13.178026 -5.3518147
1.4764203 12.598138 5.1573153
0.85363871 12.617506 4.7749753
0.2321541 12.605988 4.4006748
-0.38536009 12.602556 4.048676
1.4736191 12.59153 3.7271786
0.85552579 12.604725 3.3755898
0.22972865 12.578376 3.0298457
-0.38443163 12.609589 2.7115853
1.4826891 12.618618 2.3978837
0.8517853 12.599678 2.058305
0.23000453 12.593481 1.7348347
-0.38343418 12.613105 1.4212477
1.4780643 12.594477 1.1057674
0.8567872 12.614363 0.78556329
0.23145533 12.600434 0.47130784
-0.38093588 12.617192 0.15889275
1.4790884 12.602737 -0.15715277
0.85345417 12.605809 -0.4724896
0.23352002 12.590234 -0.78347057
-0.38355345 12.586744 -1.1029093
1.4884055 12.612725 -1.4302168
0.85520995 12.592427 -1.7410789
0.23008835 12.593302 -2.0522273
-0.38542488 12.597646 -2.3789237
1.4751855 12.591965 -2.7222764
0.86067069 12.59042 -3.039505
0.22801061 12.599312 -3.3714023
-0.38687554 12.605976 -3.7094531
1.4795125 12.604664 -4.0824747
0.85649347 12.617401 -4.420784
0.24138846 12.846869 -4.8475194
-0.40602759 13.151894 -5.3400893
1.5545063 12.59544 5.160018
0.9307155 12.607602 4.7732983
0.30952674 12.605461 4.4010711
-0.3081511 12.609854 4.0503364
1.5536062 12.604598 3.7337983
0.93192804 12.586791 3.3722551
0.3071937 12.588599 3.0365424
-0.30714306 12.601017 2.7053177
1.557687 12.589878 2.3932788
0.92927116 12.596811 2.0629714
0.30763778 12.606798 1.735756
-0.30604535 12.61562 1.4212928
1.5562307 12.592581 1.1064185
0.9339655 12.606086 0.78539002
0.30904731 12.610317 0.47173953
-0.30755624 12.603352 0.15322109
1.5583185 12.609031 -0.15734753
0.9305768 12.597502 -0.47238332
0.31088305 12.593222 -0.78376049
-0.30665359 12.602768 -1.1041278
1.5653533 12.600019 -1.4298381
0.93336183 12.599141 -1.7427663
0.30761012 12.602093 -2.0539286
-0.30827877 12.606278 -2.3801517
1.5556657 12.608976 -2.7279663
0.93953842 12.606777 -3.0447886
0.30523962 12.594587 -3.3705757
-0.30893987 12.584513 -3.7025084
1.5572441 12.598733 -4.0835724
0.93314421 12.601749 -4.4172235
0.32033873 12.850268 -4.8494525
-0.32584232 13.175144 -5.3486176
1.6361889 12.619813 5.1740189
1.010241 12.628975 4.7836471
0.38709345 12.610709 4.4036498
-0.23061739 12.602949 4.0475879
1.6319416 12.602736 3.7361429
1.0112728 12.607403 3.3793762
0.38493833 12.60311 3.040555
-0.22998968 12.612041 2.7073307
1.6360199 12.588639 2.3949065
1.0079551 12.608492 2.0658581
0.38512442 12.609202 1.7363799
-0.22827514 12.597599 1.419078
1.6387651 12.623598 1.1100063
1.0103558 12.588404 0.78465986
0.38621703 12.601652 0.47149521
-0.23025815 12.607225 0.15324815
1.6335775 12.583214 -0.15714748
1.009427 12.611177 -0.47311953
0.38828403 12.59549 -0.78403521
-0.22931251 12.604086 -1.1040992
1.6446016 12.60524 -1.4315488
1.0102477 12.588147 -1.7420702
0.38464946 12.590799 -2.0524342
-0.23057079 12.588754 -2.3765311
1.6351533 12.615778 -2.7315571
1.0177279 12.611347 -3.0473433
0.38274291 12.600046 -3.3726015
-0.23194347 12.598488 -3.7061317
1.6350147 12.592755 -4.0848103
1.0107439 12.599452 -4.418509
0.39931604 12.852418 -4.8510971
-0.24471603 13.161903 -5.3425317
1.7156657 12.624796 5.1802802
1.0864151 12.607487 4.7779427
0.46462971 12.612589 4.4052186
-0.15316829 12.594728 4.04457
1.7095156 12.594516 3.7367451
1.087983 12.593685 3.3774254
0.46172008 12.585726 3.0369875
-0.15248097 12.603452 2.705235
1.7161244 12.599601 2.3989501
1.0838727 12.585508 2.063143
0.46231431 12.601923 1.7357354
-0.15106574 12.606484 1.4199476
1.7129377 12.589391 1.1079017
1.087834 12.584928 0.78484446
0.46346849 12.597314 0.47143039
-0.1526089 12.584634 0.15295926
1.7158369 12.610293 -0.1576142
1.0855743 12.590675 -0.4725914
0.46607214 12.606686 -0.7848953
-0.15178525 12.589868 -1.1027513
1.7253749 12.620217 -1.4344251
1.0894246 12.604345 -1.7452041
0.4625462 12.605865 -2.0553141
-0.15330134 12.58802 -2.3761704
1.7142727 12.618323 -2.7343345
1.0955598 12.610265 -3.0486486
0.46048197 12.609335 -3.3757803
-0.15453233 12.591226 -3.7036467
1.7155209 12.60651 -4.0926085
1.0883242 12.596373 -4.4196877
0.47813651 12.848834 -4.8507605
-0.16400318 13.167323 -5.3442225
1.7915157 12.6029 5.1757088
1.1644032 12.607624 4.7806129
0.5416913 12.602108 4.4026361
-0.075942025 12.604831 4.0475879
1.7867801 12.583916 3.7367826
1.1673895 12.610033 3.3836668
0.53953582 12.596656 3.0403664
-0.075201884 12.613766 2.7072988
1.7962023 12.60849 2.4026959
1.1641119 12.611513 2.0685382
0.53981185 12.603101 1.7363211
-0.073650271 12.596831 1.4187828
1.7939297 12.605184 1.1102394
1.1669734 12.598959 0.78615129
0.54121715 12.604981 0.47183272
-0.075531937 12.60937 0.15325139
1.7927829 12.596738 -0.1575793
1.1636944 12.593358 -0.4729512
0.54362816 12.608492 -0.78520066
-0.074733779 12.624358 -1.1057115
1.8017068 12.601893 -1.4335721
1.1665769 12.595628 -1.7449553
0.53995258 12.604347 -2.055568
-0.076102577 12.595839 -2.3775132
1.7914345 12.605942 -2.7339821
1.1730759 12.60504 -3.049068
0.53786582 12.606808 -3.3759241
-0.07729122 12.595003 -3.7045486
1.7953378 12.613298 -4.0983119
1.1688792 12.624943 -4.4321451
0.557383 12.855261 -4.8543863
-0.08329279 13.181707 -5.3497529
1.8723426 12.615458 5.1854868
1.2419155 12.602017 4.7812862
0.61942619 12.60709 4.4056215
0.0014030334 12.606124 4.0479302
1.8670479 12.593544 3.7429731
1.2449914 12.605164 3.3843462
0.61743557 12.605758 3.0434203
0.0021939795 12.60031 2.7043626
1.8736725 12.59818 2.4028766
1.240816 12.597463 2.0674436
0.61768478 12.610845 1.7378775
0.0036398766 12.587845 1.4177465
1.8705124 12.589041 1.1098075
1.2436039 12.584949 0.78573847
0.61888528 12.608256 0.47208855
0.0018373387 12.59586 0.15308444
1.8740555 12.612514 -0.15791753
1.2429456 12.606282 -0.47371405
0.62048471 12.594817 -0.78457141
0.0027259537 12.608369 -1.1042917
1.8816761 12.608554 -1.4356161
1.2453153 12.60316 -1.7470244
0.61726475 12.600455 -2.0555122
0.001187134 12.595474 -2.3774011
1.8688979 12.595723 -2.7342012
1.2520064 12.613832 -3.0529959
0.61539721 12.60714 -3.3769605
-8.066123e-06 12.608088 -3.7083273
1.8733144 12.606193 -4.0996609
1.2463959 12.618292 -4.4324117
0.63639057 12.854446 -4.8554621
-0.002407454 13.170487 -5.3450923
1.9511664 12.613117 5.1893482
1.3205189 12.60659 4.7860055
0.69627935 12.594172 4.4025168
0.078729205 12.602077 4.04671
1.9489037 12.611745 3.7518661
1.3244137 12.617309 3.389725
0.69513941 12.608402 3.0450313
0.079501137 12.598939 2.7041223
1.9529639 12.599514 2.4053714
1.3200867 12.608687 2.0705762
0.6943894 12.594799 1.7362206
0.08102832 12.611045 1.4203887
1.9531293 12.612252 1.1128893
1.3216263 12.584945 0.78622973
0.69654024 12.609717 0.47229442
0.079158589 12.601075 0.15315086
1.9514601 12.601115 -0.15792176
1.3206414 12.601932 -0.47384617
0.69845843 12.603492 -0.78536397
0.080023713 12.59774 -1.1033829
1.9614644 12.612583 -1.4374181
1.322437 12.593505 -1.7467779
0.69527483 12.609272 -2.0576077
0.078337476 12.573686 -2.3733346
1.9473032 12.591482 -2.7358229
1.3280896 12.593676 -3.0500324
0.69273204 12.602948 -3.3769128
0.077409118 12.616847 -3.7109733
1.9520237 12.603463 -4.1025906
1.3254125 12.625795 -4.4378204
0.71634847 12.869995 -4.8629041
0.07835447 13.161435 -5.3415132
2.0318165 12.621369 5.1977749
1.3995868 12.613932 4.7919626
0.77362704 12.591032 4.4029961
0.15598571 12.595938 4.0449691
2.0249844 12.59167 3.7495198
1.4005699 12.597815 3.3867331
0.77216327 12.598565 3.0437424
0.1569142 12.606948 2.705997
2.031894 12.597569 2.407335
1.396672 12.593539 2.0694568
0.77233386 12.601348 1.7377441
0.15836009 12.606582 1.4199687
2.0308471 12.602307 1.1130904
1.4009848 12.596049 0.7874456
0.77441382 12.613589 0.47260851
0.15651985 12.603878 0.1531937
2.0309644 12.602692 -0.15809472
1.4003983 12.61573 -0.47467917
0.77654529 12.611436 -0.7861411
0.15737736 12.601549 -1.1037803
2.0408316 12.612769 -1.4388394
1.4007252 12.594508 -1.7480764
0.77236009 12.600348 -2.0568862
0.15603383 12.617192 -2.3816826
2.0277562 12.599364 -2.7401872
1.4061472 12.592536 -3.0517883
0.7689023 12.579693 -3.3718824
0.15460867 12.598637 -3.7058265
2.0328386 12.613076 -4.1097031
1.4028882 12.617695 -4.4379158
0.79562443 12.87054 -4.8648629
0.15926 13.173221 -5.3465924
2.1118324 12.62428 5.2042122
1.4770838 12.606178 4.7923698
0.85266507 12.612603 4.4122863
0.23315336 12.588513 4.0429683
2.1077504 12.612176 3.7594066
1.478175 12.591829 3.3874986
0.85051763 12.609383 3.0475595
0.23381756 12.581684 2.7008314
2.113785 12.612502 2.4126217
1.4744349 12.589142 2.0701818
0.85066605 12.611584 1.7398427
0.23534031 12.585609 1.4177425
2.1110029 12.606733 1.1146045
1.4805146 12.606529 0.78865391
0.85106272 12.597783 0.47220305
0.23412731 12.617458 0.15337335
2.1084297 12.591035 -0.1581078
1.4752358 12.58519 -0.47386169
0.85468709 12.61786 -0.78685367
0.23448291 12.58889 -1.1027768
2.1154778 12.583912 -1.4370012
1.4811294 12.61253 -1.7518061
0.84974891 12.59669 -2.0571012
0.23310339 12.597415 -2.3781745
2.1085815 12.607942 -2.7448149
1.4848053 12.595699 -3.0547054
0.84824526 12.606985 -3.3805294
0.23199596 12.602132 -3.7072036
2.1099956 12.599188 -4.1093192
1.4819942 12.623427 -4.4430466
0.87393421 12.855889 -4.8612604
0.24011347 13.17347 -5.3471909
2.188252 12.605312 5.2018299
1.5563121 12.612335 4.7982507
0.92989278 12.605157 4.4115939
0.31097606 12.610578 4.0505915
2.1851304 12.599193 3.7594626
1.5577465 12.601428 3.3925881
0.9282915 12.609632 3.048939
0.31136268 12.594151 2.7038667
2.1894863 12.589819 2.4108071
1.553129 12.591825 2.0721512
0.92897403 12.618903 1.7416059
0.31308725 12.605157 1.4201341
2.1864545 12.582827 1.113656
1.5566077 12.587261 0.78803122
0.92948961 12.607842 0.472785
0.31123742 12.603436 0.15322322
2.1904862 12.605706 -0.15845783
1.556999 12.612917 -0.4752565
0.93171054 12.607203 -0.78653079
0.31223592 12.607939 -1.1045924
2.1958306 12.588922 -1.4390848
1.5585738 12.603876 -1.7518996
0.92715639 12.593024 -2.0573931
0.31054053 12.601632 -2.3792856
2.1863961 12.597609 -2.7454343
1.5629729 12.59368 -3.0564842
0.92583489 12.604951 -3.3814435
0.30923706 12.597214 -3.7062452
2.1918643 12.612478 -4.1179628
1.5606228 12.623806 -4.4464669
0.9530949 12.854259 -4.8627639
0.32102901 13.175399 -5.3486729
2.2702186 12.617563 5.2125359
1.6334778 12.60106 4.7976837
1.0067915 12.593862 4.4097199
0.38876262 12.621911 4.0549212
2.2681015 12.617284 3.7689424
1.638074 12.615011 3.3988872
1.0062586 12.611382 3.0507979
0.38901365 12.604327 2.7065129
2.2681165 12.584034 2.4123192
1.631157 12.588204 2.0731635
1.0041989 12.585568 1.737823
0.39029887 12.598964 1.4196795
2.2710412 12.610378 1.1173068
1.6350955 12.587349 0.78864998
1.0059916 12.591375 0.47239009
0.38862967 12.603386 0.15324871
2.2724454 12.617867 -0.15878296
1.6325581 12.589233 -0.47473261
1.0094552 12.606315 -0.78684694
0.38951752 12.603404 -1.1043838
2.2789307 12.607836 -1.4428183
1.6351609 12.588534 -1.7511288
1.0064979 12.613281 -2.0616727
0.38793737 12.602098 -2.3797781
2.2660646 12.597363 -2.7483594
1.6431516 12.606366 -3.0619526
1.0029956 12.596967 -3.3808889
0.38651967 12.594856 -3.7061796
2.2733972 12.622038 -4.1255608
1.6369134 12.605226 -4.4433761
1.0332689 12.864598 -4.8689823
0.40199417 13.177384 -5.3503795
2.3486795 12.609213 5.214942
1.70924 12.579569 4.7934041
1.086205 12.612519 4.4185038
0.46583208 12.609273 4.0517035
2.3444269 12.597485 3.7672544
1.713274 12.588752 3.3945806
1.0820098 12.58622 3.0462594
0.46691123 12.616998 2.7097981
2.3510587 12.600808 2.4182546
1.7126342 12.609382 2.0783429
1.0836356 12.605131 1.7414094
0.46767533 12.598429 1.4199158
2.352386 12.617724 1.1192155
1.7161975 12.605711 0.79044533
1.0827192 12.579008 0.47216648
0.46609426 12.604517 0.15329435
2.3474784 12.591101 -0.15862443
1.7129869 12.602619 -0.47562477
1.0867794 12.599791 -0.78684115
0.46710193 12.607795 -1.1049989
2.3570027 12.597647 -1.4432801
1.7164276 12.608053 -1.755276
1.0825568 12.591562 -2.0591698
0.46573249 12.612403 -2.3822188
2.346839 12.602127 -2.7524889
1.7221043 12.607997 -3.0648575
1.0814294 12.604081 -3.3845158
0.46416616 12.602415 -3.709172
2.3504796 12.606122 -4.1249952
1.715842 12.606811 -4.4475627
1.1131098 12.868703 -4.8730292
0.4830766 13.181079 -5.3529825
2.4292781 12.611562 5.2219796
1.7916265 12.605654 4.8074422
1.1622063 12.590802 4.413311
0.54334998 12.609829 4.0528769
2.4249001 12.599596 3.7722642
1.7922468 12.590378 3.3979204
1.1639812 12.631057 3.0587823
0.54381353 12.602179 2.7072809
2.4306998 12.598426 2.4206142
1.7899671 12.598602 2.0783374
1.1618229 12.607635 1.7427076
0.54469866 12.589069 1.4192108
2.4274304 12.590962 1.1181418
1.7952211 12.606941 0.79119831
1.1610229 12.584489 0.47263071
0.54371178 12.608091 0.15337551
2.4289691 12.598644 -0.15890424
1.7910974 12.597598 -0.4758411
1.1644219 12.596692 -0.78707904
0.54434013 12.602072 -1.1047691
2.4408209 12.616881 -1.4471724
1.7954395 12.609099 -1.7569222
1.1618799 12.607284 -2.0628679
0.54241186 12.59305 -2.3791473
2.4312119 12.624324 -2.7605429
1.7989371 12.59373 -3.0640149
1.1589701 12.599657 -3.3851736
0.5420652 12.612839 -3.7131493
2.4306061 12.606092 -4.1297879
1.7958701 12.615067 -4.4542785
1.1927373 12.869063 -4.8758454
0.56335878 13.164161 -5.347415
2.5126445 12.626715 5.2345395
1.8750757 12.635772 4.8232255
1.2418705 12.608108 4.4219646
0.62149853 12.622222 4.0580096
2.5055127 12.601329 3.7773149
1.8711959 12.590781 3.4010642
1.2384228 12.592771 3.0512936
0.6206733 12.589361 2.7052948
2.5090389 12.588703 2.4216585
1.8733858 12.628833 2.0851812
1.2386185 12.594761 1.7419457
0.62277919 12.602598 1.4211402
2.5054882 12.580081 1.1185197
1.875707 12.616977 0.79253548
1.2407491 12.602836 0.47359675
0.62167847 12.616998 0.15352736
2.5101964 12.603439 -0.15915598
1.8678489 12.582918 -0.4757106
1.2400187 12.572345 -0.78601831
0.62222755 12.610098 -1.1057867
2.5200748 12.611094 -1.4482551
1.8731347 12.600273 -1.7572609
1.2396375 12.604227 -2.0635734
0.61978245 12.591741 -2.3795738
2.5065844 12.598898 -2.7582943
1.8790311 12.601595 -3.0686758
1.2374326 12.604268 -3.3883884
0.61922109 12.604694 -3.7118001
2.509527 12.599058 -4.1324501
1.8740473 12.609232 -4.4561949
1.2736678 12.881625 -4.8834734
0.6459325 13.197444 -5.3624439
2.591912 12.620011 5.2382555
1.9500366 12.607635 4.8169622
1.3195661 12.603659 4.4231601
0.69845837 12.609557 4.0552397
2.5877051 12.609687 3.7845085
1.9505017 12.592525 3.4047039
1.3171419 12.599038 3.054713
0.69873601 12.600236 2.7085018
2.5942681 12.612127 2.4291811
1.9480038 12.598758 2.0821497
1.3180362 12.607593 1.7448061
0.70034951 12.603106 1.4216552
2.5907462 12.603951 1.1220342
1.9519439 12.597844 0.7920711
1.3171179 12.586025 0.47325984
0.698502 12.602455 0.15339968
2.5918071 12.608838 -0.159422
1.9486563 12.594715 -0.47659963
1.3202072 12.593792 -0.78785086
0.70009595 12.615156 -1.1065862
2.5979774 12.598163 -1.4485735
1.9518611 12.597885 -1.7585652
1.3173213 12.599912 -2.0641513
0.69866824 12.617242 -2.3851581
2.5884583 12.605758 -2.7632215
1.9549756 12.581189 -3.06657
1.3152865 12.601598 -3.3897767
0.69689745 12.606932 -3.7136481
2.5910814 12.604317 -4.1393118
1.9549112 12.620287 -4.4642572
1.3538898 12.885041 -4.887826
0.72625846 13.181643 -5.3577337
2.6689596 12.602278 5.2375932
2.0273874 12.595608 4.817029
1.3977637 12.603328 4.425971
0.77483439 12.589107 4.0501151
2.6655562 12.596068 3.7852588
2.0299461 12.594069 3.4084246
1.3952068 12.59779 3.0564287
0.77662241 12.605242 2.7105513
2.6718335 12.597044 2.4293876
2.0259492 12.590776 2.0828462
1.3950952 12.596784 1.7444621
0.77754223 12.596539 1.4214257
2.6704597 12.599261 1.1230544
2.0326581 12.607038 0.79341847
1.3972443 12.604102 0.47425303
0.77583891 12.598299 0.15340416
2.6676517 12.585746 -0.15933399
2.0297229 12.606267 -0.4774991
1.3988738 12.598217 -0.7886498
0.77720517 12.606033 -1.1061834
2.6779914 12.594975 -1.450069
2.0320787 12.60401 -1.7611272
1.3954208 12.598927 -2.0653539
0.77480185 12.592078 -2.3812551
2.6649442 12.585798 -2.7623787
2.0375204 12.602262 -3.0746961
1.3933544 12.600257 -3.3916519
0.77398658 12.598307 -3.7124364
2.6758833 12.623617 -4.1509647
2.0348852 12.624022 -4.4699111
1.4337906 12.884264 -4.8907762
0.80827612 13.195714 -5.3653674
2.7507534 12.606368 5.2462091
2.1095176 12.612134 4.8282089
1.4778289 12.618069 4.4342484
0.85453647 12.620611 4.0618615
2.7469165 12.598382 3.7909477
2.1115749 12.607594 3.4155276
1.4736147 12.598699 3.0587852
0.85531521 12.620349 2.7148771
2.7543263 12.604433 2.4340262
2.1057694 12.593675 2.0854237
1.4740123 12.602098 1.7464176
0.85505611 12.595026 1.4218204
2.7534487 12.608884 1.125397
2.1105926 12.598022 0.7936511
1.4764795 12.611727 0.47487184
0.85408825 12.607502 0.15357715
2.7489295 12.587931 -0.15957217
2.1087005 12.603528 -0.47787642
1.4772998 12.599212 -0.78926468
0.85569578 12.618072 -1.1076797
2.7570426 12.586616 -1.4510268
2.1104586 12.597759 -1.7620301
1.47579 12.616542 -2.0696869
0.85245419 12.593042 -2.3823817
2.7492449 12.601871 -2.7695572
2.1164722 12.599428 -3.0771151
1.47084 12.593164 -3.3921082
0.85152918 12.597095 -3.7135491
2.752414 12.60295 -4.1496439
2.1122723 12.611094 -4.4698386
1.5137112 12.882806 -4.8936567
0.88913351 13.189097 -5.3647943
2.8334823 12.613421 5.2562804
2.1889887 12.611188 4.8328977
1.5538206 12.597383 4.4302464
0.9299655 12.588143 4.0531721
2.8272746 12.595132 3.7951186
2.1913157 12.608335 3.419306
1.5515343 12.594639 3.0600533
0.93049645 12.58457 2.7083576
2.8276312 12.569591 2.4306026
2.1854014 12.594344 2.0877159
1.554302 12.617105 1.7497863
0.93306231 12.599562 1.4229519
2.8326471 12.600128 1.1261456
2.1885154 12.588645 0.79389137
1.5534114 12.598985 0.47474203
0.93191445 12.608572 0.15914479
2.8298507 12.587438 -0.16089042
2.1883111 12.603702 -0.48291922
1.5553409 12.596076 -0.79184943
0.93133765 12.588722 -1.1055841
2.8427591 12.607327 -1.4553982
2.1899695 12.597527 -1.761435
1.5495285 12.577641 -2.0722508
0.93219882 12.621303 -2.3911815
2.8287811 12.594847 -2.7716098
2.1954072 12.595762 -3.0818956
1.5507222 12.605359 -3.3989596
0.92687368 12.595602 -3.7158892
2.8319747 12.602249 -4.1502528
2.1948276 12.627897 -4.4739451
1.5976242 12.91283 -4.9076915
0.96990085 13.18145 -5.3676858
2.915498 12.616025 5.2647219
2.2678397 12.60592 4.8361206
1.6333719 12.605252 4.4364548
1.0105276 12.623925 4.0666127
2.9100304 12.60148 3.80234
2.2670033 12.585575 3.4168422
1.6300598 12.594736 3.0624495
1.00852 12.588902 2.7105706
2.9138956 12.591723 2.4382942
2.266077 12.59982 2.0908892
1.6312641 12.60404 1.7493296
1.011988 12.613961 1.4252527
2.9170053 12.613205 1.1288928
2.2699335 12.598383 0.79536885
1.6322951 12.601621 0.4752098
1.01012 12.613331 0.15928009
2.9130323 12.595778 -0.16122246
2.2658017 12.591129 -0.48296109
1.636104 12.61331 -0.79354906
1.0102359 12.603657 -1.1074193
2.9291589 12.628863 -1.4599316
2.2704356 12.601668 -1.763929
1.6306002 12.598227 -2.0772519
1.0080285 12.595404 -2.3874016
2.9099603 12.594355 -2.7753789
2.2797487 12.621344 -3.0915191
1.6310763 12.619112 -3.4053025
1.0069607 12.625023 -3.7263217
2.9097426 12.586776 -4.150959
2.2766786 12.638676 -4.4826288
1.6802827 12.929383 -4.9178085
1.0516247 13.186059 -5.3720894
2.9917393 12.593206 5.2627611
2.3492701 12.613913 4.8446259
1.7123438 12.607201 4.4407549
1.0867634 12.603519 4.0621114
2.9923217 12.60455 3.8087351
2.3520961 12.613855 3.4283741
1.7091913 12.598381 3.0658281
1.087584 12.603785 2.7151611
2.997025 12.598512 2.4431236
2.3444202 12.59145 2.0918481
1.7067536 12.580413 1.7474709
1.089494 12.608985 1.4254189
2.9971056 12.606692 1.1299347
2.3491123 12.594506 0.7960192
1.7117715 12.60746 0.47581714
1.0877171 12.609486 0.15931281
2.9973907 12.607644 -0.16419646
2.3464055 12.595179 -0.47709942
1.7161196 12.622542 -0.79014999
1.0876957 12.598889 -1.10443
3.0033059 12.596865 -1.4546274
2.3511591 12.605963 -1.7659104
1.7105453 12.607696 -2.0777111
1.0863786 12.601566 -2.3895662
2.9903824 12.589738 -2.7771375
2.3568347 12.605443 -3.0881841
1.7087802 12.611127 -3.4023249
1.0814567 12.584267 -3.7180588
2.9918523 12.589451 -4.1605024
2.3555393 12.631728 -4.4852881
1.7595938 12.918909 -4.9186263
1.1338214 13.194582 -5.3768029
3.0838451 12.635628 5.2882972
2.4314749 12.62445 4.8543115
1.7907406 12.604005 4.4434156
1.1658926 12.616261 4.0684471
3.0738771 12.603474 3.8140373
2.4302008 12.603085 3.4294348
1.7894031 12.608382 3.0708761
1.1644777 12.592318 2.7141788
3.0769653 12.590906 2.4452641
2.42345 12.586248 2.093415
1.7843523 12.572794 1.7479004
1.166585 12.599297 1.425106
3.0772276 12.599632 1.1309729
2.4287312 12.592218 0.79680145
1.7891752 12.597266 0.47583783
1.1630452 12.580703 0.15903634
3.080112 12.611207 -0.1644859
2.4275737 12.600943 -0.477873
1.7917215 12.599003 -0.78934973
1.1656566 12.599282 -1.1050706
3.0860898 12.600849 -1.4572469
2.4315429 12.607265 -1.7681494
1.7863145 12.585996 -2.0759022
1.1654775 12.614117 -2.3932571
3.0745373 12.599681 -2.7834399
2.4352953 12.596741 -3.0896549
1.7855886 12.596595 -3.4012961
1.1603396 12.595713 -3.7234738
3.0774233 12.60518 -4.1718621
2.4369488 12.637505 -4.4925642
1.843438 12.940217 -4.9309525
1.2152954 13.193181 -5.3791699
3.1636705 12.625856 5.2922325
2.5102229 12.615983 4.8568873
1.8717571 12.617811 4.4522486
1.2434407 12.610473 4.068964
3.1563685 12.605205 3.8203497
2.5126932 12.614076 3.4365561
1.8670805 12.599509 3.0714476
1.2432466 12.600396 2.7175133
3.1637037 12.609812 2.4526596
2.5066416 12.601352 2.0984457
1.8673579 12.601381 1.7534347
1.2448883 12.6022 1.4262716
3.1579885 12.594506 1.1322309
2.5089269 12.592018 0.79774797
1.8696604 12.607788 0.47665963
1.2418312 12.589692 0.1592433
3.158613 12.596769 -0.16561663
2.506408 12.593657 -0.47737223
1.8714854 12.604561 -0.79242146
1.2436078 12.598632 -1.1028422
3.1697221 12.607029 -1.4623246
2.511081 12.603284 -1.7698312
1.8672278 12.599903 -2.0795238
1.2414068 12.592044 -2.3874292
3.1576371 12.603919 -2.7891822
2.518919 12.613495 -3.1017606
1.8640201 12.593331 -3.4036491
1.2408947 12.62183 -3.7347021
3.1603785 12.608676 -4.1841497
2.5259869 12.680252 -4.5191307
1.9252032 12.9448 -4.9367909
1.2974824 13.198287 -5.3857617
3.2425823 12.612048 5.2946849
2.5920126 12.621899 4.8651958
1.9482157 12.600087 4.450129
1.3204896 12.599715 4.0680308
3.2383769 12.603984 3.8259304
2.5944672 12.61994 3.442426
1.9469235 12.604445 3.075505
1.3186612 12.574649 2.7136543
3.2414699 12.591923 2.4530022
2.5891476 12.61122 2.1026952
1.9485309 12.614853 1.7569398
1.3229203 12.601274 1.4270586
3.2426405 12.603782 1.1348319
2.5903218 12.596707 0.79903698
1.949478 12.612215 0.47727025
1.3207536 12.59802 0.15944813
3.2431705 12.605618 -0.16599149
2.5859094 12.589116 -0.47779262
1.946638 12.578931 -0.79154617
1.3213093 12.594777 -1.1031938
3.2549241 12.617991 -1.4658852
2.5881259 12.586478 -1.769668
1.9477155 12.608996 -2.082958
1.3197043 12.594294 -2.3893464
3.2347863 12.583809 -2.7890718
2.5976222 12.604379 -3.1033797
1.9457018 12.610466 -3.411443
1.3167849 12.599312 -3.73036
3.2396905 12.596847 -4.1867423
2.6087296 12.688763 -4.5277834
2.0074463 12.951138 -4.9438133
1.3797759 13.202847 -5.3909755
3.3252416 12.612145 5.3031917
2.6717398 12.616763 4.8694439
2.0279963 12.603461 4.4556317
1.3984089 12.597083 4.0698748
3.3166807 12.587778 3.8271167
2.6736329 12.612179 3.4447193
2.0285339 12.619059 3.0820498
1.4004098 12.607884 2.7226298
3.3226771 12.586969 2.4559631
2.6678047 12.601353 2.1037395
2.0270169 12.609621 1.7579103
1.4016403 12.605746 1.4285122
3.3197949 12.583193 1.1347909
2.6728907 12.6057 0.80063266
2.0261168 12.595591 0.47710258
1.400164 12.608904 0.15969163
3.3273287 12.611529 -0.16265449
2.6674798 12.593661 -0.48596948
2.0302978 12.607195 -0.79670924
1.401611 12.613848 -1.1115707
3.3297229 12.588093 -1.4663413
2.6740026 12.611375 -1.7759384
2.0259016 12.602128 -2.0871637
1.401018 12.622549 -2.3995669
3.3195698 12.592673 -2.7961419
2.6759741 12.593199 -3.1032798
2.0229733 12.597865 -3.4147148
1.3946378 12.596154 -3.728678
3.3254461 12.609048 -4.1899881
2.6867459 12.673499 -4.5220957
2.0863419 12.935268 -4.9420738
1.4615824 13.20155 -5.3941345
3.4091089 12.615717 5.3133893
2.7491071 12.600143 4.8694482
2.1040528 12.58337 4.4530096
1.4786747 12.613836 4.0781422
3.4003689 12.591308 3.8344612
2.7515752 12.59831 3.4454775
2.1056018 12.604439 3.0815766
1.4774052 12.596164 2.7220051
3.4047019 12.58429 2.4594703
2.7488716 12.602159 2.1066504
2.1042342 12.596252 1.7578133
1.4800075 12.605817 1.4295224
3.4065127 12.597982 1.1379882
2.7532785 12.60321 0.80153245
2.106636 12.602496 0.4778448
1.4760013 12.587255 0.15952913
3.4057455 12.594931 -0.16270688
2.7474048 12.589443 -0.48644808
2.1108837 12.614025 -0.79794437
1.478911 12.604405 -1.1115175
3.4137611 12.592737 -1.4692945
2.7540112 12.606981 -1.7776659
2.1041303 12.595096 -2.088098
1.4769127 12.600663 -2.397084
3.4018595 12.590888 -2.8003275
2.7646167 12.628719 -3.1161544
2.1041832 12.608877 -3.4211349
1.4730446 12.597144 -3.7315764
3.4051206 12.597172 -4.1929054
2.7791615 12.724091 -4.5461464
2.172739 12.964392 -4.9582014
1.5451819 13.214769 -5.4033084
3.4968514 12.632125 5.329236
2.8327 12.611225 4.8803563
2.1868029 12.602386 4.4644027
1.5542159 12.589717 4.0733509
3.4807982 12.581898 3.8380275
2.8315301 12.593218 3.448772
2.1845496 12.600786 3.0839028
1.557838 12.612541 2.7275586
3.4891696 12.589558 2.4646375
2.8321431 12.611762 2.1111209
2.1849949 12.603355 1.7606425
1.5592031 12.611669 1.4312439
3.492337 12.607848 1.1407938
2.8322353 12.593534 0.80200714
2.1836741 12.587892 0.47779012
1.5558223 12.599135 0.1597977
3.4847538 12.580263 -0.16279055
2.8291636 12.592659 -0.48723391
2.1874464 12.596251 -0.79765409
1.5586526 12.614773 -1.1132542
3.5010688 12.60794 -1.4735472
2.8345733 12.604337 -1.779712
2.186341 12.610602 -2.0928535
1.5586648 12.627525 -2.4039681
3.4848065 12.590567 -2.8049591
2.8397851 12.601454 -3.1136677
2.1809328 12.592394 -3.420229
1.5515214 12.597691 -3.734488
3.4874399 12.594418 -4.1990323
2.8538847 12.692138 -4.5409012
2.2559683 12.972217 -4.9663944
1.6273867 13.214372 -5.4071269
3.5710309 12.598913 5.324369
2.9120414 12.602321 4.8837328
2.266551 12.602422 4.4692583
1.6355897 12.611973 4.0837216
3.5717533 12.609088 3.8529346
2.9167221 12.610084 3.4582269
2.2662568 12.611814 3.0899465
1.6341381 12.594576 2.7257905
3.5755136 12.600203 2.4709699
2.9108212 12.599977 2.1120982
2.2645457 12.602291 1.7624017
1.6383018 12.615294 1.4327692
3.571239 12.591855 1.1413078
2.9109871 12.582542 0.80242956
2.2666893 12.606615 0.4790197
1.6330867 12.589259 0.15979654
3.5807941 12.625333 -0.16365501
2.9114585 12.597046 -0.48808569
2.2716887 12.621452 -0.80011755
1.6345611 12.593683 -1.1122572
3.5809507 12.595319 -1.4746122
2.9136043 12.594252 -1.7807788
2.2670641 12.615806 -2.0959864
1.6360685 12.617352 -2.4038973
3.5641353 12.576505 -2.8066456
2.9179459 12.58765 -3.1146224
2.2615011 12.597408 -3.4252956
1.6305965 12.601892 -3.7386291
3.5795951 12.625491 -4.2166362
2.9480011 12.744823 -4.5661364
2.3384969 12.974646 -4.972724
1.713425 13.242682 -5.4229112
3.6557312 12.602489 5.335259
2.9934008 12.601422 4.8904109
2.3508761 12.626089 4.4826827
1.7139051 12.608765 4.0860114
3.6525455 12.598983 3.8566225
2.9986601 12.611374 3.4635615
2.3427515 12.593116 3.0888295
1.7130543 12.596576 2.728447
3.6566296 12.591352 2.4735878
2.9880397 12.581716 2.1120708
2.3448861 12.604589 1.7647021
1.7160354 12.607635 1.4330684
3.659163 12.606669 1.1446642
2.993958 12.588918 0.80399257
2.3426518 12.585229 0.4787443
1.7116675 12.589043 0.15992408
3.6596549 12.608161 -0.16372041
2.9961381 12.610259 -0.48930076
2.3453393 12.587147 -0.79884017
1.7160887 12.614914 -1.1150413
3.6666112 12.602133 -1.4780164
2.9981742 12.607034 -1.7851536
2.3451493 12.605518 -2.0966284
1.7121687 12.597599 -2.4020903
3.654207 12.59912 -2.8166432
3.0044119 12.608472 -3.1242771
2.3406327 12.593398 -3.4280457
1.708356 12.595086 -3.7396495
3.6597342 12.612725 -4.2197924
3.0267394 12.728988 -4.5670304
2.4288139 13.017667 -4.9948301
1.7944587 13.230518 -5.4223366
3.7411754 12.607404 5.3469577
3.0761957 12.60548 4.8992186
2.4280655 12.610188 4.4822421
1.7937707 12.615818 4.0917864
3.7395658 12.609321 3.8667381
3.0767691 12.595944 3.4644437
2.4258296 12.608921 3.0962989
1.7935419 12.608524 2.7333672
3.7418644 12.595757 2.4789169
3.0724392 12.592883 2.1170702
2.424727 12.60319 1.7665559
1.7938513 12.600303 1.4334592
3.7422407 12.603491 1.146439
3.0777197 12.597217 0.80571353
2.4237585 12.591028 0.47952157
1.7924818 12.603626 0.16024604
3.7448506 12.612082 -0.16406663
3.0764081 12.603727 -0.48977056
2.4298017 12.610273 -0.80123889
1.7919211 12.59333 -1.1140844
3.7497315 12.599106 -1.4803319
3.075567 12.588783 -1.7852081
2.423981 12.598843 -2.0979526
1.7910476 12.598206 -2.4042561
3.7425499 12.613888 -2.8250256
3.0869424 12.611136 -3.1295722
2.4226162 12.60354 -3.4347887
1.7895372 12.612073 -3.7478831
3.7454915 12.618451 -4.2293181
3.120327 12.773795 -4.5898905
2.5128281 13.02421 -5.0031629
1.8781724 13.237357 -5.4297609
3.8256462 12.60789 5.3570185
3.1591661 12.609046 4.9080462
2.5103076 12.619749 4.4910312
1.872458 12.613419 4.0946579
3.8224688 12.604616 3.8724153
3.1577604 12.591834 3.4685774
2.5046165 12.601172 3.0981119
1.872087 12.605468 2.7351434
3.8327672 12.617618 2.4878011
3.1578681 12.606601 2.1225939
2.5038919 12.597527 1.7678825
1.8745669 12.612171 1.4360908
3.8253577 12.59957 1.1481959
3.1635144 12.61221 0.80789888
2.5058594 12.600513 0.4804593
1.8716952 12.60527 0.16040994
3.8277214 12.607162 -0.16430506
3.158231 12.602753 -0.49047649
2.5097234 12.608149 -0.80206734
1.8716253 12.598701 -1.1155545
3.8359966 12.605529 -1.4838243
3.156414 12.584278 -1.7872821
2.5064776 12.610081 -2.1023452
1.871778 12.610318 -2.4087143
3.8232949 12.601954 -2.8275535
3.1678176 12.606095 -3.1330857
2.5021265 12.599625 -3.4378409
1.8697636 12.620252 -3.7536521
3.8362143 12.639276 -4.2441072
3.2096138 12.798139 -4.6056275
2.5942998 13.016592 -5.0062575
1.9652784 13.265532 -5.4461608
3.9069846 12.597236 5.362577
3.2426591 12.613488 4.9174271
2.5888042 12.609518 4.492959
1.9511811 12.610505 4.0975218
3.9097464 12.613214 3.8823538
3.2468243 12.618317 3.4812946
2.5852802 12.602098 3.1021807
1.9485848 12.588492 2.7340031
3.9086013 12.588985 2.4868376
3.2424474 12.615334 2.1273742
2.5867062 12.609048 1.7716932
1.9532421 12.608985 1.4370656
3.9037786 12.579675 1.148544
3.239985 12.589238 0.80768555
2.5883451 12.610318 0.48142973
1.9490807 12.594039 0.1604162
3.9090853 12.596583 -0.16447671
3.2404525 12.602394 -0.49122712
2.5929768 12.621417 -0.80390841
1.9505981 12.597982 -1.1165296
3.9193413 12.601274 -1.4861262
3.239964 12.589516 -1.7908158
2.5824757 12.587985 -2.1012638
1.9506249 12.608335 -2.4105763
3.9045458 12.59115 -2.8304517
3.250628 12.607831 -3.1384151
2.5849054 12.610948 -3.4451928
1.9472108 12.608847 -3.7537427
3.9120369 12.610152 -4.2423086
3.2924092 12.795021 -4.6116886
2.6800764 13.029388 -5.0174093
2.0461712 13.250204 -5.4449205
3.9969776 12.613328 5.3797665
3.3242984 12.609684 4.9238038
2.6681898 12.603149 4.496438
2.0270517 12.58917 4.0945535
3.9882486 12.59272 3.8835053
3.3266778 12.607594 3.483902
2.6687143 12.615104 3.1093552
2.0310841 12.609166 2.741148
4.0006747 12.611744 2.4961355
3.3216116 12.602106 2.1285405
2.6659119 12.601858 1.7729481
2.0327165 12.610061 1.4385827
3.9951231 12.600366 1.1526496
3.3259268 12.6023 0.80981767
2.6666048 12.598605 0.48159817
2.0297809 12.603334 0.1606902
3.9963739 12.604124 -0.16489224
3.3233142 12.6035 -0.4920558
2.6688445 12.59806 -0.80344856
2.0294507 12.595639 -1.1174047
4.0050616 12.603654 -1.4892771
3.327616 12.609053 -1.7964656
2.666337 12.603436 -2.1065345
2.0295703 12.606181 -2.4125001
3.9920547 12.599541 -2.8377912
3.3289123 12.591373 -3.1393442
2.6657081 12.611273 -3.4496858
2.0250304 12.599708 -3.7546506
4.0018888 12.625507 -4.2556553
3.3794537 12.80716 -4.6234512
2.7685285 13.053036 -5.0329628
2.1317177 13.26405 -5.455883
4.0840411 12.618675 5.3926334
3.4091437 12.61694 4.9347124
2.7500503 12.607533 4.5039377
2.1083441 12.600907 4.1025014
4.0793724 12.611078 3.8968127
3.4075058 12.600002 3.4875166
2.7459817 12.598091 3.109256
2.1091645 12.600947 2.7421231
4.080112 12.593528 2.4974384
3.4026787 12.595571 2.130923
2.7468448 12.602051 1.7753131
2.1106532 12.600937 1.4389921
4.0762968 12.587765 1.1537632
3.4088895 12.602723 0.81117374
2.7453737 12.588955 0.48186415
2.1080108 12.596231 0.16076154
4.0779057 12.592548 -0.16506505
3.404774 12.59837 -0.49266186
2.7512331 12.604987 -0.80495191
2.1106117 12.606335 -1.1194812
4.0870667 12.593465 -1.4910084
3.4090798 12.603773 -1.7986597
2.7438409 12.587851 -2.1067038
2.1070549 12.594522 -2.4126976
4.0826144 12.615986 -2.8470836
3.4114454 12.590405 -3.1442626
2.7456834 12.606826 -3.4530127
2.1048596 12.602353 -3.759217
4.090097 12.63412 -4.2669377
3.4730978 12.842113 -4.6436749
2.85604 13.069995 -5.0461636
2.2140648 13.256709 -5.4583488
4.1690764 12.616636 5.4025931
3.4878335 12.600616 4.9366059
2.8299711 12.602061 4.5081019
2.1863399 12.591866 4.103848
4.1662436 12.61478 3.9057827
3.4875007 12.588772 3.4902654
2.8261781 12.594146 3.1125038
2.1882503 12.598173 2.7443898
4.1699271 12.606409 2.5050197
3.4843211 12.590431 2.1336305
2.8292913 12.60802 1.7785662
2.1897454 12.598185 1.4401852
4.169538 12.611158 1.1582305
3.4938807 12.609454 0.81297147
2.8303866 12.606703 0.48319918
2.1884906 12.601667 0.15692152
4.1678982 12.606012 -0.16443405
3.4905858 12.608211 -0.48923597
2.8311267 12.599451 -0.80345595
2.1880248 12.593732 -1.1141409
4.1730905 12.594796 -1.4972985
3.4917212 12.601998 -1.8046632
2.8261638 12.593676 -2.1029794
2.1874208 12.599365 -2.4137099
4.1619225 12.59668 -2.8486063
3.500978 12.613713 -3.1528866
2.8275502 12.610096 -3.4575088
2.1874995 12.606918 -3.7633889
4.1786485 12.637875 -4.2817826
3.5589821 12.846375 -4.6598248
2.9414239 13.075532 -5.0562067
2.2972381 13.25368 -5.4590554
4.2542324 12.614003 5.4125419
3.5744596 12.612058 4.9495878
2.9144588 12.615695 4.5192909
2.2681086 12.603484 4.112093
4.2499943 12.608047 3.9116981
3.574316 12.601113 3.4997017
2.9090946 12.60123 3.1186073
2.2687166 12.60232 2.7482738
4.2510633 12.592029 2.5072982
3.5685875 12.593795 2.1378708
2.9108522 12.608843 1.7811683
2.2710307 12.606857 1.4427423
4.2474847 12.587247 1.1584063
3.5791509 12.615855 0.81478482
2.9097161 12.597885 0.48353642
2.2694111 12.608221 0.15717357
4.2576647 12.617235 -0.16491811
3.5728889 12.604215 -0.48992237
2.9088085 12.583686 -0.80357361
2.2671866 12.590782 -1.1150897
4.2689295 12.624065 -1.503864
3.5767851 12.607848 -1.8086097
2.90626 12.588554 -2.1050625
2.264329 12.583711 -2.4133272
4.245677 12.590302 -2.8530018
3.5801494 12.598473 -3.1545088
2.9109468 12.618846 -3.4647403
2.2677991 12.60986 -3.7683504
4.2732291 12.662711 -4.2989998
3.6477301 12.859518 -4.6726232
3.0276604 13.083431 -5.0663495
2.3860188 13.281096 -5.4762745
4.331212 12.586679 5.4121184
3.6535821 12.596107 4.9520326
2.9930322 12.602711 4.5211339
2.3493659 12.610619 4.1190467
4.3371105 12.610329 3.9205887
3.6538196 12.586701 3.5018601
2.9930294 12.611244 3.125572
2.3469822 12.593431 2.7494242
4.344934 12.614155 2.5169652
3.6570034 12.610312 2.1444438
2.9896657 12.597073 1.7820634
2.3509762 12.606808 1.4443605
4.3357353 12.593178 1.1613786
3.6549804 12.588448 0.81444776
2.9882736 12.585323 0.48374891
2.3478131 12.599865 0.15724604
4.3405881 12.607097 -0.16513062
3.6567452 12.604755 -0.49080634
2.9945416 12.601696 -0.80588192
2.3491502 12.602118 -1.1173491
4.348546 12.604122 -1.5046384
3.6623511 12.614158 -1.8127043
2.9945576 12.617295 -2.1129014
2.3512714 12.622042 -2.4233997
4.3355222 12.600844 -2.8613648
3.6633127 12.59665 -3.1596212
2.9909363 12.61178 -3.4677737
2.3452015 12.596096 -3.7684662
4.3675361 12.684727 -4.3154917
3.7408962 12.886256 -4.6905909
3.1128418 13.085457 -5.0744348
2.4684019 13.27124 -5.478353
4.4316254 12.626153 5.4406819
3.737973 12.597619 4.9615507
3.0781131 12.616112 4.5326314
2.4272947 12.599065 4.12006
4.4256029 12.615399 3.9305344
3.7442906 12.608869 3.5143535
3.068924 12.586776 3.1241159
2.4284284 12.600688 2.7542098
4.4319177 12.61477 2.5224667
3.7332079 12.58392 2.1438107
3.0705566 12.593472 1.7841859
2.4299428 12.600738 1.445346
4.4236908 12.596996 1.1642121
3.7423174 12.600005 0.81666583
3.07304 12.597915 0.48494855
2.4242356 12.580836 0.15719123
4.425426 12.601764 -0.16541332
3.7381721 12.596077 -0.49135232
3.0730193 12.588046 -0.80619967
2.4288964 12.600256 -1.1184844
4.4342742 12.60128 -1.5075188
3.7418702 12.598825 -1.8137661
3.0735748 12.605473 -2.1140399
2.4261975 12.594526 -2.4209297
4.4189506 12.591649 -2.86538
3.7558341 12.625361 -3.172544
3.0688934 12.595771 -3.4684842
2.4232941 12.585876 -3.7697861
4.4569745 12.690971 -4.3268385
3.8295248 12.895489 -4.7024164
3.2054429 13.116723 -5.0940909
2.5541005 13.278273 -5.4876223
4.5158472 12.617812 5.4489255
3.822114 12.597239 4.9705439
3.1518006 12.582354 4.5273657
2.5043552 12.582927 4.1197305
4.5049763 12.593738 3.9323237
3.8238485 12.593103 3.516433
3.154485 12.601214 3.1324449
2.5100543 12.607425 2.758997
4.5162964 12.607044 2.5264153
3.8221841 12.599784 2.1504681
3.1513038 12.588506 1.7861882
2.5110841 12.605025 1.447578
4.5154028 12.610113 1.167963
3.829644 12.610018 0.8188225
3.1596851 12.616368 0.4863961
2.5080879 12.599399 0.15761247
4.5128427 12.602794 -0.16578719
3.8248024 12.603925 -0.49256465
3.1532211 12.581005 -0.80697268
2.5072412 12.590521 -1.1189648
4.519001 12.594709 -1.5100217
3.8280506 12.605084 -1.8180147
3.1496487 12.581526 -2.1132252
2.5085127 12.604939 -2.4258442
4.5104332 12.604273 -2.8744969
3.8340216 12.604676 -3.173198
3.1503789 12.593721 -3.4731774
2.5114384 12.62589 -3.7863157
4.5606484 12.735676 -4.3515391
3.9234493 12.920722 -4.7203074
3.2904401 13.115041 -5.1011825
2.6376755 13.273164 -5.4920959
4.6048374 12.621809 5.4627509
3.9147203 12.623151 4.9901524
3.238493 12.59993 4.5407548
2.5914748 12.615808 4.1356239
4.5932941 12.596376 3.9418738
3.9105983 12.600181 3.5250428
3.2377746 12.605093 3.1382887
2.5894861 12.602109 2.7612586
4.5991035 12.594257 2.5294607
3.9065959 12.599232 2.1544247
3.2407761 12.616778 1.7929876
2.5909367 12.601815 1.4490077
4.5994644 12.600723 1.1696854
3.909183 12.593489 0.81929129
3.2420151 12.61611 0.48714384
2.5859613 12.586751 0.15764979
4.6023827 12.60855 -0.16623127
3.9090137 12.602615 -0.49344155
3.2412887 12.603926 -0.80970335
2.5884237 12.594243 -1.1206861
4.6150379 12.618262 -1.516212
3.9087229 12.592314 -1.8195977
3.2355437 12.596046 -2.1189592
2.5924664 12.621726 -2.4320903
4.6042657 12.621808 -2.8848846
3.9211562 12.612647 -3.1812017
3.233989 12.599069 -3.4800596
2.5869169 12.600766 -3.7834709
4.6573367 12.758492 -4.3690166
4.0198174 12.951699 -4.7405462
3.38117 13.134691 -5.1167994
2.722559 13.273746 -5.499146
4.6901641 12.614744 5.4720459
3.9980726 12.617741 4.9976172
3.3177245 12.587335 4.543467
2.6698337 12.604381 4.1371708
4.6835132 12.602979 3.9528584
3.9961293 12.602095 3.5323718
3.3215899 12.609795 3.1444745
2.6694586 12.598707 2.7640502
4.6879344 12.59708 2.5357571
3.9930379 12.60409 2.1594043
3.321043 12.607718 1.7945621
2.6740232 12.613092 1.4521638
4.6928873 12.615794 1.1737353
3.9980385 12.60602 0.82168704
3.3195267 12.596593 0.48716757
2.6715622 12.610384 0.15666257
4.6892858 12.605947 -0.16657317
3.9961016 12.609421 -0.49465877
3.3223104 12.598006 -0.81061739
2.6716537 12.60645 -1.1232098
4.695004 12.596759 -1.5170612
3.9973276 12.60408 -1.8248079
3.3188534 12.599046 -2.1228495
2.6680186 12.596871 -2.4304099
4.6798005 12.588411 -2.8837602
4.0044122 12.607051 -3.1859276
3.3172734 12.601933 -3.4864075
2.6634991 12.581422 -3.7824984
4.7484331 12.764348 -4.3809166
4.1157804 12.979042 -4.7597079
3.470129 13.145629 -5.1292586
2.8072715 13.272475 -5.505652
4.7793164 12.61698 5.4856329
4.0861244 12.62605 5.0107455
3.4047644 12.603269 4.5566735
2.7494059 12.598224 4.1406088
4.7732882 12.607104 3.9632642
4.0805521 12.599486 3.5385919
3.4028487 12.603803 3.1481276
2.7468941 12.58292 2.7642326
4.7780886 12.602233 2.5426481
4.0795565 12.607959 2.164315
3.4026458 12.603051 1.7968359
2.7546268 12.61138 1.4538851
4.7785101 12.608671 1.1757784
4.0837946 12.607436 0.82339716
3.4023035 12.596527 0.48796323
2.752728 12.611354 0.1568815
4.7768378 12.604091 -0.16693281
4.0844269 12.618741 -0.49599817
3.4092398 12.613241 -0.81292838
2.7526844 12.606898 -1.1247336
4.7861629 12.604465 -1.5214976
4.0838742 12.607979 -1.8289659
3.4056642 12.613885 -2.1288307
2.7505126 12.604327 -2.4350588
4.7724481 12.600372 -2.8931541
4.0883589 12.602798 -3.1911321
3.403177 12.613372 -3.4952831
2.7478955 12.598073 -3.7925022
4.8373003 12.763034 -4.3905711
4.2042456 12.981039 -4.7698112
3.5607834 13.161278 -5.1437926
2.891772 13.269293 -5.5115886
4.862886 12.603598 5.4926848
4.1648755 12.604844 5.0123773
3.4810193 12.578478 4.555347
2.8329802 12.609267 4.1498737
4.8587265 12.598774 3.9699433
4.1672702 12.602897 3.546665
3.4913335 12.623228 3.1582711
2.8316786 12.599773 2.7716997
4.8679652 12.605409 2.5492678
4.1634951 12.602831 2.1677797
3.4859135 12.603632 1.7999344
2.8300612 12.585809 1.4529119
4.8668566 12.607793 1.178459
4.1697865 12.608479 0.82512087
3.4843566 12.592854 0.48864004
2.8362892 12.621955 0.15871783
4.8667607 12.607384 -0.16736878
4.1658845 12.605871 -0.49648774
3.4889643 12.600735 -0.81348687
2.8304806 12.591966 -1.1249295
4.8719978 12.597061 -1.5241838
4.1703014 12.610332 -1.8329847
3.4809196 12.585237 -2.1275604
2.8360689 12.624021 -2.4421794
4.862813 12.604912 -2.9009929
4.1711884 12.594316 -3.1954048
3.4786742 12.585621 -3.4934423
2.8286562 12.596615 -3.7972167
4.9460607 12.81222 -4.4178481
4.3005095 13.005478 -4.7883973
3.6482172 13.163516 -5.1533198
2.9794071 13.279255 -5.5232158
4.9568167 12.616 5.511241
4.2496457 12.601311 5.0212469
3.5704997 12.60052 4.571178
2.911535 12.597014 4.1516423
4.9603686 12.630928 3.9895906
4.2499089 12.593053 3.5511665
3.569814 12.605422 3.1592371
2.9150765 12.608727 2.7775517
4.9518738 12.592224 2.5526981
4.2511344 12.607855 2.1730897
3.5720367 12.613271 1.8044071
2.914701 12.600491 1.4566438
4.9575849 12.611934 1.1816672
4.250958 12.594169 0.8258757
3.5649099 12.583071 0.48909992
2.9175637 12.621102 0.15892924
4.9506922 12.594242 -0.16759443
4.2522845 12.607141 -0.49755606
3.571126 12.596416 -0.81460726
2.9179678 12.618805 -1.1289058
4.967073 12.612312 -1.529688
4.25669 12.61144 -1.8369077
3.5715184 12.611107 -2.1355984
2.9099846 12.591277 -2.4392533
4.9495168 12.598899 -2.906544
4.2562475 12.591738 -3.2013168
3.5675991 12.605614 -3.5050023
2.9124391 12.607351 -3.8057685
5.0404468 12.821987 -4.431797
4.3873668 12.999997 -4.7962008
3.7384481 13.174466 -5.1664891
3.063262 13.271255 -5.5276022
5.0466199 12.616563 5.5249104
4.3425527 12.62053 5.0394278
3.6607189 12.623103 4.5874329
2.9931488 12.597323 4.1577191
5.0368824 12.598016 3.9888821
4.3429923 12.612902 3.5642111
3.6541932 12.607779 3.1653876
2.9914665 12.586727 2.7766967
5.0471663 12.606866 2.5618963
4.3344622 12.599111 2.1761258
3.6534061 12.605063 1.8064059
2.9982038 12.60862 1.4596829
5.0450983 12.606818 1.1840661
4.3385406 12.598007 0.82785761
3.6535296 12.600547 0.49064139
2.9939063 12.598569 0.15887381
5.0492263 12.616977 -0.1683061
4.3349094 12.596354 -0.4981707
3.6547191 12.596221 -0.81602955
2.9939234 12.594703 -1.1283716
5.0519266 12.600451 -1.5319802
4.3368573 12.593407 -1.8381225
3.6518221 12.599274 -2.1373487
2.993248 12.598696 -2.4442024
5.0408907 12.6037 -2.9147325
4.3442502 12.596762 -3.2093108
3.6511271 12.605058 -3.5110109
2.9943006 12.608438 -3.8115711
5.1386628 12.839884 -4.4487977
4.4803948 13.011583 -4.8105278
3.8280799 13.181806 -5.1784816
3.1503949 13.276481 -5.5377259
5.1330328 12.604392 5.5251613
4.4289517 12.612814 5.0417337
3.7455802 12.601551 4.5903411
3.083777 12.626795 4.1764293
5.1375766 12.615141 4.0087199
4.4261742 12.602285 3.5706022
3.7335467 12.588877 3.1666851
3.0738814 12.603374 2.7876675
5.1339049 12.612264 2.5728545
4.426661 12.61044 2.1794417
3.7308776 12.595629 1.8090057
3.0750499 12.594233 1.4633374
5.1330924 12.605782 1.1925799
4.4228182 12.601377 0.8294912
3.7336032 12.599876 0.48682982
3.0781877 12.607697 0.15960568
5.1322098 12.601984 -0.16872308
4.4271736 12.607044 -0.4983522
3.7434876 12.604292 -0.81525993
3.0728137 12.597013 -1.136238
5.1361094 12.595331 -1.5314742
4.4315486 12.605647 -1.8387814
3.7353997 12.598475 -2.1429861
3.0710275 12.606223 -2.4495518
5.1452384 12.6141 -2.9284625
4.4346633 12.607722 -3.2179251
3.7330456 12.601811 -3.5116725
3.0772884 12.612581 -3.8224838
5.2347713 12.8482 -4.4619989
4.5774446 13.04385 -4.826436
3.9174516 13.196287 -5.1926332
3.2378936 13.279074 -5.5472012
5.2323937 12.626032 5.5486164
4.5068107 12.586939 5.0423503
3.8324823 12.610085 4.6019292
3.1585567 12.597111 4.1729426
5.2262077 12.610704 4.0174246
4.5129919 12.601624 3.5781932
3.8181081 12.590091 3.1728239
3.1532052 12.592457 2.78948
5.2153583 12.590571 2.5749094
4.5088792 12.596801 2.1818247
3.8180826 12.60548 1.8137512
3.1602516 12.606973 1.4670432
5.213697 12.582146 1.1933478
4.5091896 12.599529 0.83117509
3.8185675 12.602219 0.48781642
3.1598785 12.606083 0.15982769
5.2249551 12.607699 -0.16922565
4.5081797 12.590069 -0.49876526
3.8268828 12.60126 -0.81656724
3.1521518 12.586314 -1.1369963
5.2281289 12.599324 -1.5358316
4.5163035 12.599115 -1.8418363
3.8217349 12.60534 -2.1481023
3.1531169 12.606319 -2.453284
5.228713 12.597169 -2.9319246
4.5121183 12.580774 -3.2180531
3.8150771 12.594442 -3.5160761
3.1602714 12.616029 -3.8293335
5.3403449 12.880567 -4.4845352
4.6689959 13.04794 -4.838459
4.0060949 13.197519 -5.202693
3.3277667 13.29273 -5.5613317
5.3291693 12.639706 5.5661178
4.5977273 12.59678 5.0628505
3.9159899 12.606309 4.6075916
3.2455466 12.615408 4.1835027
5.3073692 12.587606 4.0227876
4.5982285 12.595612 3.5836527
3.9046934 12.596769 3.1804368
3.2370179 12.598589 2.7908719
5.3084087 12.596049 2.5821292
4.5930729 12.588044 2.1850142
3.9033492 12.607631 1.8178903
3.2431521 12.609135 1.4632477
5.3152795 12.607979 1.1962477
4.5969625 12.600537 0.83796012
3.9035664 12.603557 0.49157143
3.2421525 12.60584 0.16386206
5.3134298 12.601997 -0.16538109
4.5989943 12.59956 -0.49948403
3.9041078 12.577473 -0.81854022
3.2374153 12.59824 -1.1336592
5.315681 12.591505 -1.5376083
4.6091681 12.613976 -1.8467517
3.9052536 12.601807 -2.1570983
3.2361097 12.608953 -2.4528904
5.3217235 12.602297 -2.9392641
4.6066341 12.600463 -3.23437
3.8946042 12.578291 -3.5204837
3.2429757 12.611708 -3.8329418
5.4364629 12.89234 -4.5014572
4.7556438 13.03735 -4.8438854
4.1000638 13.214801 -5.223547
3.4190733 13.310234 -5.5768924
5.4191895 12.636065 5.5790534
4.6967621 12.627016 5.0864906
4.0022068 12.610214 4.6179075
3.3240719 12.599733 4.1849895
5.4064288 12.605921 4.0391665
4.6874847 12.59957 3.5928946
3.9902263 12.598825 3.1870773
3.32323 12.612531 2.7984247
5.4004755 12.597947 2.5892627
4.6886339 12.60913 2.1936269
3.9900169 12.6131 1.8221748
3.3215346 12.593074 1.4637214
5.4124188 12.621483 1.2006574
4.6894011 12.613002 0.84068674
3.9940717 12.621221 0.49320692
3.3270044 12.614391 0.16423552
5.4153352 12.626709 -0.16613832
4.6835132 12.590717 -0.50026333
3.9959137 12.599648 -0.8215636
3.3199961 12.598404 -1.1354858
5.4075556 12.592919 -1.5418037
4.6876431 12.588582 -1.8472102
3.9947176 12.616181 -2.1637137
3.3190851 12.610398 -2.4570873
5.4130793 12.602302 -2.9469566
4.7034049 12.624413 -3.2478645
3.9865394 12.601032 -3.5336282
3.32411 12.606031 -3.837343
5.5393372 12.914394 -4.5209403
4.8567734 13.065016 -4.8651452
4.1925774 13.225691 -5.2379212
3.500169 13.287075 -5.5760827
5.5102119 12.633738 5.595634
4.7748728 12.599861 5.0818806
4.0867953 12.607907 4.6278071
3.4097984 12.610455 4.1974463
5.4980879 12.605555 4.0473437
4.7835736 12.620347 3.6079042
4.0779347 12.606502 3.1953373
3.4077716 12.618618 2.8086965
5.4931946 12.60018 2.597116
4.7727809 12.598249 2.1969225
4.073246 12.606677 1.824404
3.4104304 12.615699 1.4751149
5.49476 12.599498 1.2043837
4.7768426 12.610754 0.83757502
4.0738783 12.604028 0.49070644
3.4043016 12.593589 0.1604367
5.5038428 12.61877 -0.17070533
4.7744708 12.598131 -0.50248164
4.0778723 12.589476 -0.82052928
3.4056721 12.609028 -1.144518
5.5069714 12.610448 -1.5492833
4.7813392 12.60319 -1.8549855
4.0826521 12.624209 -2.1637595
3.3993139 12.600601 -2.4639323
5.501986 12.595594 -2.9546323
4.7822909 12.599299 -3.2447619
4.0718279 12.601231 -3.5382991
3.4098907 12.616824 -3.8480787
5.6555071 12.965058 -4.5492191
4.9502378 13.070324 -4.8797269
4.2824912 13.227024 -5.2445159
3.5879395 13.288712 -5.5863385
5.6099806 12.650094 5.6180186
4.863493 12.599857 5.0938191
4.1730814 12.609794 4.6378117
3.4875226 12.590783 4.1979423
5.5870204 12.597939 4.0558295
4.8629761 12.596084 3.6094298
4.1627264 12.604 3.2011173
3.4881847 12.608497 2.8111551
5.5886927 12.607492 2.6056426
4.8615737 12.598739 2.2021682
4.1541333 12.592391 1.8259912
3.4875429 12.593698 1.4750167
5.5860353 12.597274 1.2074249
4.8581729 12.591683 0.83827245
4.160955 12.608538 0.4918668
3.4868579 12.591773 0.16068311
5.5923219 12.609914 -0.17104653
4.8709488 12.618511 -0.50447708
4.1686893 12.605481 -0.82322413
3.4885433 12.608015 -1.1463475
5.5928946 12.595902 -1.5516832
4.8715801 12.607256 -1.8599485
4.1573405 12.590756 -2.1623573
3.4807849 12.594771 -2.4669223
5.601975 12.612947 -2.9667106
4.8742409 12.60783 -3.2546
4.1570539 12.600209 -3.5451081
3.4913299 12.61043 -3.8525896
5.7404675 12.942545 -4.5535932
5.0457687 13.079692 -4.894691
4.3731527 13.229486 -5.2560325
3.6732922 13.280482 -5.5922489
5.7024875 12.648693 5.6328301
4.9532456 12.601664 5.1067405
4.2611942 12.615984 4.6496167
3.5793736 12.620841 4.2152076
5.675034 12.587419 4.0635767
4.9575334 12.610166 3.6221137
4.2461433 12.59649 3.2057667
3.5686677 12.598097 2.8136656
5.6755605 12.594298 2.610064
4.9433985 12.580411 2.2042251
4.2427917 12.600739 1.830942
3.5717013 12.596575 1.4778926
5.6719222 12.582052 1.2092791
4.9503179 12.599751 0.84081596
4.2476206 12.610616 0.49295533
3.5772483 12.616676 0.16127796
5.6770391 12.591886 -0.17127126
4.9534845 12.601623 -0.50500757
4.2568865 12.612046 -0.82534319
3.5722494 12.608999 -1.1484083
5.6865563 12.597861 -1.5561936
4.9570136 12.597887 -1.8630186
4.2469535 12.601912 -2.1687078
3.5700173 12.615644 -2.4752545
5.6866956 12.594802 -2.9705939
4.9622731 12.605025 -3.2616746
4.2396646 12.590427 -3.5496082
3.5695357 12.596988 -3.8549895
5.8528161 12.976468 -4.5783057
5.1465135 13.100883 -4.9143462
4.4623618 13.226467 -5.2656121
3.7655482 13.295959 -5.6083899
5.0447335 12.606666 5.1212153
4.3420591 12.599855 4.6534047
3.6548593 12.592137 4.2130322
5.7751808 12.602591 4.0798378
5.0432963 12.600701 3.6282158
4.3320136 12.595375 3.2121875
3.6531227 12.600873 2.8192387
5.7633057 12.582323 2.6148617
5.039259 12.596742 2.2124624
4.3300996 12.603781 1.8352103
3.6585393 12.607552 1.4817865
5.7740092 12.601561 1.2145362
5.0427561 12.607191 0.8433615
4.3356318 12.61549 0.49417651
3.657352 12.603987 0.1613996
5.7664676 12.583595 -0.17163657
5.0517507 12.62356 -0.50711936
4.3353987 12.58919 -0.82557279
3.6478441 12.580959 -1.1478716
5.7859635 12.611152 -1.5621915
5.0457907 12.596119 -1.8673006
4.3399744 12.621495 -2.17662
3.647198 12.592948 -2.4751458
5.785428 12.60665 -2.9817052
5.053442 12.609071 -3.2706835
4.3303165 12.603405 -3.5606914
3.6493905 12.583909 -3.8577671
5.9471769 12.972704 -4.5897665
5.2529459 13.134426 -4.9389267
4.5534439 13.227917 -5.2772131
3.8547273 13.299057 -5.6195679
5.1405849 12.621123 5.1398053
4.4320693 12.609337 4.6668625
3.7453651 12.614305 4.2280583
5.8630924 12.589879 4.0872917
5.1349883 12.605039 3.6384685
4.4284849 12.623484 3.2262254
3.7380552 12.604127 2.8250451
5.8728552 12.616444 2.6293924
5.1299829 12.598804 2.2183113
4.4198046 12.612505 1.8403947
3.7381797 12.592783 1.4827188
5.8669839 12.599744 1.2178078
5.1262388 12.591296 0.84438646
4.4163885 12.598435 0.49456066
3.7400026 12.599443 0.16163222
5.8605599 12.584458 -0.17213556
5.1289258 12.591866 -0.50710088
4.4237666 12.594249 -0.82766902
3.7321496 12.582547 -1.150084
5.8780031 12.607086 -1.5661262
5.1382289 12.602312 -1.8728572
4.4133511 12.583265 -2.1746562
3.7407098 12.625384 -2.4859858
5.8661766 12.578432 -2.9834883
5.1388707 12.597819 -3.2758825
4.4170127 12.603547 -3.568321
3.7435846 12.618754 -3.8754187
6.0509944 12.988193 -4.6082954
5.3466482 13.134398 -4.9511595
4.6420403 13.221136 -5.2857723
3.9364383 13.275766 -5.6198273
5.2265692 12.610192 5.1483169
4.5136418 12.593865 4.6712985
3.8270984 12.60559 4.2329288
5.965939 12.607994 4.1049805
5.2181087 12.587467 3.64257
4.5115714 12.612045 3.2303162
3.8265193 12.617881 2.8333373
5.9550762 12.590569 2.6315656
5.2167997 12.590279 2.2224047
4.5039725 12.604352 1.8432031
3.8235753 12.596617 1.4859046
5.9618173 12.600776 1.2214203
5.2231398 12.60725 0.84758955
4.5022445 12.595261 0.49551114
3.8301322 12.618732 0.16217813
5.9607682 12.597081 -0.17280528
5.2258873 12.607918 -0.50902909
4.5148945 12.605777 -0.83023155
3.8221598 12.601861 -1.1539714
5.9647231 12.590782 -1.5686179
5.2267475 12.597755 -1.8769109
4.5099649 12.610436 -2.1840935
3.8176095 12.600556 -2.4856627
5.977304 12.614073 -3.0005851
5.2247653 12.586992 -3.281342
4.5067315 12.611096 -3.5782201
3.826905 12.615206 -3.8814671
6.1604567 13.013946 -4.6307578
5.4398847 13.132117 -4.9627881
4.7329125 13.219878 -5.2967801
4.027771 13.284172 -5.6337414
5.3212719 12.61921 5.1652312
4.6036563 12.60104 4.6843495
3.9073594 12.591499 4.2361679
6.0509453 12.587288 4.1102495
5.3130498 12.597425 3.6548173
4.5976448 12.608181 3.236491
3.9041796 12.595164 2.8335621
6.0621085 12.615996 2.6446052
5.310812 12.598021 2.2294815
4.5831628 12.581794 1.843982
3.908416 12.597484 1.4888077
6.0569239 12.601201 1.225041
5.3122869 12.603168 0.84949058
4.5929852 12.604563 0.49697652
3.9072058 12.594087 0.16216645
6.0542488 12.594179 -0.17327179
5.3110423 12.59433 -0.50978661
4.5984788 12.595151 -0.83137447
3.9096892 12.611323 -1.1570128
6.0614629 12.594664 -1.5737056
5.3166242 12.595482 -1.8813972
4.596271 12.607252 -2.1883855
3.904676 12.608613 -2.4919312
6.0653696 12.599553 -3.0059273
5.3132792 12.581642 -3.2883844
4.5822673 12.578374 -3.5768461
3.9149482 12.621324 -3.8907921
6.2624073 13.025842 -4.6483293
5.5417175 13.149169 -4.9819894
4.8325558 13.241599 -5.3172641
4.1141562 13.275188 -5.6405315
5.4035888 12.597948 5.1700034
4.6986146 12.620167 4.7020888
3.9946933 12.599292 4.2469563
6.154891 12.604858 4.128242
5.4087062 12.607618 3.6673336
4.6900816 12.620534 3.2469883
3.9936922 12.609819 2.8423185
6.1501489 12.60058 2.6492341
5.4129105 12.623261 2.239784
4.6693821 12.57796 1.8475846
3.9956341 12.604799 1.4925418
6.149951 12.596205 1.2282007
5.4053111 12.60717 0.85197991
4.678997 12.59973 0.49790859
3.9883776 12.582397 0.16232799
6.1484938 12.591777 -0.17375454
5.4126697 12.618505 -0.51209986
4.6935482 12.614737 -0.83455253
3.9900315 12.596675 -1.1578934
6.1623216 12.6057 -1.5797797
5.4087582 12.597443 -1.8866118
4.6812339 12.599523 -2.1919882
3.984417 12.592156 -2.493464
6.1659541 12.60993 -3.0173726
5.413146 12.601806 -3.3022738
4.6731067 12.587046 -3.5873988
3.9907892 12.59224 -3.8893023
6.3740525 13.052366 -4.6716633
5.6499095 13.179333 -5.0064583
4.9198084 13.228085 -5.3238583
4.2085676 13.290856 -5.6580539
5.4956784 12.598694 5.1840506
4.7840605 12.612449 4.7100616
4.0813236 12.603564 4.2567577
6.2446089 12.592045 4.1365166
5.5022011 12.61141 3.6781883
4.7713952 12.601988 3.2496877
4.0751157 12.597833 2.8451996
6.2468925 12.602032 2.6575482
5.4965887 12.604314 2.2423644
4.7666063 12.602306 1.8554223
4.0806723 12.60405 1.4953898
6.2578316 12.620159 1.2342572
5.4910226 12.593161 0.85329401
4.7669778 12.599218 0.49903485
4.0779018 12.595974 0.1628229
6.2425466 12.587904 -0.17422637
5.4982481 12.603978 -0.51286983
4.7731814 12.591817 -0.83495808
4.0745902 12.594649 -1.1599834
6.2557096 12.600195 -1.5838703
5.5028882 12.602802 -1.8924358
4.7652907 12.588619 -2.195137
4.0747404 12.608111 -2.5015273
6.2739215 12.6337 -3.0322154
5.5110331 12.615665 -3.3147042
4.7648368 12.596698 -3.5984147
4.0786619 12.600522 -3.8995161
6.4711447 13.047538 -4.6840591
5.7414041 13.169038 -5.0158358
5.0051899 13.209017 -5.3284445
4.2921281 13.27124 -5.6608086
5.5851197 12.592332 5.1954365
4.8735275 12.614353 4.7218513
4.1736932 12.623994 4.2722263
6.3472128 12.604045 4.1531744
5.5889373 12.59873 3.6844227
4.855906 12.59134 3.2545643
4.1605601 12.597486 2.8508334
6.3394551 12.593969 2.664001
5.5905433 12.608061 2.2490911
4.8537173 12.598456 1.859205
4.1637926 12.596501 1.4974972
6.3625107 12.635862 1.2395878
5.586297 12.600073 0.85606885
4.857204 12.603484 0.50037491
4.1671267 12.607062 0.16329367
6.3479347 12.605497 -0.17500569
5.5811758 12.582847 -0.51339382
4.8627086 12.594291 -0.83708495
4.1604757 12.595698 -1.1624094
6.3491306 12.59376 -1.5879287
5.5931697 12.598207 -1.8968636
4.8617702 12.609267 -2.203898
4.1516171 12.581633 -2.5012808
6.3606558 12.613475 -3.0366712
5.5995431 12.60684 -3.3213503
4.8499713 12.587812 -3.6043098
4.1709528 12.620803 -3.9136393
6.5758796 13.056824 -4.7017894
5.8415527 13.177443 -5.0325947
5.1087832 13.236716 -5.3521628
4.3773308 13.25632 -5.6657948
5.6769867 12.599881 5.2163486
4.9566936 12.599101 4.727438
4.2594719 12.623034 4.2806659
6.4437861 12.602717 4.1656876
5.6863098 12.608933 3.6975405
4.9490891 12.602087 3.26513
4.2483616 12.60447 2.8545482
6.4404216 12.601421 2.6738863
5.6750317 12.595289 2.2521064
4.9449434 12.604159 1.8644893
4.249536 12.604092 1.4971752
6.4454865 12.607471 1.240659
5.6788759 12.587011 0.85761118
4.9415803 12.591622 0.50109833
4.248683 12.594162 0.16357489
6.4441967 12.603539 -0.17552418
5.6774311 12.590839 -0.51513159
4.9561014 12.605438 -0.83983129
4.252214 12.613034 -1.1663952
6.4451804 12.59148 -1.5925977
5.691762 12.611057 -1.9040209
4.9437222 12.591104 -2.2059836
4.2445016 12.602726 -2.5106046
6.4502163 12.598204 -3.0424657
5.6885452 12.598274 -3.328227
4.9476414 12.610126 -3.6193233
4.2482581 12.594807 -3.9135888
6.6866169 13.072734 -4.7194548
5.9332972 13.165759 -5.0419416
5.1930857 13.21321 -5.355442
4.4636831 13.24433 -5.6722698
5.7775249 12.615761 5.2375007
5.0564208 12.624661 4.7485814
4.333313 12.5864 4.2771792
6.5384612 12.596597 4.1768465
5.776854 12.602786 3.706063
5.0453219 12.619006 3.2774732
4.337234 12.611932 2.8622115
6.5366344 12.59831 2.6816866
5.7752385 12.610519 2.2611234
5.0349193 12.605454 1.8692158
4.3375182 12.608956 1.5008863
6.5392742 12.599573 1.2438071
5.7786531 12.601326 0.86098617
5.0312185 12.592275 0.50234342
4.3380656 12.60326 0.16403569
6.5367718 12.593356 -0.17593764
5.7826877 12.617093 -0.51764768
5.040679 12.59309 -0.84105349
4.3321819 12.59443 -1.1671109
6.553864 12.612401 -1.6003002
5.7761216 12.591344 -1.9063598
5.0393095 12.60662 -2.2140779
4.3376036 12.622578 -2.519814
6.5533295 12.608287 -3.0545542
5.7750921 12.58351 -3.3336256
5.0357723 12.60669 -3.6271377
4.3362617 12.599893 -3.923363
6.7967606 13.089342 -4.7404175
6.0370846 13.179566 -5.0613203
5.2896695 13.220102 -5.3712897
4.5561028 13.249372 -5.686295
5.8837843 12.642298 5.2634063
5.1389537 12.606066 4.7533574
4.4207158 12.588778 4.2871246
6.6400852 12.602655 4.192287
5.8732066 12.608177 3.7181756
5.1265469 12.597373 3.2799628
4.4243002 12.612913 2.868541
6.6391277 12.606031 2.6919508
5.8771591 12.627814 2.2706478
5.1230931 12.601189 1.8732094
4.4246407 12.610144 1.504231
6.637887 12.599882 1.2478348
5.8753791 12.607505 0.86385536
5.1280475 12.609507 0.50427663
4.4228692 12.597918 0.16431628
6.6439166 12.609942 -0.17673558
5.8724089 12.608024 -0.51874417
5.1308637 12.593862 -0.84319174
4.4168878 12.589014 -1.1690986
6.6385536 12.586026 -1.6020919
5.8660474 12.583069 -1.9105206
5.121861 12.588472 -2.2163687
4.4183922 12.605485 -2.5217664
6.6470747 12.599123 -3.0621579
5.8800745 12.607616 -3.3495069
5.1248717 12.604677 -3.6355376
4.4304023 12.621223 -3.9383955
6.9145141 13.118666 -4.7663131
6.1327014 13.174207 -5.073617
5.3907261 13.236601 -5.3913307
4.6498809 13.256996 -5.7017045
5.9667525 12.617602 5.2682691
5.2303824 12.608474 4.7662773
4.5171156 12.615151 4.3054643
6.7343473 12.593575 4.2029328
5.9674435 12.607788 3.7287891
5.2212973 12.608061 3.2910252
4.5022817 12.587409 2.8689699
6.7372336 12.604122 2.70032
5.957036 12.596815 2.2716033
5.2080288 12.58816 1.8759878
4.5059171 12.593895 1.5055625
6.7288847 12.584745 1.2504013
5.9726448 12.613492 0.86676037
5.2161117 12.603877 0.50532192
4.514555 12.610961 0.16484462
6.7379069 12.60025 -0.17717585
5.9645162 12.603146 -0.5200395
5.2229977 12.598216 -0.84561306
4.5085216 12.602126 -1.1728634
6.7583256 12.624765 -1.6122714
5.9659514 12.59499 -1.9178526
5.2234716 12.615898 -2.2267983
4.5072012 12.610441 -2.5282431
6.7399187 12.587351 -3.0692902
5.9676132 12.593015 -3.3552926
5.2191005 12.614044 -3.6474071
4.507513 12.593111 -3.9381797
7.0067663 13.098215 -4.7744136
6.2287116 13.168654 -5.0861025
5.4825416 13.229089 -5.4018717
4.7292962 13.223073 -5.6994882
6.0572495 12.60821 5.2797661
5.3171787 12.598723 4.7748351
4.5994849 12.60103 4.3101954
6.841979 12.608196 4.2217436
6.0591612 12.601027 3.7377148
5.3146381 12.613948 3.3010118
4.5989156 12.612984 2.8811762
6.8334622 12.59761 2.7078567
6.0577025 12.608911 2.2804446
5.30091 12.593358 1.8815745
4.5953703 12.599634 1.5095911
6.8329759 12.592979 1.2553617
6.0597711 12.597071 0.86817068
5.3085375 12.607708 0.50677192
4.5980139 12.59992 0.16506599
6.8368235 12.598713 -0.17774077
6.0621533 12.608778 -0.52179694
5.3167777 12.605232 -0.84825778
4.5957699 12.601668 -1.175423
6.8483772 12.606463 -1.6152703
6.0662928 12.606298 -1.9252064
5.3112907 12.608557 -2.2312131
4.5921693 12.603617 -2.5324764
6.84097 12.589823 -3.0800705
6.0700383 12.608651 -3.3693192
5.2978964 12.585336 -3.6484373
4.5936718 12.58981 -3.945888
7.1264515 13.127642 -4.8009887
6.3319087 13.177037 -5.10425
5.5718436 13.214725 -5.4098654
4.8257976 13.236196 -5.7177997
6.1571498 12.617223 5.2992616
5.4101081 12.602492 4.7887545
4.6894827 12.60689 4.3219614
6.9453535 12.613451 4.2376933
6.1542845 12.600299 3.7486293
5.4055414 12.612846 3.3093412
4.6842113 12.606034 2.8861001
6.9382939 12.6057 2.7186961
6.1408477 12.583578 2.282635
5.4033728 12.619662 1.8904226
4.6816564 12.595581 1.5125188
6.9454541 12.615 1.2617815
6.1624103 12.611754 0.87177223
5.392252 12.58997 0.50737929
4.6889215 12.608259 0.16554904
6.9436536 12.610381 -0.17850311
6.1535745 12.600356 -0.52300113
5.4043789 12.59651 -0.84988648
4.6826439 12.599162 -1.1778471
6.9370856 12.585043 -1.6179491
6.1585999 12.599671 -1.929929
5.4021358 12.607424 -2.2368362
4.6763062 12.593755 -2.5362129
6.9510889 12.607462 -3.0947621
6.1619315 12.601111 -3.3773446
5.3918114 12.59181 -3.6598361
4.6861434 12.602556 -3.9588201
7.2345858 13.133989 -4.8194542
6.432301 13.178213 -5.1198978
5.6669569 13.213244 -5.4233918
4.9170403 13.233567 -5.7295895
6.2538118 12.61827 5.3157177
5.5058546 12.611482 4.8049173
4.7725587 12.593208 4.3272285
7.0364418 12.595343 4.2460356
6.2563233 12.612376 3.7635725
5.4956031 12.608744 3.31705
4.7683334 12.595179 2.8902588
7.0422282 12.610735 2.7290497
6.2466803 12.603642 2.2931843
5.4787807 12.581859 1.8897599
4.7692947 12.594191 1.5158374
7.0350065 12.594128 1.2639875
6.2606015 12.615867 0.87469542
5.4912801 12.606874 0.50940889
4.7743883 12.600873 0.16583359
7.0365348 12.595527 -0.17890064
6.251616 12.604388 -0.52475083
5.4960175 12.59623 -0.85212678
4.7724018 12.603307 -1.18095
7.0462728 12.599638 -1.6253531
6.252841 12.595986 -1.935205
5.4846783 12.58617 -2.2389941
4.7632208 12.59054 -2.5414033
7.0404096 12.586192 -3.1000869
6.2684679 12.62213 -3.3932228
5.4843874 12.593888 -3.6701522
4.7827806 12.624768 -3.9749417
7.3377104 13.129921 -4.8343916
6.523798 13.160198 -5.1283545
5.7567568 13.198475 -5.431726
5.0052767 13.221978 -5.7377615
6.343997 12.605247 5.3265309
5.5962529 12.607015 4.8162079
4.8623219 12.596283 4.3384552
7.1357899 12.591097 4.2592845
6.3557663 12.617768 3.7767479
5.5815692 12.594425 3.3222306
4.8569593 12.595332 2.8970785
7.1424427 12.607832 2.7378545
6.3404489 12.597962 2.2991862
5.5734673 12.587729 1.8957424
4.8577757 12.593969 1.5193698
7.138207 12.59671 1.2686186
6.3415799 12.584533 0.87520438
5.5824876 12.604456 0.51068568
4.8610129 12.59569 0.16615479
7.1420269 12.602119 -0.17961335
6.3402662 12.588483 -0.52569836
5.5914087 12.603306 -0.85491037
4.8578272 12.595002 -1.1829426
7.1528897 12.608057 -1.6320704
6.3538709 12.604713 -1.942499
5.5838208 12.601973 -2.247858
4.8577795 12.606215 -2.5505359
7.1548171 12.60851 -3.116339
6.3604116 12.612408 -3.4010372
5.5749335 12.590205 -3.6789782
4.8689003 12.617846 -3.982094
7.4365196 13.117079 -4.8463726
6.6278262 13.166409 -5.1465259
5.8457837 13.181283 -5.4393101
5.0899248 13.20039 -5.741838
6.4552689 12.632711 5.354773
5.6965847 12.62359 4.8358021
4.9548879 12.605308 4.351953
7.2278447 12.573052 4.2681026
6.4420757 12.596145 3.7820361
5.6730366 12.591667 3.3306229
4.9552774 12.619092 2.9094825
7.2418637 12.602394 2.7462711
6.4400749 12.602745 2.3072274
5.6682072 12.592409 1.9016495
4.9475985 12.596102 1.5232611
7.2532096 12.618512 1.2752727
6.4514832 12.609503 0.87967747
5.6776109 12.609694 0.51229978
4.9492898 12.593825 0.16652767
7.2478447 12.607858 -0.1803256
6.4472337 12.607706 -0.52814329
5.6785383 12.590716 -0.85640383
4.9460225 12.592982 -1.185581
7.254848 12.606906 -1.637653
6.456481 12.615095 -1.9501677
5.6777749 12.604624 -2.254503
4.94525 12.602192 -2.5558136
7.2538733 12.602292 -3.1257443
6.4559884 12.6089 -3.4107091
5.6704187 12.596497 -3.6909146
4.9572368 12.615744 -3.9909546
7.5404124 13.11215 -4.8615546
6.737699 13.182645 -5.1689348
5.9433303 13.182377 -5.4547081
5.1804943 13.193534 -5.7525744
6.5465927 12.619723 5.3661933
5.7787628 12.598924 4.8398457
5.0452495 12.607428 4.3632913
7.3478751 12.602249 4.2932382
6.5443125 12.604668 3.7965803
5.7690158 12.597728 3.3415265
5.0415645 12.610839 2.9146571
7.3529415 12.615863 2.7589862
6.5333858 12.594032 2.312928
5.7714562 12.614417 1.9102852
5.0378222 12.598093 1.5272112
7.3508878 12.608743 1.2788197
6.5500402 12.610703 0.88254845
5.7670712 12.601268 0.51338542
5.041079 12.599731 0.16701162
7.3425298 12.593095 -0.18075544
6.5409813 12.59971 -0.52947968
5.7746096 12.596918 -0.85921955
5.0365124 12.595692 -1.1887232
7.3609953 12.611719 -1.6441145
6.5442376 12.595398 -1.9532937
5.7686749 12.599396 -2.2598562
5.0338273 12.600013 -2.5615871
7.3535533 12.596071 -3.1353338
6.5600324 12.620605 -3.4246993
5.7665696 12.602919 -3.7030945
5.0448422 12.610812 -3.9991117
7.6538877 13.122493 -4.8827105
6.8347068 13.172371 -5.181253
6.0392227 13.178654 -5.4683981
5.2723432 13.189 -5.7645946
6.640718 12.61125 5.3798161
5.8728461 12.599461 4.8538032
5.1295319 12.593472 4.3692718
7.4479389 12.595612 4.3064651
6.6379333 12.5954 3.8059855
5.8579679 12.587373 3.3482504
5.1274447 12.600793 2.9195518
7.4434443 12.592895 2.7638996
6.6377082 12.605307 2.3224349
5.8528633 12.587616 1.9116291
5.1234202 12.587563 1.5297168
7.4539843 12.607153 1.2832731
6.6431246 12.600302 0.88465649
5.8616042 12.602886 0.514907
5.1299796 12.59726 0.16739297
7.4516912 12.601976 -0.18153577
6.6384811 12.597885 -0.53110474
5.8693171 12.598862 -0.86179239
5.1320791 12.609702 -1.1929948
7.4539509 12.592854 -1.6475868
6.6435409 12.596994 -1.9598261
5.8641009 12.602935 -2.2669022
5.1261544 12.606045 -2.5691597
7.4582 12.597157 -3.1469357
6.6485224 12.601297 -3.4304655
5.8590522 12.600116 -3.7127647
5.1365185 12.614969 -4.0103493
7.7629294 13.123746 -4.9008083
6.9359655 13.169229 -5.1966591
6.1345778 13.172711 -5.4814482
12.493192 20.835579 9.8628521
6.7426414 12.616424 5.3995705
5.9707766 12.606962 4.8707151
5.2301083 12.618216 4.3889084
7.5521488 12.594811 4.3219538
6.7408476 12.602586 3.8205831
5.9704905 12.626047 3.3682196
5.2162671 12.597111 2.9260597
7.5487661 12.594024 2.7742615
6.729002 12.590675 2.3273027
5.9465175 12.586451 1.9169573
5.2225914 12.609079 1.5361972
7.5487976 12.59053 1.2862718
6.7440968 12.603749 0.88778728
5.9605708 12.612703 0.51679265
5.2268114 12.612923 0.16802409
7.5516529 12.594003 -0.18208498
6.7483582 12.618062 -0.53369099
5.961061 12.593348 -0.8639009
5.2135372 12.588073 -1.1939527
7.5672169 12.607088 -1.6554929
6.7448988 12.601186 -1.9668798
5.9517436 12.588764 -2.2708795
5.215858 12.604441 -2.5753071
7.5621119 12.595723 -3.1581101
6.7424169 12.591455 -3.4389837
5.9580994 12.610167 -3.726428
5.2221894 12.603401 -4.0167828
7.8725119 13.124551 -4.919055
7.0315542 13.154323 -5.2077045
6.2333012 13.172889 -5.497334
12.595239 20.716484 9.8428755
6.8420067 12.615524 5.4170508
6.0625348 12.600259 4.8824053
5.3129649 12.599002 4.3934817
7.6649303 12.60686 4.3421459
6.8422174 12.605513 3.8341262
6.0518441 12.59749 3.3704443
5.318378 12.62401 2.9398324
7.6542554 12.594125 2.7845771
6.8365531 12.605243 2.3377054
6.0479994 12.600487 1.9247109
5.3096905 12.600122 1.5390464
7.6578584 12.596527 1.2916605
6.8487706 12.612711 0.89136189
6.0465088 12.59393 0.51753384
5.314467 12.605192 0.16835235
7.6630516 12.603786 -0.18290281
6.8418183 12.606201 -0.53495485
6.0511541 12.583431 -0.86575139
5.3171711 12.618719 -1.1999314
7.6686416 12.6002 -1.660736
6.8389215 12.590547 -1.9717321
6.059485 12.615738 -2.2824094
5.3069544 12.605109 -2.5820484
7.6786032 12.613723 -3.1743765
6.85777 12.620181 -3.4582572
6.0498257 12.603502 -3.7353582
5.3218002 12.624199 -4.0337424
7.9805074 13.121401 -4.9361348
7.1280289 13.140228 -5.2193422
6.3210568 13.14905 -5.5034685
12.769617 20.715878 9.8796282
6.9381847 12.607649 5.4318476
6.1628003 12.610018 4.9007478
5.396894 12.581839 4.398962
7.7765164 12.615356 4.3614254
6.9474039 12.614076 3.8496242
6.1573043 12.618067 3.3859942
5.4022522 12.606342 2.943382
7.754777 12.584879 2.7930009
6.9363632 12.604115 2.345345
6.1376934 12.588766 1.9286368
5.40556 12.61083 1.5443765
7.7675338 12.602076 1.2970924
6.9499812 12.613918 0.89444411
6.1472678 12.60498 0.51952821
5.4063811 12.606553 0.16881041
7.7711067 12.606598 -0.18363214
6.9401026 12.602234 -0.53658348
6.1562133 12.603311 -0.86970174
5.4051971 12.610817 -1.2023112
7.7835236 12.61403 -1.6688222
6.9522815 12.614091 -1.9820626
6.1502519 12.605932 -2.2874198
5.3960767 12.600045 -2.5877447
7.7907701 12.622941 -3.1886666
6.9416862 12.589853 -3.4615533
6.1484871 12.610119 -3.7484305
5.408854 12.613914 -4.0409846
8.08846 13.11693 -4.9530306
7.2256513 13.127365 -5.2317448
6.4185491 13.144691 -5.518024
13.060284 20.899244 10.005109
7.0532064 12.632527 5.4611096
6.25457 12.601204 4.9121447
5.4915705 12.588781 4.4130874
7.8737164 12.599312 4.3724985
7.0413513 12.601058 3.8587649
6.2479405 12.606944 3.3932331
5.491055 12.599465 2.9495876
7.8647346 12.5897 2.804728
7.0328488 12.595844 2.3517919
6.2385678 12.598826 1.9360062
5.4969387 12.609774 1.5483487
7.8566427 12.573275 1.2990654
7.0474458 12.607171 0.89701509
6.2421761 12.602719 0.52100384
5.4963522 12.602307 0.16920197
7.8853054 12.617871 -0.18449767
7.0452509 12.609442 -0.53872091
6.25214 12.603015 -0.87231213
5.4991908 12.615765 -1.2059772
7.8891845 12.611446 -1.6748533
7.0426002 12.594534 -1.9857422
6.2479682 12.609297 -2.2949436
5.4899073 12.604856 -2.5956023
7.8967185 12.620676 -3.2002745
7.0466866 12.596864 -3.4753039
6.2372966 12.595481 -3.7553847
5.5116801 12.639032 -4.0597897
8.193903 13.107224 -4.968257
7.3242292 13.115313 -5.2447534
6.5132308 13.13359 -5.5300369
7.1437635 12.612279 5.4712024
6.3551259 12.608925 4.9302626
5.5903864 12.603717 4.4302649
7.9813147 12.598812 4.3892384
7.1487589 12.610929 3.8751471
6.3418221 12.601442 3.4021623
5.5763388 12.583766 2.953867
7.9774475 12.597442 2.8173048
7.1457558 12.615574 2.3636177
6.338594 12.605728 1.9430069
5.5783534 12.585161 1.5495003
7.9852109 12.606239 1.3075091
7.1536102 12.614726 0.90065891
6.3429222 12.610972 0.52294421
5.5955186 12.617828 0.16986816
7.9775047 12.592813 -0.18484351
7.142839 12.601879 -0.54026014
6.3446422 12.594765 -0.87441927
5.5916553 12.61599 -1.2092557
7.9892106 12.598745 -1.6796452
7.1424823 12.591164 -1.9920834
6.3421602 12.604389 -2.30109
5.583859 12.608672 -2.6033945
7.9868112 12.592173 -3.2054131
7.1567984 12.611454 -3.4913785
6.3434434 12.614602 -3.77262
5.5993414 12.628008 -4.0672083
8.3105316 13.114075 -4.9900885
7.43575 13.12517 -5.2668414
6.6098075 13.125374 -5.5435505
7.257318 12.623188 5.4960227
6.4337893 12.572458 4.9313474
5.6862311 12.610459 4.4448156
8.0926809 12.60288 4.4078717
7.2545757 12.61652 3.8921454
6.4286757 12.581182 3.405112
5.6749859 12.597125 2.968817
8.079277 12.586709 2.8232307
7.250545 12.614407 2.3756094
6.434576 12.603332 1.9483978
5.6795115 12.604053 1.5560876
8.0869818 12.595272 1.3114936
7.2534189 12.609781 0.90346652
6.4324002 12.59574 0.52393937
5.6794114 12.597844 0.17006508
8.0898457 12.59848 -0.19076198
7.2514095 12.612395 -0.545237
6.4415655 12.59424 -0.88053745
5.6768403 12.598931 -1.2083205
8.1095686 12.616702 -1.6879241
7.2531919 12.605471 -2.0021458
6.4355083 12.596806 -2.3064187
5.6838946 12.624763 -2.6165061
8.1052408 12.607193 -3.222111
7.2651 12.621251 -3.5078235
6.4394789 12.612169 -3.7868304
5.6935539 12.636041 -4.0818548
8.3965912 13.075016 -4.9938822
7.5402398 13.121229 -5.286902
6.7134633 13.13003 -5.5679712
7.3652487 12.630919 5.5189614
6.5493999 12.607027 4.9605756
5.776062 12.602744 4.454504
8.2046938 12.606512 4.4266667
7.3463397 12.596609 3.8998358
6.5344934 12.59691 3.420156
5.771091 12.603379 2.9785805
8.2054958 12.612432 2.8402405
7.3441916 12.59778 2.3809202
6.5324812 12.603539 1.9545897
5.7706599 12.599355 1.5598497
8.2005472 12.601402 1.3173466
7.3633661 12.621106 0.907498
6.5366483 12.608274 0.52611923
5.7829471 12.620253 0.17084336
8.2098293 12.614418 -0.19176246
7.3378935 12.583495 -0.54592383
6.535471 12.586737 -0.88280004
5.7677779 12.59386 -1.2112057
8.2162142 12.611808 -1.6939821
7.3448892 12.585557 -2.0061033
6.525074 12.580978 -2.3108079
5.766995 12.602201 -2.6191146
8.2192383 12.613689 -3.2366002
7.3638892 12.613234 -3.5180871
6.5318513 12.601565 -3.7956088
5.8047452 12.674594 -4.1057367
8.5185957 13.087678 -5.0185881
7.636364 13.101749 -5.297833
13.784794 20.899231 10.164042
7.4607291 12.616123 5.5323954
6.6518526 12.614432 4.9794555
5.8689146 12.600628 4.4664006
8.3234396 12.61892 4.448874
7.4565496 12.607187 3.917202
6.6301155 12.59162 3.4297011
5.8632674 12.599863 2.9861956
8.3083391 12.600685 2.8490222
7.4542232 12.608079 2.3914659
6.6271162 12.596335 1.9597421
5.8741555 12.620205 1.566864
8.3167915 12.610097 1.3235655
7.455297 12.60041 0.90928203
6.6267424 12.592357 0.52714187
5.8692966 12.603905 0.17110638
8.3032494 12.588327 -0.19213673
7.4518509 12.600603 -0.54863942
6.6390381 12.596601 -0.88633239
5.8710938 12.614417 -1.2166244
8.3211412 12.603107 -1.6996396
7.4599118 12.604351 -2.0163572
6.6337981 12.60083 -2.3218868
5.8645639 12.610338 -2.6282351
8.3280001 12.610748 -3.2488964
7.4603486 12.60025 -3.5271671
6.6365671 12.613551 -3.8114128
5.9072142 12.692039 -4.1230521
8.6328621 13.086888 -5.0385027
7.7328939 13.082193 -5.3090119
13.980531 20.915628 10.213545
7.5611901 12.60878 5.5494161
6.7524104 12.616882 4.9966841
5.9683547 12.611362 4.4831018
8.4024906 12.570273 4.4498167
7.5651731 12.613563 3.933532
6.7325168 12.597978 3.44262
5.9639273 12.613266 2.9979887
8.4197035 12.600658 2.8606431
7.5524607 12.597157 2.398139
6.7210732 12.586883 1.9646506
5.9549417 12.591241 1.567775
8.4284258 12.610323 1.3289924
7.5676565 12.61307 0.91352934
6.7349658 12.609654 0.52958596
5.9552279 12.586053 0.17135687
8.4214573 12.598663 -0.19307956
7.5559554 12.599545 -0.55060172
6.7394762 12.599133 -0.88940346
5.9588079 12.600197 -1.2187564
8.42169 12.586745 -1.7043699
7.5647383 12.604375 -2.0237484
6.7368402 12.608266 -2.3308303
5.9478302 12.586816 -2.6308897
8.4300804 12.596557 -3.2585051
7.5658579 12.601433 -3.540427
6.7339072 12.610176 -3.8228061
6.0144429 12.717854 -4.1433487
8.7218142 13.04686 -5.043601
7.8332858 13.068308 -5.3227825
14.172352 20.923567 10.259693
7.6748681 12.6221 5.5759006
6.8564415 12.624453 5.0162492
6.0596943 12.603766 4.493535
8.5296812 12.592621 4.4761705
7.663455 12.601484 3.9443557
6.8381872 12.608977 3.457027
6.0484533 12.591516 3.0015838
8.52707 12.593373 2.8708136
7.6592259 12.599294 2.4074473
6.8391228 12.620968 1.9764837
6.0516052 12.595084 1.5728475
8.5284052 12.591979 1.332549
7.6579428 12.587828 0.9150871
6.8247094 12.591151 0.53055763
6.0589314 12.604589 0.17211215
8.5324965 12.596793 -0.19384961
7.6626515 12.60151 -0.55273187
6.8398314 12.600235 -0.89242727
6.0483642 12.589112 -1.221251
8.5379419 12.592621 -1.7122272
7.6565871 12.581799 -2.0276287
6.8341131 12.603644 -2.3376839
6.0525475 12.607571 -2.6429408
8.5510464 12.60923 -3.2752948
7.663816 12.588905 -3.5500526
6.8342948 12.611319 -3.8357935
6.1110063 12.719511 -4.1560264
8.8263416 13.029467 -5.0577183
7.9515829 13.082946 -5.3485165
14.329354 20.8783 10.280416
6.9492574 12.610239 5.0274501
6.1572394 12.607965 4.5084167
8.6476641 12.599603 4.4974294
7.7809291 12.619582 3.9648895
6.929646 12.592624 3.4641356
6.149157 12.602446 3.0131271
8.6370935 12.588787 2.8817952
7.7715302 12.609076 2.4183826
6.9339271 12.610579 1.9814824
6.1437984 12.5885 1.5767033
8.6520824 12.607278 1.339761
7.7714143 12.599585 0.91939098
6.9335575 12.606711 0.53299594
6.1556735 12.607143 0.17265956
8.6569319 12.61312 -0.19491464
7.7688808 12.601379 -0.55480659
6.950037 12.61798 -0.89668763
6.1453252 12.592395 -1.2252045
8.6549387 12.598063 -1.7201556
7.7824178 12.613633 -2.0404165
6.9356461 12.605689 -2.3459125
6.1415854 12.594379 -2.6480255
8.6658669 12.611261 -3.2895725
7.7774448 12.600826 -3.5668049
6.9404173 12.621649 -3.8518155
6.2184205 12.742189 -4.1758251
8.9305315 13.010625 -5.0715799
8.0509157 13.065079 -5.3613071
14.527688 20.891363 10.330546
7.9078436 12.652829 5.6319227
7.052772 12.614348 5.0462465
6.2524061 12.60608 4.5213761
8.7626171 12.600669 4.5169168
7.8799286 12.606338 3.9758451
7.0308647 12.593 3.4760418
6.2477317 12.607588 3.0234654
8.7588329 12.599794 2.8965635
7.868216 12.592302 2.4243796
7.0312319 12.603751 1.9871511
6.238091 12.585199 1.5810543
8.7652159 12.605638 1.3452768
7.8846707 12.609383 0.92361885
7.0323362 12.602559 0.53463471
6.2467093 12.596955 0.1730417
8.7618008 12.599513 -0.19553149
7.8734026 12.597227 -0.55674034
7.0430121 12.603163 -0.89868879
6.2461958 12.602313 -1.2298753
8.7833424 12.618369 -1.7302547
7.8721137 12.585543 -2.0436475
7.0425305 12.616042 -2.3558366
6.2493091 12.618166 -2.6610389
8.7741165 12.602423 -3.3012483
7.8912659 12.611441 -3.5834479
7.0414495 12.621337 -3.8648334
6.3217211 12.754704 -4.1925597
9.0596695 13.026722 -5.0994277
14.715369 20.88666 10.372676
7.1493082 12.604807 5.0598831
6.3515134 12.610912 4.5370021
8.8934584 12.622871 4.5443516
7.9814191 12.596084 3.9879813
7.1399131 12.605964 3.4916475
6.3517737 12.622273 3.0362766
8.8586044 12.577942 2.903981
7.9859037 12.607839 2.4367595
7.1353688 12.607962 1.9946804
6.3472486 12.610372 1.5890795
8.8853798 12.612631 1.3518163
7.9926114 12.609229 0.9271825
7.1334519 12.601428 0.53643352
6.3396668 12.589729 0.17347354
8.8717451 12.592066 -0.19625704
7.9914851 12.61329 -0.55960685
7.1365948 12.588614 -0.90075684
6.3421392 12.600973 -1.2335191
8.8993921 12.619243 -1.7378293
7.9807692 12.586809 -2.0517664
7.1297107 12.590077 -2.3591132
6.3400397 12.606279 -2.6666861
8.8937311 12.608532 -3.3170817
7.9988184 12.610582 -3.5970821
7.1566057 12.644763 -3.8853803
6.4335394 12.782588 -4.214622
9.1597729 12.99976 -5.1107793
7.2563834 12.612621 5.0807977
6.4505587 12.614308 4.5523782
8.9987497 12.607302 4.5585389
8.1054773 12.619926 4.0112009
7.238307 12.598783 3.5018945
6.4507012 12.625335 3.0464771
8.9910774 12.60108 2.9220054
8.0835829 12.59048 2.442945
7.2329907 12.59947 2.0003207
6.44554 12.612349 1.5942824
8.9938831 12.601703 1.3565342
8.0973015 12.602707 0.93033886
7.2314754 12.593707 0.5379836
6.4441605 12.604116 0.17421333
8.997942 12.606184 -0.19733387
8.1009245 12.614149 -0.56183976
7.24616 12.601029 -0.90480965
6.4456658 12.61334 -1.2385782
9.0029039 12.601138 -1.7429109
8.0946865 12.594921 -2.0611463
7.2469807 12.615994 -2.372257
6.4396791 12.611022 -2.6759975
8.9990129 12.593025 -3.3274662
8.1065359 12.608691 -3.6106632
7.2654467 12.655287 -3.9022388
6.5404706 12.798877 -4.2331452
9.2745056 12.992538 -5.1302166
7.3481665 12.592759 5.0908642
6.5546947 12.626225 4.5711079
9.1221418 12.615748 4.5817461
8.2033701 12.601615 4.0213046
7.3348641 12.587405 3.5111759
6.5334821 12.595992 3.0490129
9.0999689 12.589589 2.9322336
8.1896753 12.585197 2.4516242
7.3388586 12.604134 2.0081728
6.533227 12.592647 1.5968293
9.1079073 12.597277 1.3620481
8.2084179 12.604903 0.9342016
7.3426704 12.60758 0.54049069
6.5431142 12.606219 0.17479402
9.1121235 12.60191 -0.19813845
8.1957178 12.591166 -0.56304532
7.3532906 12.607678 -0.90850979
6.5325565 12.592093 -1.2404045
9.1091881 12.585917 -1.7485034
8.2107372 12.604766 -2.0709631
7.3486137 12.613103 -2.380147
6.5382934 12.612465 -2.6847663
9.1232357 12.602666 -3.3447423
8.2263756 12.624125 -3.6294699
7.3700795 12.657043 -3.9166508
6.6485591 12.815713 -4.2521267
9.391696 12.987443 -5.1508627
7.4742117 12.630094 5.1244011
6.6440139 12.608484 4.5793576
9.2268429 12.597034 4.5954237
8.3079567 12.592604 4.0346198
7.4412322 12.591694 3.5250421
6.6325188 12.597212 3.0591016
9.2313166 12.607635 2.9495742
8.314394 12.60696 2.4657557
7.4427328 12.604038 2.0153959
6.6395173 12.607668 1.6038699
9.2255106 12.596425 1.3680509
8.3020353 12.579194 0.93605399
7.4293594 12.57832 0.54118043
6.6379619 12.599278 0.17525925
9.228097 12.598762 -0.19897549
8.3139524 12.602991 -0.56584471
7.4567156 12.606623 -0.9117136
6.6379843 12.605489 -1.2457128
9.245204 12.610208 -1.7597262
8.3199844 12.602714 -2.0789747
7.4402552 12.592124 -2.3847585
6.6348057 12.608686 -2.6925774
9.2437363 12.605556 -3.3604996
8.3223324 12.601654 -3.6376221
7.5004282 12.701035 -3.9444308
6.7639337 12.844681 -4.2754278
7.5633774 12.603674 5.1324153
6.751802 12.6246 4.6001716
9.3436069 12.593616 4.6150055
8.4305973 12.609488 4.0565276
7.5526605 12.603045 3.5411272
6.7369261 12.607247 3.0715194
9.347024 12.602696 2.9617808
8.4203815 12.598783 2.4742148
7.5458694 12.601456 2.0223482
6.729043 12.589687 1.606805
9.3440208 12.595378 1.3741384
8.4307604 12.605312 0.94182926
7.5442276 12.595654 0.54390764
6.7402954 12.605347 0.17591566
9.3529978 12.606287 -0.19999696
8.4261913 12.60419 -0.56820923
7.5573854 12.59974 -0.91455233
6.7346787 12.600957 -1.2493253
9.35604 12.598533 -1.766075
8.4238138 12.59127 -2.0855744
7.5451674 12.592611 -2.3935738
6.7190967 12.580939 -2.6954052
9.360795 12.602302 -3.3748806
8.448391 12.623407 -3.6587965
7.616847 12.719278 -3.9645367
6.8766809 12.866666 -4.29671
7.6666093 12.599824 5.1499066
6.8398113 12.602599 4.6073604
9.4800234 12.614984 4.6440649
8.5418501 12.607767 4.0727582
7.6635976 12.612005 3.5567901
6.8325491 12.599592 3.0798104
9.4648886 12.5993 2.9745753
8.5258265 12.588664 2.482455
7.6463313 12.593263 2.0285251
6.8339105 12.599313 1.6133549
9.4738665 12.607991 1.3818305
8.5368509 12.595993 0.94502896
7.6557455 12.605726 0.54636085
6.8406248 12.606341 0.176512
9.4784069 12.612845 -0.20101993
8.5352449 12.599302 -0.57033914
7.6690426 12.60984 -0.91868383
6.8355865 12.603124 -1.253675
9.4842415 12.608791 -1.7756373
8.5383272 12.594533 -2.0947533
7.6462193 12.585462 -2.4010873
6.8359776 12.612931 -2.7111952
9.4838076 12.605584 -3.3912799
8.565361 12.62983 -3.6758225
7.7337432 12.736523 -3.984628
6.9883738 12.884841 -4.3170176
14.357916 20.917667 9.5765257
7.7721438 12.598527 5.1687717
6.9353228 12.593646 4.6195583
9.5946026 12.605653 4.6622152
8.6491032 12.598896 4.0869598
7.7555318 12.588593 3.5635412
6.9388709 12.61039 3.0927989
9.5865154 12.599469 2.9884467
8.659524 12.618612 2.4987917
7.7574677 12.601356 2.0374577
6.9366446 12.60358 1.619321
9.601141 12.615441 1.3890777
8.6497536 12.595469 0.94895387
7.7574453 12.598296 0.54809159
6.9376097 12.600024 0.17701626
9.5937281 12.60452 -0.20182164
8.6474733 12.5978 -0.57266229
7.7691717 12.599686 -0.92139977
6.9421988 12.614388 -1.2590088
9.5892868 12.586925 -1.7808106
8.6635866 12.611987 -2.1064582
7.755744 12.590981 -2.4111741
6.9232783 12.589001 -2.7151318
9.5984745 12.596366 -3.4045808
8.6811905 12.633056 -3.6921947
7.8559222 12.760584 -4.0071607
7.1084576 12.9165 -4.3421569
14.536646 20.902008 9.6100121
7.8870564 12.610974 5.193635
7.0358043 12.592627 4.634933
9.7105961 12.596913 4.680932
8.7696428 12.607979 4.1072845
7.8609748 12.586155 3.576438
7.0321202 12.596243 3.0998535
9.7091618 12.59948 3.0025229
8.7513533 12.586189 2.5029576
7.8716407 12.612801 2.0470791
7.0391769 12.60614 1.6251688
9.7243385 12.615935 1.3956757
8.7671413 12.600031 0.95333248
7.8634205 12.596627 0.55010772
7.0489407 12.618349 0.17787801
9.7061777 12.591195 -0.2025581
8.7700253 12.609805 -0.5756433
7.8739252 12.595917 -0.92463982
7.0312061 12.592574 -1.261114
9.7140493 12.589684 -1.7896005
8.7600708 12.586266 -2.1111002
7.8611078 12.588399 -2.4198713
7.0288868 12.597356 -2.7261841
9.7278595 12.604971 -3.4229751
8.8088055 12.651745 -3.7133839
7.980381 12.786338 -4.03055
7.2129426 12.91807 -4.3574805
14.727263 20.90132 9.6510611
7.9926987 12.607157 5.2121625
7.1404953 12.597838 4.6528902
9.8413258 12.605773 4.7065754
8.8861113 12.609663 4.1255178
7.9880095 12.616589 3.5989459
7.1307354 12.590746 3.1092098
9.8328676 12.599352 3.016814
8.8847961 12.612288 2.5189419
7.9685383 12.59533 2.052141
7.1384468 12.601641 1.6302048
9.8356495 12.599692 1.400529
8.8813105 12.598514 0.9573229
7.9778528 12.607068 0.5526911
7.1450777 12.608117 0.17834844
9.8240528 12.583663 -0.20340283
8.8849936 12.609344 -0.57810014
7.9790521 12.591531 -0.92789447
7.1377845 12.601175 -1.2663378
9.8506641 12.606048 -1.8004845
8.8845549 12.599527 -2.1224287
7.9780226 12.602833 -2.4320102
7.1305265 12.59723 -2.7355738
9.8553019 12.60938 -3.4405293
8.9345646 12.66592 -3.7335653
8.0916548 12.789237 -4.0470381
7.3337235 12.947104 -4.3823709
8.1049423 12.6124 5.2347922
7.2468762 12.604605 4.6717243
9.9652357 12.604278 4.7287579
9.013114 12.624654 4.1466532
8.0906591 12.606894 3.6125696
7.2412438 12.603927 3.1235693
9.9639454 12.607049 3.0361474
8.9865732 12.591945 2.5227108
8.0771952 12.595356 2.0604866
7.2396383 12.593707 1.6396607
9.9526215 12.589508 1.4061587
8.9992752 12.610991 0.96226621
8.0835943 12.602369 0.55464911
7.2413898 12.59708 0.17869343
9.9628344 12.601257 -0.19918878
8.9797392 12.579166 -0.57643932
8.0898342 12.594759 -0.92814636
7.2454143 12.610127 -1.2744346
9.9735823 12.603187 -1.8095511
9.0072937 12.608603 -2.13238
8.0884123 12.605404 -2.442517
7.2249022 12.583221 -2.7393432
9.9792557 12.607759 -3.4564347
9.0741692 12.697698 -3.7577126
8.2195387 12.816633 -4.0681581
7.4451609 12.953094 -4.3989105
8.2163515 12.614899 5.2566552
7.3562703 12.615103 4.6922574
10.084241 12.595171 4.7484665
9.1246614 12.616474 4.1622782
8.2059555 12.615577 3.6294184
7.3520484 12.616926 3.1379118
10.078149 12.591947 3.0473459
9.1238689 12.619837 2.5394669
8.1917992 12.603211 2.0699553
7.3484044 12.603295 1.6467487
10.083579 12.595528 1.4137152
9.1113081 12.603703 0.96595788
8.2018528 12.615726 0.55744141
7.3426886 12.593816 0.17928284
10.085452 12.596699 -0.20009117
9.1124868 12.600898 -0.57998645
8.2128458 12.615363 -0.93336087
7.342629 12.599712 -1.2779113
10.096729 12.599158 -1.8178338
9.1139355 12.593788 -2.1392922
8.192996 12.597651 -2.4507096
7.3446312 12.611901 -2.7553456
10.113555 12.617562 -3.4760697
9.2150173 12.728951 -3.7836237
8.347806 12.842539 -4.0925627
7.5586987 12.96583 -4.4189038
12.597919 15.538716 8.1211758
8.3196163 12.603658 5.2731447
7.4570489 12.609486 4.7070985
10.237956 12.627565 4.7842727
9.2292147 12.597527 4.1746316
8.3090992 12.604263 3.6407628
7.4396243 12.589005 3.1422615
10.213889 12.602258 3.0649509
9.2245274 12.595562 2.5459242
8.3096094 12.614391 2.0801268
7.4581256 12.612977 1.653962
10.22589 12.613863 1.4227891
9.2297401 12.603918 0.97029644
8.3013945 12.598988 0.55894202
7.4641356 12.623465 0.18035351
10.223284 12.609484 -0.20128688
9.2262039 12.594669 -0.58229458
8.3206024 12.610965 -0.93679523
7.4493394 12.6044 -1.2829986
10.224093 12.598886 -1.8268117
9.242568 12.607922 -2.1512864
8.2991152 12.591104 -2.4592962
7.4343195 12.587662 -2.7599645
10.250154 12.628415 -3.4963207
9.3310566 12.724138 -3.7991402
8.466464 12.851819 -4.1119976
7.6706223 12.974193 -4.4377112
12.66365 15.425344 8.1023808
8.4316416 12.604466 5.2950292
7.5644956 12.613878 4.725976
10.344498 12.600142 4.7978406
9.3522787 12.60257 4.19524
8.4161901 12.597811 3.6537468
7.5599213 12.615192 3.1603174
10.343142 12.602854 3.0804732
9.3614578 12.619363 2.5622971
8.4064007 12.59245 2.0849752
7.5544195 12.598735 1.6581417
10.335219 12.590014 1.4272251
9.3344488 12.584184 0.97316825
8.4150867 12.60254 0.56137979
7.5561762 12.601985 0.18070565
10.344625 12.600309 -0.2021499
9.357749 12.611189 -0.58570194
8.4295483 12.607121 -0.94033414
7.5593214 12.613154 -1.2885869
10.356874 12.60366 -1.8366838
9.3682642 12.6163 -2.1624835
8.4172001 12.601299 -2.471329
7.5410275 12.59125 -2.7708447
10.381204 12.630688 -3.5145197
9.4660397 12.743493 -3.8221898
8.594224 12.873117 -4.1356068
7.8038926 13.016629 -4.4685206
8.5583687 12.625587 5.3258619
7.6650896 12.605608 4.7404103
10.485186 12.612901 4.8271065
9.4618778 12.588115 4.2096763
8.527503 12.596413 3.6684482
7.654757 12.59749 3.1675894
10.470744 12.599882 3.0953925
9.4652128 12.596951 2.5694909
8.5210085 12.596066 2.0941913
7.6611404 12.600761 1.664564
10.472881 12.599271 1.4355325
9.4643679 12.597054 0.97863615
8.5247002 12.598617 0.56352448
7.6647463 12.607012 0.18144871
10.475623 12.601412 -0.20319499
9.4781771 12.611045 -0.58838522
8.5391998 12.603059 -0.94392157
7.6768761 12.632861 -1.295388
10.492528 12.610197 -1.8469839
9.4802294 12.604756 -2.170435
8.5304499 12.602731 -2.4818285
7.6535225 12.603001 -2.7837124
10.533009 12.656269 -3.5395548
9.609642 12.772344 -3.8484564
8.734066 12.910332 -4.164701
7.9088292 13.009978 -4.4828129
8.6769209 12.632883 5.3512979
7.7629466 12.591841 4.7530565
10.617648 12.613987 4.8523645
9.5931921 12.601084 4.2336183
8.6554642 12.617952 3.690119
7.7667627 12.606857 3.1818681
10.600038 12.59741 3.1107054
9.5991344 12.613279 2.5847871
8.6360083 12.598795 2.1034157
7.7670698 12.600166 1.6707497
10.602072 12.596653 1.442619
9.5917454 12.604796 0.98379135
8.6463709 12.611019 0.5664416
7.7652354 12.59751 0.18199432
10.617372 12.613672 -0.20443934
9.591177 12.599675 -0.59058946
8.6558771 12.607971 -0.94824958
7.7574563 12.59073 -1.2959243
10.620395 12.605743 -1.8558414
9.6043119 12.607943 -2.1810899
8.6477737 12.608702 -2.4934068
7.7625961 12.607594 -2.7951949
10.672629 12.665168 -3.5602911
9.746068 12.789564 -3.8715911
8.855196 12.917881 -4.1845856
8.0161524 13.006058 -4.4983253
8.7780609 12.613589 5.3658395
7.8818655 12.610858 4.7784004
10.739634 12.601151 4.872685
9.7228441 12.610093 4.256609
8.7529612 12.593723 3.6986706
7.8696313 12.600048 3.1922767
10.735555 12.600702 3.1277258
9.7038298 12.589799 2.5921288
8.7561255 12.607446 2.11379
7.8803248 12.610022 1.6784364
10.736622 12.598785 1.4503808
9.7068424 12.594927 0.98765123
8.7458019 12.589705 0.56788397
7.8776388 12.606037 0.18281238
10.747458 12.610346 -0.2054504
9.7003603 12.582165 -0.59254754
8.7699728 12.607667 -0.95225608
7.8725357 12.603681 -1.302205
10.749679 12.60146 -1.8648864
9.7248955 12.605033 -2.1908681
8.7622252 12.609002 -2.5040512
7.8588667 12.590259 -2.8019896
10.834433 12.698237 -3.588208
9.8868761 12.810525 -3.8962276
8.9747972 12.921622 -4.203557
8.1415205 13.029792 -4.5237269
8.9009066 12.624187 5.3934808
8.0007353 12.62798 4.8033996
10.887454 12.616952 4.9045348
9.8465576 12.609776 4.2768159
8.8659239 12.590697 3.7136891
7.97857 12.60171 3.2050409
10.870743 12.601915 3.1445243
9.8429241 12.609483 2.6085672
8.8716211 12.607916 2.1229558
7.9887705 12.610715 1.6850215
10.874047 12.602581 1.4584717
9.8428373 12.610589 0.99359661
8.876812 12.612424 0.57135493
7.9843392 12.604033 0.18349034
10.872112 12.599188 -0.20635159
9.8396568 12.602169 -0.59632176
8.8737965 12.591404 -0.95512229
7.9772491 12.598613 -1.3067139
10.8886 12.60682 -1.8755318
9.8408241 12.594742 -2.1995332
8.8878517 12.623779 -2.5177691
7.9797993 12.611065 -2.8174644
10.967469 12.695561 -3.6064003
10.023963 12.824682 -3.9191658
9.1099148 12.94589 -4.229557
8.2733707 13.061772 -4.5523691
9.0231638 12.632283 5.4204917
8.0946846 12.604525 4.8132796
11.01191 12.603985 4.9256682
9.9674234 12.604355 4.29564
8.9909115 12.603205 3.7335801
8.0802574 12.590714 3.2147942
11.00846 12.604359 3.1619296
9.9677315 12.609092 2.6210897
8.9852304 12.604325 2.1315947
8.0946074 12.606012 1.690998
11.007786 12.60043 1.4660115
9.9668951 12.609246 0.99829072
8.9810886 12.595664 0.57308131
8.089529 12.598415 0.18412773
11.01033 12.602191 -0.20750338
9.969408 12.608093 -0.59948534
8.9971685 12.601538 -0.9600606
8.0926161 12.608968 -1.3129135
11.017186 12.598589 -1.8843292
9.9740515 12.605062 -2.211982
8.9895353 12.603206 -2.5246193
8.0740051 12.588331 -2.8234003
11.128318 12.723102 -3.6335521
10.169611 12.847763 -3.9452145
9.2378683 12.95805 -4.2519684
8.3782701 13.049561 -4.5659447
9.1202955 12.604031 5.4322796
8.2043076 12.604449 4.8323841
11.1673 12.624655 4.9604311
10.098947 12.610854 4.318893
9.1181784 12.617131 3.7542093
8.199852 12.606225 3.2315402
11.150764 12.610278 3.1805186
10.079292 12.59064 2.6300609
9.0966082 12.596326 2.139641
8.1935501 12.58952 1.6954979
11.143724 12.599164 1.4737922
10.082494 12.595849 1.0021092
9.1025324 12.601687 0.57588577
8.2020836 12.602942 0.18492596
11.152314 12.607727 -0.20871738
10.08607 12.595998 -0.60184157
9.115593 12.603157 -0.96442717
8.1888628 12.588332 -1.3159721
11.160795 12.605877 -1.8956263
10.089031 12.590828 -2.2203059
9.102828 12.597814 -2.5346801
8.1959476 12.607548 -2.8389366
11.291097 12.750476 -3.661087
10.32204 12.877175 -3.9736204
9.3606377 12.961266 -4.27179
8.5124302 13.081269 -4.5952287
12.580905 15.516143 7.533936
9.2430105 12.609976 5.4591832
8.3055611 12.590357 4.8464289
11.306142 12.624666 4.9876003
10.221006 12.603984 4.3379364
9.211936 12.583499 3.7609503
8.3154392 12.613911 3.2465291
11.276193 12.59553 3.1941903
10.222303 12.609908 2.6471384
9.2167082 12.599029 2.1496661
8.3122473 12.602083 1.7040267
11.269191 12.584565 1.480145
10.211048 12.597229 1.0071847
9.2207241 12.601687 0.57846045
8.3077002 12.595498 0.18556121
11.277949 12.593199 -0.20961854
10.210969 12.592827 -0.60467231
9.2348623 12.604463 -0.96884507
8.3219843 12.622844 -1.3248931
11.28248 12.586857 -1.9031407
10.218801 12.593638 -2.2318165
9.2187252 12.594688 -2.5453846
8.304636 12.604811 -2.849741
11.449887 12.771043 -3.6870959
10.468498 12.896927 -3.9994619
9.4951982 12.979049 -4.2967725
8.6375494 13.097047 -4.6193018
12.667435 15.428377 7.5289202
9.371068 12.621525 5.4889727
8.4386425 12.622902 4.8787956
11.424496 12.600389 5.0056095
10.343916 12.596765 4.3572145
9.3442917 12.60134 3.7833478
8.4357452 12.627113 3.2631876
11.412514 12.591473 3.2108593
10.333602 12.58851 2.6559072
9.3363295 12.599577 2.1594937
8.4316206 12.613984 1.7125994
11.436501 12.61479 1.4919257
10.349975 12.609659 1.0132371
9.3417625 12.604089 0.581191
8.4193478 12.595928 0.18632513
11.429143 12.60553 -0.21098712
10.335991 12.58833 -0.60749036
9.348876 12.597211 -0.97267866
8.421236 12.604405 -1.3283564
11.433033 12.59842 -1.91546
10.350538 12.597221 -2.2436647
9.3373594 12.593897 -2.5567558
8.4164152 12.605429 -2.8615024
11.620163 12.802048 -3.7165625
10.605618 12.903239 -4.0215244
9.6291485 12.994076 -4.3212256
8.7570286 13.102573 -4.6401153
9.4837599 12.61089 5.509552
8.5319653 12.594547 4.887979
11.572732 12.607551 5.0365686
10.476135 12.599351 4.3802619
9.4756966 12.61601 3.8051372
8.5223742 12.588864 3.2667558
11.557524 12.595278 3.2298529
10.46821 12.594118 2.6705918
9.455102 12.59753 2.1690457
8.5319033 12.59603 1.7172372
11.570544 12.606326 1.499293
10.484124 12.614466 1.0187733
9.4563694 12.596412 0.58350158
8.5396624 12.607791 0.18727219
11.562716 12.596654 -0.21202208
10.481722 12.607285 -0.61149728
9.4557924 12.57925 -0.97575349
8.5388222 12.612177 -1.334672
11.574494 12.598098 -1.9261729
10.466426 12.580095 -2.2520101
9.4602547 12.597351 -2.5691931
8.5220222 12.595554 -2.8710773
11.779342 12.818482 -3.7422466
10.755385 12.922985 -4.0481701
9.7635298 13.0078 -4.3456311
8.8493509 13.066447 -4.6464634
9.6166372 12.625559 5.541636
8.6499271 12.60146 4.9111686
11.716805 12.608331 5.065506
10.61151 12.60404 4.4044456
9.5947189 12.612566 3.8217833
8.648797 12.608263 3.2854991
11.705004 12.599923 3.2494004
10.609287 12.605689 2.6867988
9.5869417 12.61126 2.1814973
8.6564789 12.612576 1.7267017
11.703765 12.595453 1.5065126
10.602979 12.599393 1.0227911
9.5707693 12.587191 0.58578372
8.6493044 12.602427 0.18797728
11.720198 12.611994 -0.2134867
10.598572 12.589881 -0.61379588
9.6009293 12.610482 -0.98272723
8.6429224 12.598722 -1.3388351
11.721002 12.601482 -1.93765
10.597408 12.579724 -2.2635419
9.5817261 12.597379 -2.581141
8.6378498 12.599482 -2.8839996
11.916613 12.809214 -3.7608166
10.896186 12.929974 -4.0712271
9.8975401 13.019178 -4.3696394
8.9618711 13.059279 -4.6633816
9.7311211 12.614533 5.5629001
8.7666731 12.605069 4.9334464
11.878443 12.626012 5.1017962
10.747602 12.607848 4.4287381
9.7123775 12.605957 3.8377666
8.7657385 12.612139 3.3004625
11.858015 12.608591 3.2703385
10.724296 12.584785 2.6963184
9.7037077 12.603589 2.1904285
8.7553186 12.590302 1.7309747
11.84967 12.596583 1.5153159
10.745513 12.610878 1.0290565
9.70399 12.601165 0.58919406
8.755681 12.591125 0.18860653
11.866021 12.612823 -0.21472916
10.743367 12.604092 -0.61769092
9.725194 12.612377 -0.98750663
8.7655993 12.610962 -1.3458261
11.855375 12.590149 -1.9470562
10.740646 12.592134 -2.2775905
9.707098 12.600993 -2.5940368
8.7582893 12.608567 -2.8983259
12.095271 12.842334 -3.7922595
11.037055 12.935226 -4.0941277
10.035508 13.033882 -4.3951592
9.0837336 13.064309 -4.6849933
9.8549156 12.614203 5.5893154
8.8806543 12.603271 4.9539771
12.008562 12.608399 5.1243572
10.889522 12.616698 4.4552345
9.8321857 12.600776 3.8544836
8.8722744 12.599744 3.3114033
11.992143 12.595447 3.285953
10.868717 12.596868 2.7131443
9.8270016 12.602986 2.2007618
8.8690834 12.588403 1.7381629
12.000017 12.600585 1.524626
10.868434 12.597731 1.0334061
9.8191595 12.590151 0.59148508
8.8748283 12.596857 0.18950453
11.995959 12.595183 -0.21567796
10.84728 12.568959 -0.61921948
9.8405218 12.601283 -0.99134701
8.8680935 12.592837 -1.3496736
12.00838 12.596869 -1.9594536
10.873195 12.590243 -2.2892728
9.8163462 12.582355 -2.6025505
8.8641386 12.595299 -2.9077239
12.240767 12.838066 -3.813107
11.183873 12.945576 -4.1190457
10.169225 13.041222 -4.4185925
9.2020321 13.062706 -4.7045784
10.007279 12.648481 5.6296
8.9933796 12.598358 4.9736433
12.152225 12.603477 5.152564
11.020283 12.610925 4.4769897
9.9602928 12.604717 3.8681142
8.9899549 12.602759 3.3172877
12.163431 12.61939 3.3071761
11.008644 12.606209 2.7296805
9.9592199 12.612196 2.2125516
8.9947262 12.606976 1.7429487
12.148093 12.600346 1.5302345
10.998015 12.58133 1.0413604
9.9394283 12.584363 0.59406716
8.9916878 12.597976 0.19047982
12.161406 12.613012 -0.21725696
11.001524 12.590663 -0.62360263
9.9644117 12.599787 -0.99602062
8.9984417 12.612823 -1.3577077
12.159047 12.599212 -1.9713864
11.023584 12.607167 -2.304606
9.9649572 12.612499 -2.6213837
8.9872103 12.605127 -2.9226689
12.397435 12.843657 -3.8372889
11.327907 12.950807 -4.1427484
10.288824 13.028944 -4.435739
9.3244038 13.065398 -4.7260647
9.1145096 12.603778 4.9977674
12.311978 12.613346 5.1873865
11.151709 12.60439 4.4988775
10.083832 12.601331 3.8859894
9.099988 12.592851 3.3293145
12.294992 12.600227 3.3218625
11.135543 12.594698 2.7419322
10.074909 12.598984 2.2210367
9.1045923 12.596764 1.7492274
12.28896 12.590918 1.5382183
11.145393 12.593142 1.0479788
10.070143 12.590259 0.59725118
9.1105871 12.600336 0.19135714
12.308335 12.609629 -0.21849546
11.142816 12.595541 -0.62721884
10.091481 12.600776 -1.0009749
9.0997276 12.59067 -1.3613079
12.309837 12.599817 -1.9832623
11.154723 12.600276 -2.3158145
10.09159 12.612899 -2.6342871
9.1026993 12.602795 -2.9350231
12.570782 12.864331 -3.8664384
11.480948 12.96438 -4.1695471
10.402061 13.007441 -4.4500647
9.4306803 13.044295 -4.739274
12.5931 15.521462 6.9765716
9.2138138 12.577841 5.0098066
12.469755 12.619143 5.2211404
11.29659 12.611365 4.5260224
10.212293 12.602565 3.9056206
9.2305574 12.609825 3.3487134
12.433137 12.586364 3.3382576
11.260118 12.579207 2.7535493
10.206081 12.603681 2.2328627
9.2212257 12.594628 1.756755
12.450261 12.600569 1.5487012
11.28438 12.59363 1.0537617
10.205379 12.600057 0.60067523
9.226963 12.597763 0.19217427
12.4498 12.598965 -0.21963024
11.296852 12.612861 -0.63152117
10.202958 12.580974 -1.0043561
9.2389002 12.619404 -1.3705182
12.475204 12.613313 -1.9973979
11.295569 12.602715 -2.3289573
10.191917 12.579284 -2.6402779
9.2258253 12.60953 -2.9497199
12.737047 12.875475 -3.893204
11.625279 12.966187 -4.1929908
10.5296 13.002547 -4.4704103
9.5494976 13.039378 -4.758687
12.666677 15.417823 6.9647908
9.3582373 12.61193 5.0461607
12.620988 12.616405 5.2519493
11.427437 12.601004 4.5473824
10.355625 12.620339 3.930747
9.3376226 12.593229 3.3594584
12.608691 12.608397 3.3645575
11.442122 12.625774 2.7790592
10.320538 12.586326 2.2409649
9.3409405 12.595264 1.7648052
12.596962 12.593542 1.5573082
11.412974 12.580962 1.0585414
10.34468 12.613015 0.60430753
9.3418093 12.591755 0.19295339
12.604258 12.599694 -0.22098705
11.438786 12.614719 -0.63511664
10.355854 12.610548 -1.0117708
9.3494921 12.607427 -1.375422
12.61047 12.594561 -2.006644
11.450584 12.619017 -2.3449099
10.337906 12.600609 -2.6580179
9.3361282 12.597354 -2.9602168
12.901895 12.883039 -3.9193554
11.74696 12.941257 -4.2081585
10.635684 12.970013 -4.4815774
9.6642857 13.027665 -4.7759638
9.4873238 12.623296 5.0739055
12.78718 12.626626 5.2887669
11.577303 12.609901 4.5761437
10.463448 12.593367 3.9495876
9.4659805 12.603957 3.3855569
12.777299 12.621157 3.3901112
11.567633 12.607924 2.7954426
10.469162 12.608987 2.2565172
9.473156 12.611076 1.7762855
12.763495 12.604393 1.5603831
11.562732 12.589937 1.0570244
10.457964 12.592757 0.60640007
9.4619589 12.591504 0.19383557
12.761295 12.601078 -0.22238049
11.557268 12.589277 -0.63739413
10.477661 12.600436 -1.0160986
9.46731 12.603922 -1.3813512
12.797521 12.625479 -2.0240431
11.577419 12.602534 -2.3550034
10.46599 12.598285 -2.6710238
9.4509535 12.590061 -2.972074
13.030336 12.85259 -3.9343419
11.892814 12.941482 -4.2318816
10.783494 12.986917 -4.5101972
9.7990961 13.041392 -4.8029485
9.5929003 12.602025 5.0889187
12.948873 12.630306 5.3234887
11.718663 12.607704 4.6013536
10.614189 12.61649 3.9771903
9.5869322 12.603209 3.401093
12.925188 12.611491 3.4087539
11.711799 12.608867 2.811532
10.575664 12.5794 2.2627928
9.586318 12.599977 1.7829738
12.92211 12.605358 1.5702889
11.722951 12.60822 1.0645787
10.594153 12.598655 0.60980296
9.5698853 12.573734 0.19446234
12.922957 12.605043 -0.22384563
11.699375 12.588149 -0.6409595
10.605966 12.596704 -1.0210263
9.5939999 12.610702 -1.3885199
12.931157 12.601687 -2.0329111
11.722811 12.604677 -2.3688011
10.599075 12.600379 -2.6852059
9.5932665 12.61764 -2.9924242
13.19557 12.856789 -3.9603384
12.01352 12.912897 -4.2465591
10.924651 12.993863 -4.5358033
9.8933964 13.000028 -4.8099809
9.7147751 12.600945 5.1124582
13.078553 12.60113 5.3449144
11.860723 12.604554 4.6266789
10.721098 12.585987 3.9808476
9.7067785 12.599566 3.4082427
13.068957 12.596168 3.4249175
11.841352 12.592499 2.8192403
10.728246 12.603079 2.2787271
9.7185974 12.612488 1.7919841
13.091556 12.614814 1.5894729
11.866282 12.60637 1.0788771
10.73325 12.606224 0.61334544
9.7136087 12.601376 0.19580795
13.08685 12.609137 -0.2253401
11.865526 12.610855 -0.64581066
10.748322 12.607945 -1.0272638
9.7058487 12.596566 -1.3934948
13.092448 12.603172 -2.0460715
11.86024 12.596563 -2.3809075
10.737514 12.60711 -2.7006299
9.7028608 12.600558 -3.0024362
13.321321 12.820921 -3.9743938
12.149413 12.899338 -4.2665358
11.018965 12.943958 -4.5418992
10.008244 12.984834 -4.8269901
9.8417473 12.604928 5.1384788
13.25398 12.614249 5.3848729
12.01214 12.609535 4.6554747
10.861456 12.593399 4.0041957
9.8261776 12.593949 3.4229684
13.24404 12.609079 3.4504595
12.010813 12.616684 2.8411014
10.855458 12.595123 2.289289
9.8404083 12.609777 1.8001441
13.231958 12.594447 1.5971067
12.008981 12.602132 1.0848001
10.885842 12.627644 0.61762589
9.8374939 12.601419 0.19674288
13.24968 12.610171 -0.22680722
12.005143 12.603388 -0.64918834
10.891803 12.618594 -1.0335574
9.8359718 12.604714 -1.4010463
13.252593 12.601582 -2.0589764
12.008103 12.597826 -2.3950279
10.870968 12.606276 -2.7146895
9.8172159 12.588514 -3.0138631
13.510901 12.844624 -4.0073652
12.29969 12.899385 -4.2914333
11.158266 12.945817 -4.5664902
10.141081 12.991527 -4.852519
9.9787092 12.619937 5.1694603
13.408695 12.605607 5.4162045
12.145553 12.593939 4.6771426
11.027867 12.628832 4.0369015
9.9763031 12.62585 3.4482121
13.415546 12.616343 3.4749081
12.145357 12.602262 2.8545821
10.983646 12.58685 2.2999916
9.9578295 12.600069 1.8074468
13.402904 12.601319 1.6083769
12.144623 12.588893 1.0900548
10.998791 12.601482 0.61963558
9.9716606 12.612957 0.19787458
13.398308 12.595857 -0.22802414
12.165315 12.615627 -0.65365148
11.002381 12.589696 -1.0367005
9.9653902 12.610258 -1.4084327
13.410741 12.596177 -2.0714993
12.168525 12.610282 -2.411546
11.013352 12.614055 -2.7308657
9.9466686 12.594384 -3.0298233
13.637905 12.806974 -4.0216513
12.412702 12.858992 -4.3032527
11.283282 12.929582 -4.5850983
10.238085 12.951171 -4.8608184
10.100498 12.6141 5.192358
13.58953 12.61943 5.4578691
12.300447 12.598915 4.7069325
11.143765 12.604609 4.05094
10.082285 12.600265 3.458055
13.572264 12.607691 3.4953969
12.295282 12.602149 2.8715911
11.131185 12.59903 2.3146544
10.08837 12.605475 1.817068
13.577548 12.609463 1.6200192
12.30728 12.60183 1.0976932
11.136509 12.602337 0.62302595
10.095773 12.610127 0.19879827
13.579926 12.610525 -0.22979383
12.295276 12.594811 -0.65646952
11.159914 12.61292 -1.044232
10.090767 12.60909 -1.4151911
13.576988 12.596421 -2.0852008
12.314444 12.605782 -2.4250896
11.127896 12.588496 -2.7400632
10.075269 12.597518 -3.0453928
13.802746 12.803303 -4.0470176
12.570037 12.863089 -4.3303537
11.392216 12.893846 -4.5971279
10.353044 12.932685 -4.8776307
10.230239 12.616673 5.2191586
13.764496 12.625509 5.496923
12.454867 12.60146 4.7363453
11.279593 12.601569 4.0721302
10.202688 12.591577 3.4727869
13.728311 12.596613 3.5156136
12.463408 12.618634 2.892719
11.274455 12.604474 2.3283203
10.22477 12.616439 1.8276576
13.734548 12.599196 1.6294971
12.447143 12.589566 1.1032569
11.264179 12.590274 0.6258347
10.217607 12.603017 0.19967082
13.737759 12.600996 -0.23115191
12.459614 12.607457 -0.6611011
11.289007 12.602157 -1.0490559
10.216089 12.606347 -1.421892
13.753243 12.603806 -2.1003535
12.462429 12.601645 -2.4389591
11.281049 12.605034 -2.758678
10.215084 12.612888 -3.0642033
13.925326 12.758942 -4.0599275
12.695184 12.832679 -4.3462582
11.521821 12.880386 -4.6174488
10.487078 12.936608 -4.9032879
10.358619 12.61597 5.2450624
13.942554 12.632183 5.5369725
12.60955 12.602354 4.7656727
11.415948 12.597501 4.0933738
10.336773 12.598229 3.4920487
13.925863 12.621371 3.5463042
12.588279 12.589606 2.9037175
11.420883 12.611583 2.3425345
10.326112 12.582858 1.8319371
13.911616 12.605314 1.6412975
12.60209 12.590818 1.1101221
11.411296 12.598287 0.62970173
10.34554 12.601958 0.20065598
13.889408 12.584046 -0.23239999
12.606437 12.600434 -0.6647765
11.433649 12.607111 -1.0552888
10.348285 12.610492 -1.4294945
13.935068 12.613998 -2.1162612
12.613949 12.599282 -2.4534361
11.426916 12.61144 -2.7753727
10.334982 12.602038 -3.0769153
14.068359 12.732091 -4.0787754
12.822508 12.803289 -4.3628707
11.664968 12.880481 -4.643054
10.59898 12.91188 -4.9184728
10.4982 12.627188 5.2764082
14.11235 12.629218 5.5735235
12.758151 12.595345 4.7925353
11.565377 12.606072 4.1191406
10.468762 12.600625 3.5104525
14.084232 12.608365 3.5668654
12.780717 12.626161 2.930181
11.556124 12.60461 2.3543658
10.462791 12.591063 1.8424438
14.112343 12.630375 1.6558046
12.773902 12.606812 1.1184219
11.557741 12.603665 0.63350338
10.466594 12.591082 0.20150161
14.075846 12.596565 -0.23422182
12.757022 12.595423 -0.66862929
11.575792 12.607513 -1.0612479
10.462825 12.591719 -1.4346169
14.09035 12.598127 -2.1280637
12.764523 12.594172 -2.4676459
11.567223 12.609919 -2.7906051
10.473875 12.612762 -3.0951676
14.223568 12.714675 -4.1010776
12.94727 12.770181 -4.3785777
11.785987 12.854694 -4.6597404
10.613809 12.608063 5.2955303
14.297251 12.637564 5.6158175
12.93538 12.614526 4.8299437
11.703346 12.600372 4.1406651
10.601597 12.602383 3.5289984
14.272051 12.619611 3.594753
12.910467 12.598752 2.9421489
11.696724 12.601855 2.3672123
10.592751 12.589498 1.851691
14.281916 12.625175 1.6665798
12.92837 12.603607 1.125154
11.704329 12.607342 0.63728589
10.626244 12.624745 0.20308
14.267077 12.610908 -0.23611183
12.924401 12.605013 -0.67333555
11.710538 12.598221 -1.0664941
10.580824 12.575934 -1.4401886
14.276218 12.607545 -2.1444111
12.937499 12.609118 -2.4860818
11.709671 12.609015 -2.8062527
10.609595 12.617864 -3.1123362
10.739724 12.599896 5.3196788
13.083431 12.603209 4.8562574
11.831977 12.583133 4.1587801
10.728061 12.595019 3.5453029
14.456334 12.625354 3.6215885
13.064415 12.593411 2.9595666
11.834351 12.594258 2.3793809
10.733006 12.598458 1.8626605
14.444365 12.611741 1.6764746
13.086161 12.601754 1.1321356
11.852077 12.610418 0.64110559
10.738831 12.600753 0.20375018
14.433462 12.601068 -0.2375813
13.094227 12.614804 -0.67813778
11.851303 12.593804 -1.0722561
10.743643 12.611557 -1.4517902
14.467194 12.619049 -2.1614261
13.108067 12.619457 -2.5039315
11.857673 12.612292 -2.8231223
10.73092 12.604327 -3.12518
10.893709 12.62284 5.3574862
13.261292 12.618584 4.8934436
11.988356 12.593699 4.1865044
10.870545 12.604795 3.5667632
14.613168 12.605107 3.6414332
13.225398 12.592956 2.9784744
11.979663 12.593161 2.3930161
10.866627 12.597889 1.8723991
14.619292 12.607227 1.6877671
13.253309 12.606901 1.1398824
11.978133 12.588854 0.64373368
10.880588 12.609538 0.20496792
14.6106 12.598577 -0.23922011
13.252727 12.611631 -0.68232578
12.00558 12.601912 -1.0791981
10.869132 12.601404 -1.4582716
14.636119 12.6091 -2.1750636
13.259732 12.609621 -2.5180759
11.994649 12.602138 -2.8372703
10.853713 12.591213 -3.1383822
11.020542 12.61251 5.381701
13.409162 12.603423 4.9193792
12.138246 12.59549 4.2185283
10.995876 12.592225 3.5923381
14.817193 12.623365 3.6778262
13.391101 12.59068 2.9973805
12.139053 12.604922 2.4098477
11.018276 12.611395 1.8902794
14.823294 12.625387 1.7060728
13.413439 12.612865 1.143591
12.143007 12.606328 0.6484251
11.015362 12.608343 0.20590065
14.805599 12.60916 -0.24777901
13.421638 12.616347 -0.69035196
12.155612 12.603631 -1.0899544
11.010272 12.607788 -1.4636317
14.824713 12.613931 -2.1906161
13.411404 12.598051 -2.5331571
12.142094 12.601309 -2.8532443
11.021073 12.627852 -3.1675034
11.154762 12.609127 5.4093614
13.585956 12.613484 4.9557514
12.289793 12.597126 4.2442532
11.138108 12.598236 3.6134822
15.003067 12.62367 3.7046666
13.56668 12.599828 3.0193191
12.290593 12.606542 2.4245296
11.138525 12.592245 1.8976178
15.018135 12.633165 1.7195439
13.570146 12.60423 1.1503359
12.306315 12.619967 0.65299833
11.154067 12.610102 0.20704314
15.013929 12.628468 -0.24996403
13.564744 12.594986 -0.69372451
12.302643 12.600426 -1.096185
11.131637 12.589998 -1.4694684
15.009177 12.61294 -2.2063963
13.592096 12.611691 -2.5526218
12.309867 12.619532 -2.8744187
11.135136 12.601622 -3.1780024
11.290312 12.605638 5.4374824
13.739703 12.600141 4.9835382
12.463272 12.619101 4.2773423
11.284451 12.607026 3.6357951
13.74036 12.604987 3.0407019
12.430125 12.594124 2.4367645
11.275861 12.590976 1.9078171
13.743937 12.609454 1.1584876
12.431449 12.592771 0.6555258
11.287676 12.604454 0.20808369
13.746716 12.607769 -0.69906139
12.465552 12.611533 -1.1037846
11.282608 12.604048 -1.4791607
13.740376 12.593265 -2.5659087
12.44414 12.601557 -2.8876622
11.274469 12.602612 -3.1956384
11.435955 12.611678 5.4702535
13.932558 12.620493 5.0253057
12.600798 12.60273 4.2979207
11.407686 12.588412 3.6505446
13.917807 12.611382 3.0627878
12.594009 12.604533 2.4536841
11.429112 12.605601 1.9206232
13.927752 12.621583 1.1674316
12.608833 12.616668 0.66078478
11.423334 12.599514 0.20915535
13.918142 12.608635 -0.70383137
12.615797 12.607858 -1.1102172
11.413307 12.593697 -1.4861364
13.92919 12.609934 -2.5866706
12.597539 12.601297 -2.9052613
11.426775 12.616212 -3.2168052
11.589222 12.624165 5.5064092
14.095804 12.611774 5.0561795
12.74685 12.593306 4.3212986
11.554668 12.594429 3.6727812
14.079473 12.601417 3.0812907
12.730931 12.586159 2.4652674
11.561877 12.595846 1.9299096
14.075682 12.599212 1.173329
12.769232 12.62132 0.66511953
11.584274 12.62053 0.21068022
14.091652 12.609262 -0.70867974
12.773942 12.610195 -1.117304
11.569883 12.610095 -1.496421
14.094646 12.603225 -2.6029861
12.754312 12.602505 -2.9235277
11.563303 12.610565 -3.2333961
11.727939 12.618961 5.5354247
14.262251 12.60399 5.088047
12.928995 12.617437 4.35672
11.710832 12.60846 3.6977584
14.266376 12.611899 3.1052001
12.897981 12.595757 2.4826026
11.707192 12.598106 1.9412259
14.27006 12.616346 1.1830567
12.897072 12.592173 0.66774124
11.696356 12.586729 0.21131004
14.274756 12.616244 -0.71398157
12.924735 12.603407 -1.1237081
11.708554 12.605094 -1.5043247
14.282222 12.614104 -2.6232836
12.918141 12.608674 -2.9432912
11.708695 12.612881 -3.2523491
11.883616 12.630162 5.5722203
14.448795 12.611797 5.1268921
13.071992 12.601319 4.3787675
11.856708 12.609464 3.7193193
14.447141 12.614626 3.1276386
13.072471 12.610382 2.5012476
11.844448 12.589998 1.9511387
14.434253 12.604564 1.1902348
13.059991 12.595643 0.67216212
11.855116 12.601622 0.2127773
14.442554 12.607556 -0.71849149
13.084549 12.603547 -1.1308576
11.857825 12.609735 -1.5135336
14.451963 12.607023 -2.640203
13.070114 12.601337 -2.9602442
11.869315 12.629594 -3.2753773
12.035028 12.634842 5.6067581
14.650068 12.629944 5.1707149
13.259253 12.625797 4.4154611
12.001872 12.607925 3.7405171
14.627582 12.614838 3.1498854
13.220985 12.597955 2.5148263
11.995115 12.594403 1.9631909
14.617736 12.60754 1.1989629
13.249017 12.621959 0.67789203
12.009812 12.610119 0.21416104
14.639968 12.622445 -0.72444582
13.245265 12.602594 -1.1380429
11.998982 12.603975 -1.521651
14.638158 12.612121 -2.6600306
13.235606 12.605108 -2.9801521
12.006954 12.619977 -3.2919283
12.185586 12.636729 5.6406698
14.810982 12.611076 5.2000995
13.389655 12.594225 4.4330688
12.147009 12.604609 3.7615755
14.822032 12.624776 3.1750169
13.377317 12.591216 2.529819
12.141115 12.592074 1.9744034
14.821118 12.625196 1.2092677
13.40275 12.61245 0.68178523
12.145557 12.596965 0.21519928
14.824758 12.624019 -0.72974306
13.417899 12.610894 -1.1462057
12.157234 12.614307 -1.5318753
14.831014 12.620558 -2.6809533
13.376486 12.583665 -2.9944313
12.144762 12.608981 -3.3084366
15.024982 12.635086 5.2479153
13.566752 12.604807 4.466011
12.297624 12.605182 3.7841938
13.561508 12.60855 2.5499732
12.294662 12.595725 1.9867671
15.002154 12.621387 1.2176969
13.55621 12.600918 0.68564558
12.304608 12.6062 0.2166428
14.999711 12.615047 -0.73453099
13.573156 12.600861 -1.1528419
12.287611 12.594006 -1.538537
15.03053 12.632152 -2.7029569
13.56264 12.602818 -3.0187354
12.308749 12.623295 -3.3319464
13.734882 12.604878 4.4958124
12.443019 12.598623 3.8050745
13.726253 12.605583 2.5663581
12.451814 12.601108 1.99963
13.741076 12.616484 0.69106728
12.465993 12.61574 0.21811716
13.756024 12.614365 -1.1617777
12.439404 12.594049 -1.547838
13.741988 12.613234 -3.0413706
12.48743 12.650311 -3.3592391
13.915302 12.614039 4.5294485
12.580935 12.582893 3.8235672
13.899023 12.607916 2.5841475
12.596489 12.592035 2.0104177
13.893961 12.600614 0.69485462
12.616013 12.611834 0.2193839
13.906968 12.596571 -1.167976
12.615671 12.616721 -1.5601088
13.912486 12.613323 -3.0619183
12.650788 12.659484 -3.3822243
14.090446 12.616172 4.5611744
12.760126 12.60645 3.854444
14.062478 12.59977 2.6001146
12.759297 12.599214 2.0240254
14.081298 12.613914 0.70033962
12.764162 12.6043 0.22061108
14.087923 12.603981 -1.1766562
12.757426 12.602869 -1.568046
14.099543 12.626159 -3.0859778
12.824556 12.676842 -3.4078217
14.268945 12.619111 4.5938039
12.888592 12.578034 3.8698635
14.241525 12.603518 2.6188717
12.928128 12.610195 2.0384948
14.256557 12.614097 0.7051934
12.922647 12.605131 0.22200932
14.258417 12.599856 -1.1844165
12.893503 12.581915 -1.5752528
14.248412 12.602793 -3.101577
13.018191 12.71127 -3.4384854
14.439542 12.612938 4.6237235
13.077556 12.60671 3.9033012
14.435979 12.618504 2.640342
13.066415 12.589554 2.0480802
14.439581 12.618925 0.71040314
13.077386 12.600409 0.22333521
14.440262 12.603603 -1.1930754
13.078328 12.606542 -1.5883532
14.451668 12.625376 -3.1288993
13.174816 12.707227 -3.4591944
14.634976 12.626176 4.6614084
13.226307 12.594453 3.9245598
14.616912 12.619284 2.6592221
13.253574 12.613986 2.0652456
14.618238 12.6177 0.71537036
13.235423 12.596992 0.22470988
14.609362 12.594103 -1.2006392
13.240272 12.606834 -1.598596
14.6318 12.625284 -3.1510673
13.350345 12.719332 -3.4847238
14.804618 12.61491 4.6906977
13.392871 12.597277 3.9509733
14.795961 12.616243 2.6776621
13.412114 12.608943 2.0778551
14.7844 12.60365 0.71970361
13.407888 12.605253 0.22632056
14.816994 12.615448 -1.2066044
13.395302 12.598648 -1.6114314
14.838191 12.645373 -3.179369
13.533785 12.736601 -3.5086002
15.00454 12.627174 4.729404
13.564661 12.602891 3.9787641
14.978891 12.614314 2.6967092
13.56837 12.599902 2.0900459
14.988328 12.619518 0.72584766
13.581943 12.612789 0.22794788
15.026434 12.635554 -1.2173232
13.552866 12.591018 -1.6210616
15.060086 12.675784 -3.2101886
13.733731 12.766778 -3.5400605
13.72585 12.596618 4.0032973
13.740682 12.603786 2.104636
13.743009 12.606203 0.22934857
13.740209 12.608877 -1.6341848
13.920382 12.781963 -3.5678887
13.890376 12.591472 4.0286732
13.91289 12.60543 2.1191261
13.919436 12.611643 0.23099707
13.911249 12.609473 -1.6452944
14.096842 12.785457 -3.592941
14.069027 12.59702 4.0579929
14.087761 12.607335 2.1339381
14.093382 12.612649 0.23259504
14.091951 12.616626 -1.6574788
14.270784 12.784506 -3.617213
14.255854 12.60756 4.0894899
14.262117 12.60663 2.1485913
14.242171 12.589284 0.23377135
14.269074 12.618332 -1.6691738
14.434788 12.772646 -3.638849
14.412929 12.589718 4.1123114
14.436256 12.603617 2.1631339
14.439861 12.607048 0.23574205
14.45584 12.626278 -1.6819268
14.596066 12.756531 -3.6597047
14.612369 12.606698 4.1470671
14.62189 12.608421 2.1793158
14.630745 12.616342 0.23759007
14.610426 12.604098 -1.6908826
14.749532 12.731874 -3.6785262
14.799717 12.610761 4.1781979
14.802162 12.606341 2.1946139
14.804795 12.608871 0.23915561
14.805586 12.614836 -1.7044784
14.949681 12.745406 -3.7088692
15.002525 12.625507 4.2135038
15.020759 12.634606 0.24138735
15.019861 12.639167 -1.720186
