# .PCD v0.7 - Point Cloud Data file format
VERSION 0.7
FIELDS x y z
SIZE 4 4 4
TYPE F F F
COUNT 1 1 1
WIDTH 3336
HEIGHT 1
VIEWPOINT 0 0 0 1 0 0 0
POINTS 3336
DATA ascii
17.939384 -0.4452824 -0.66948384
17.689501 0.4289923 -1.0958456
17.485491 1.2863053 -1.5316786
17.26293 -1.2828573 -1.9498727
16.989086 -0.42410308 -2.3406179
16.998653 0.4184078 -2.7765059
17.055382 1.2547468 -3.2276583
17.310537 -1.283512 -3.7235379
17.9387 -0.55542183 -0.66957283
17.699657 0.32058576 -1.0963322
17.441578 1.1755228 -1.5271714
17.272079 -1.3900787 -1.9518322
17.00013 -0.52876347 -2.3425422
17.008337 0.31622925 -2.7777267
17.068617 1.1504682 -3.2287667
17.303204 -1.3897729 -3.7237241
17.939135 -0.66563636 -0.66972899
17.706839 0.21204314 -1.0966759
17.490305 1.0710434 -1.5308336
17.276722 -1.4972016 -1.9533582
17.015635 -0.63377464 -2.3451705
17.005775 0.21181002 -2.7770436
17.068508 1.0452961 -3.2274716
17.314249 -1.4976382 -3.7305737
17.950428 -0.77637589 -0.6703158
17.689522 0.10328525 -1.0955434
17.471333 0.96231586 -1.5286275
17.304197 -1.6066154 -1.9575423
16.999842 -0.73766601 -2.3435736
16.998165 0.10740632 -2.775641
17.062567 0.93988323 -3.2251973
17.311769 -1.6045007 -3.7320905
17.949203 -0.88669461 -0.67046064
17.712534 -0.0052643213 -1.0969501
17.48834 0.85565495 -1.5296274
17.289364 -1.7123011 -1.957016
17.019732 -0.84318668 -2.3469846
17.000937 0.0031059498 -2.7760382
17.068279 0.83518463 -3.2252476
17.319494 -1.7124627 -3.7359507
17.955076 -0.99745935 -0.67089599
17.725748 -0.11403365 -1.097791
17.476881 0.74763167 -1.5281951
17.279085 -1.8184127 -1.9570788
17.046144 -0.94937891 -2.3513858
16.980755 -0.10109154 -2.7727919
17.065334 0.73010832 -3.2237835
17.310644 -1.8189093 -3.7363789
17.943224 -1.107278 -0.67069429
17.71571 -0.22268148 -1.0972333
17.481638 0.64039975 -1.5282388
17.290689 -1.9269738 -1.9596955
17.045586 -1.0542998 -2.3521569
16.99778 -0.20549878 -2.7757256
17.065317 0.62523073 -3.2229953
17.330654 -1.9285961 -3.7431815
17.963615 -1.2192228 -0.67172354
17.720348 -0.3314974 -1.097626
17.48472 0.53310657 -1.5281935
17.259058 -2.0307391 -1.9574859
17.056839 -1.1600969 -2.3546479
17.029249 -0.31039375 -2.7811232
17.038433 0.51958108 -3.2172549
17.310415 -2.0339496 -3.7414353
17.962679 -1.3299321 -0.67198104
17.681601 -0.43931729 -1.0953721
17.500792 0.42613199 -1.5293406
17.296782 -2.1428578 -1.9632185
17.03516 -1.2636776 -2.3526812
17.016762 -0.41462737 -2.7794468
17.067595 0.41566584 -3.222219
17.331472 -2.1443157 -3.7461777
17.956133 -1.4402806 -0.67205417
17.714619 -0.54891825 -1.0976057
17.504675 0.31877026 -1.5294805
17.29389 -2.2503254 -1.9644207
17.04071 -1.3692744 -2.3545637
17.010868 -0.51894003 -2.7789521
17.058857 0.31073347 -3.220149
17.328669 -2.252007 -3.7484882
17.947666 -1.5504916 -0.6720807
17.724293 -0.65809941 -1.0984344
17.492311 0.21118869 -1.5282582
17.301781 -2.3593998 -1.9669243
17.033066 -1.4739016 -2.3547127
17.023287 -0.62389058 -2.781554
17.080849 0.20630288 -3.2240007
17.344511 -2.3623757 -3.7549796
17.974537 -1.6639866 -0.67345649
17.732328 -0.76737809 -1.0992035
17.502104 0.1039063 -1.5290293
17.304651 -2.4680376 -1.9689355
17.028549 -1.5788363 -2.3553832
17.025352 -0.7285977 -2.7825696
17.068899 0.10141627 -3.2215669
17.347992 -2.4713624 -3.7589455
17.981642 -1.7759888 -0.6741184
17.716755 -0.87564665 -1.0985506
17.491615 -0.0034844077 -1.5280859
17.311268 -2.5774591 -1.9714507
17.041779 -1.6855903 -2.3585994
17.017944 -0.8329215 -2.7821417
17.057495 -0.0033161605 -3.2193577
17.376976 -2.5843756 -3.7685907
17.980892 -1.8873889 -0.67451167
17.738598 -0.98586923 -1.1002594
17.511955 -0.11094195 -1.5298936
17.324041 -2.688117 -1.9747466
17.029377 -1.7899421 -2.3583586
17.031847 -0.93839115 -2.7853034
17.0714 -0.1080691 -3.2220466
17.357195 -2.6903925 -3.7678101
17.983444 -1.9992913 -0.67505497
17.743916 -1.095415 -1.1009853
17.500525 -0.21826126 -1.5289832
17.311529 -2.7950604 -1.9752381
17.04645 -1.8975576 -2.3622909
17.03755 -1.0436006 -2.7872307
17.097988 -0.21315895 -3.2272513
17.359941 -2.8000021 -3.7720647
18.002069 -2.1132641 -0.67622805
17.714651 -1.2027612 -1.0996069
17.524015 -0.32610655 -1.5311816
17.327017 -2.9067593 -1.9790031
17.040873 -2.0028677 -2.3631766
17.020006 -1.147392 -2.7854602
17.100643 -0.31814596 -3.2280602
17.378656 -2.9125385 -3.7799432
17.991167 -2.2239802 -0.67631841
17.718309 -1.3122758 -1.1003129
17.517235 -0.43351567 -1.5307926
17.334826 -3.0175416 -1.9819721
17.05983 -2.1112974 -2.3675578
17.010645 -1.2516559 -2.7851324
17.08618 -0.42276591 -3.2257588
17.37748 -3.0220773 -3.7836497
17.991941 -2.3362465 -0.67687374
17.76569 -1.4254431 -1.1037778
17.530907 -0.54150587 -1.5322489
17.31786 -3.1241875 -1.9821869
17.037325 -2.214735 -2.3662758
17.032011 -1.3583499 -2.789943
17.070709 -0.52720904 -3.223388
17.383398 -3.1331146 -3.7890527
18.013391 -2.4515152 -0.67823386
17.743147 -1.5332612 -1.102941
17.546419 -0.649773 -1.5339245
17.327976 -3.2359192 -1.9855802
17.042788 -2.321872 -2.3689685
17.035091 -1.4638392 -2.7918661
17.08058 -0.63244021 -3.225924
17.387169 -3.2440696 -3.7941418
18.014444 -2.5643365 -0.67885315
17.761057 -1.6446627 -1.1046607
17.551416 -0.75782579 -1.5347389
17.339651 -3.3483326 -1.9892348
17.060759 -2.4310374 -2.3734956
17.007063 -1.566612 -2.7887957
17.084555 -0.73758578 -3.2274687
17.400112 -3.357095 -3.8013899
18.000019 -2.6750677 -0.67891526
17.749683 -1.7535179 -1.1046017
17.526659 -0.86452937 -1.5330091
17.313189 -3.4535484 -1.9885924
17.083891 -2.5413823 -2.3788383
17.04356 -1.6755003 -2.7964137
17.107828 -0.84378773 -3.2327826
17.400372 -3.4680195 -3.8060241
18.009169 -2.7894754 -0.6798932
17.792219 -1.8680254 -1.1079413
17.571623 -0.9748618 -1.5374361
17.311022 -3.5636985 -1.9908179
17.056522 -2.6443834 -2.3772421
17.042395 -1.7810323 -2.7979627
17.091869 -0.94816327 -3.2308056
17.407047 -3.580538 -3.8122177
17.992857 -2.9001093 -0.67993641
17.764278 -1.9753662 -1.1069354
17.571424 -1.0830379 -1.5379713
17.346619 -3.6821163 -1.9974723
17.047174 -2.7501516 -2.3782461
17.036104 -1.8861179 -2.7987776
17.078644 -1.0525825 -3.2294655
17.392506 -3.6889236 -3.8139188
18.017179 -3.0175676 -0.68154234
17.745462 -2.0835814 -1.1065387
17.557671 -1.190374 -1.5373778
17.316738 -3.7869616 -1.9966695
17.055779 -2.859024 -2.3818491
17.035379 -1.9919199 -2.8006134
17.092644 -1.158764 -3.2333963
17.412176 -3.804889 -3.8232799
18.010258 -3.130136 -0.68199426
17.75363 -2.1950583 -1.107867
17.548191 -1.2979472 -1.5372162
17.335464 -3.9026644 -2.0015523
17.074581 -2.9700005 -2.3869748
17.044277 -2.09905 -2.8041408
17.103071 -1.2649416 -3.2367759
17.421234 -3.9190195 -3.8304765
18.023346 -3.246464 -0.68323123
17.763914 -2.3070796 -1.1093712
17.554987 -1.4068055 -1.5385387
17.322908 -4.011673 -2.0029073
17.079409 -3.0789258 -2.3902462
17.056639 -2.2068996 -2.8083498
17.103073 -1.3705081 -3.238307
17.463751 -4.0413194 -3.8452048
18.055275 -3.3667235 -0.6852119
17.763903 -2.4180043 -1.1102762
17.567253 -1.5163268 -1.5404001
17.3613 -4.1329651 -2.0102401
17.091284 -3.1894667 -2.3946016
17.052786 -2.3128734 -2.8099992
17.107746 -1.4765818 -3.2408464
17.436855 -4.1479783 -3.8448148
18.040131 -3.478574 -0.68543422
17.778122 -2.5311408 -1.1121148
17.56951 -1.6251891 -1.5414436
17.356926 -4.2446265 -2.0127115
17.071617 -3.2943199 -2.3946333
17.054474 -2.4197621 -2.8126712
17.098253 -1.581515 -3.2408257
17.452202 -4.2649407 -3.8538961
18.066275 -3.5987277 -0.68725371
17.767139 -2.6409028 -1.1124204
17.56378 -1.7334143 -1.541845
17.335041 -4.3521729 -2.0132327
17.06856 -3.4024916 -2.3970878
17.062986 -2.5278692 -2.8165801
17.103472 -1.6879025 -3.2437167
17.469761 -4.3829989 -3.8636398
18.050152 -3.7108076 -0.68749362
17.781267 -2.7546215 -1.1143423
17.57501 -1.843479 -1.5437946
17.364271 -4.4729495 -2.0197768
17.094612 -3.5168793 -2.4037321
17.062479 -2.6348848 -2.8191118
17.110678 -1.7946916 -3.2471104
17.468958 -4.4969096 -3.8694923
18.040396 -3.824322 -0.68800282
17.770552 -2.8647246 -1.1147515
17.598415 -1.9551764 -1.5468752
17.363274 -4.5864825 -2.0228963
17.075329 -3.6222589 -2.4041007
17.043026 -2.7390521 -2.8186216
17.111914 -1.9010433 -3.2494974
17.47278 -4.6123929 -3.8765352
18.054003 -3.9431145 -0.68943143
17.776289 -2.9776702 -1.1162366
17.574076 -2.0617125 -1.5458189
17.374275 -4.7036214 -2.0275023
17.085323 -3.7340753 -2.4086883
17.063383 -2.8498349 -2.8248272
17.133076 -2.0098927 -3.2557964
17.490799 -4.7321372 -3.8869011
18.052439 -4.0589824 -0.69030982
17.751778 -3.0856607 -1.1158651
17.588182 -2.1728523 -1.5482031
17.381693 -4.8202906 -2.0317812
17.105877 -3.8486903 -2.4148698
17.055613 -2.9562199 -2.8264902
17.134031 -2.1166632 -3.2583852
17.519003 -4.8553247 -3.8997161
18.055376 -4.1761928 -0.69138908
17.802084 -3.2070594 -1.1202433
17.582981 -2.2818289 -1.5489485
17.369165 -4.9317861 -2.0338159
17.098024 -3.9573002 -2.4171438
17.06542 -3.0658937 -2.8311801
17.128683 -2.2227888 -3.2599003
17.529671 -4.9743028 -3.908812
18.054222 -4.2927985 -0.69234043
17.804264 -3.3203692 -1.1216414
17.595591 -2.3933375 -1.5513238
17.363935 -5.0456367 -2.0367901
17.100191 -4.0685067 -2.4209337
17.065319 -3.1740878 -2.834341
17.115248 -2.3279183 -3.2600005
17.513912 -5.0861516 -3.9121828
18.089018 -4.410377 -0.68773741
17.815538 -3.437304 -1.1274818
17.600037 -2.5011568 -1.5535717
17.349569 -5.1540465 -2.0340364
17.097635 -4.1726665 -2.4217639
17.07033 -3.2849531 -2.8320782
17.12998 -2.4313223 -3.2675471
17.564466 -5.216105 -3.9418747
18.074577 -4.5245304 -0.68823093
17.751715 -3.5381033 -1.1247954
17.592558 -2.6103182 -1.554296
17.37491 -5.2778082 -2.0407658
17.092402 -4.282681 -2.4246988
17.074694 -3.3945715 -2.8362045
17.116224 -2.5366044 -3.2678308
17.576567 -5.3372736 -3.9518652
18.08568 -4.6454191 -0.68972611
17.812126 -3.6639202 -1.1300265
17.600372 -2.7219515 -1.5564326
17.37417 -5.3942451 -2.044528
17.095812 -4.3951936 -2.4289627
17.078247 -3.5043449 -2.840313
17.123083 -2.645093 -3.2721772
17.556929 -5.4491925 -3.9548931
18.09334 -4.7659183 -0.69112045
17.782942 -3.7717936 -1.129622
17.601404 -2.8328018 -1.5580319
17.383509 -5.5143147 -2.0495701
17.090038 -4.505681 -2.4320247
17.075977 -3.6132066 -2.8435695
17.115107 -2.7514873 -3.2738178
17.59454 -5.5794525 -3.9710028
18.063009 -4.876646 -0.70177281
17.79899 -3.8894739 -1.1332581
17.605646 -2.9444203 -1.5512621
17.372749 -5.6284561 -2.0582187
17.106045 -4.6223416 -2.4434185
17.067087 -3.72088 -2.8463414
17.139233 -2.8633571 -3.2818472
17.547857 -5.6833806 -3.9561296
18.079737 -5.0003824 -0.70360148
17.80323 -4.0050116 -1.1350713
17.585052 -3.0520103 -1.5510684
17.362291 -5.7430205 -2.0611162
17.126768 -4.7408924 -2.4504876
17.075495 -3.8326154 -2.8516116
17.138098 -2.9713724 -3.2850592
17.599871 -5.8197851 -3.9758317
18.103373 -5.1267023 -0.69499105
17.810095 -4.1215277 -1.1359742
17.590155 -3.1641986 -1.5619278
17.394361 -5.8722782 -2.063246
17.123945 -4.8534265 -2.4491503
17.084644 -3.9449337 -2.8566225
17.128777 -3.0781336 -3.2867155
17.637953 -5.952683 -4.0048556
18.086357 -5.2419705 -0.69555962
17.835962 -4.24298 -1.1392633
17.6057 -3.2786424 -1.5650649
17.378895 -5.986094 -2.0657294
17.101801 -4.9607143 -2.4502904
17.089775 -4.0567288 -2.8615887
17.136454 -3.1881778 -3.2918801
17.63607 -6.0728383 -4.0128136
18.10611 -5.3683414 -0.69757289
17.792744 -4.3482218 -1.1381854
17.617193 -3.3927588 -1.5679077
17.385998 -6.1081309 -2.0709896
17.131433 -5.0834761 -2.4589589
17.094036 -4.1687012 -2.8665314
17.144917 -3.2987192 -3.297332
17.620968 -6.1888366 -4.017942
18.105259 -5.4891696 -0.69882464
17.815388 -4.4697738 -1.141367
17.616003 -3.5047626 -1.5696862
17.400272 -6.2333512 -2.0772069
17.118273 -5.1940651 -2.4615982
17.089922 -4.2789645 -2.8701901
17.141848 -3.4073334 -3.3007004
17.649063 -6.3206201 -4.0331154
18.107985 -5.6115456 -0.70024562
17.803068 -4.5829778 -1.1423578
17.628307 -3.619797 -1.5727322
17.395582 -6.3523736 -2.0812609
17.107307 -5.3055868 -2.4646564
17.102991 -4.3939309 -2.8768589
17.149599 -3.5183959 -3.3062875
17.687044 -6.4569392 -4.0507727
18.101051 -5.7313633 -0.70132428
17.79328 -4.6970572 -1.1435577
17.610769 -3.7289541 -1.5731792
17.375078 -6.4659882 -2.0835156
17.118382 -5.4243822 -2.4710007
17.10446 -4.5063653 -2.8817027
17.151104 -3.6285117 -3.3108079
17.666344 -6.572505 -4.0551915
18.105183 -5.8551407 -0.7028631
17.817339 -4.8205438 -1.1469833
17.624784 -3.8450632 -1.5765091
17.382124 -6.5903158 -2.0891702
17.14031 -5.5472903 -2.4790325
17.112112 -4.6208515 -2.8877149
17.172098 -3.7431808 -3.3192322
17.666061 -6.696085 -4.0644817
18.133732 -5.9875236 -0.70538437
17.815962 -4.9376869 -1.1488234
17.614885 -3.9562845 -1.5777655
17.400455 -6.7196674 -2.0962896
17.136408 -5.6624207 -2.4834466
17.126499 -4.7376752 -2.8949938
17.173937 -3.8541152 -3.3240957
17.704998 -6.8353786 -4.0830131
18.126234 -6.1086459 -0.70653737
17.825218 -5.0582299 -1.1514
17.62088 -4.071363 -1.5805103
17.374151 -6.8323069 -2.0981319
17.145243 -5.7822666 -2.4898217
17.083336 -4.8387713 -2.8926618
17.147123 -3.9587641 -3.323545
17.727791 -6.9694662 -4.0980539
18.127687 -6.2332573 -0.70807159
17.819948 -5.1750879 -1.1530889
17.662218 -4.1952376 -1.5864971
17.401558 -6.96667 -2.106564
17.120344 -5.8911114 -2.4914086
17.116554 -4.9618306 -2.9033871
17.156807 -4.0720425 -3.3302021
17.743856 -7.10179 -4.111764
18.130487 -6.3588853 -0.70969176
17.832174 -5.2974968 -1.1559616
17.607204 -4.2964702 -1.5838938
17.394669 -7.0880585 -2.1109552
17.140039 -6.0157609 -2.4995992
17.123249 -5.0778723 -2.9097536
17.177292 -4.1884041 -3.3391044
17.740561 -7.2270761 -4.1211987
18.124115 -6.4818087 -0.71098566
17.842255 -5.4198508 -1.1587491
17.649639 -4.4217439 -1.5901217
17.378492 -7.2061195 -2.1143184
17.141769 -6.1347618 -2.5052941
17.086851 -5.1813512 -2.908916
17.179695 -4.3008394 -3.3446381
17.780262 -7.3707733 -4.1408501
18.118742 -6.6055593 -0.7123515
17.83552 -5.5375662 -1.1604966
17.63991 -4.5345154 -1.591722
17.397013 -7.3392205 -2.1220107
17.170506 -6.2641602 -2.5150642
17.101324 -5.3005371 -2.916862
17.170027 -4.4105492 -3.3479614
17.837706 -7.5231743 -4.1649003
18.139828 -6.7396297 -0.71479291
17.820211 -5.6529269 -1.1617355
17.641407 -4.6504831 -1.594402
17.380924 -7.4583898 -2.1255903
17.133949 -6.3702178 -2.5153875
17.112751 -5.4193888 -2.9244277
17.171982 -4.5235486 -3.3536921
18.025251 -7.7328892 -4.2196898
18.166723 -6.876771 -0.71750194
17.84897 -5.7828274 -1.1659018
17.6213 -4.7610083 -1.5951948
17.397276 -7.5921464 -2.1332471
17.16466 -6.5017905 -2.5257053
17.102779 -5.5319223 -2.9284694
17.179796 -4.6385202 -3.3607135
18.137989 -6.993432 -0.71804839
17.853437 -5.9055638 -1.1685386
17.644613 -4.8836708 -1.5999881
17.399874 -7.7207189 -2.1393342
17.150997 -6.6172342 -2.5296221
17.113546 -5.6516309 -2.9361956
17.207958 -4.7595968 -3.3718722
18.155024 -7.1282635 -0.72044075
17.846809 -6.0251079 -1.1705023
17.626369 -4.9952607 -1.601083
17.40501 -7.8511715 -2.1458485
17.144915 -6.7360353 -2.5347733
17.134748 -5.775475 -2.9458578
17.195198 -4.869843 -3.3751636
18.169676 -7.2630033 -0.72277695
17.850407 -6.1485901 -1.1731907
17.627773 -5.1127124 -1.6040299
17.417379 -7.9857283 -2.1533742
17.150669 -6.8600702 -2.5417993
17.11672 -5.8866014 -2.9489129
17.223614 -4.9922495 -3.3866899
18.17613 -7.3952508 -0.7248252
17.836695 -6.2665563 -1.1747944
17.630522 -5.2309999 -1.6071705
17.418276 -8.1158495 -2.1596012
17.161985 -6.987052 -2.5497825
17.113873 -6.0033011 -2.9547129
17.19235 -5.0977464 -3.3866293
18.191957 -7.5321207 -0.72728568
17.858732 -6.3976727 -1.1788094
17.667854 -5.3602462 -1.6135415
17.409735 -8.2422609 -2.164772
17.163685 -7.1108236 -2.5564692
17.112139 -6.1208682 -2.9608421
17.228374 -5.2236452 -3.3999755
18.151911 -7.6463451 -0.72754675
17.859591 -6.5219021 -1.1814852
17.673838 -5.4807105 -1.6171288
17.405848 -8.3715429 -2.1706352
17.170078 -7.237226 -2.5639877
17.115847 -6.2409148 -2.9680538
17.217079 -5.3357911 -3.4041433
18.173075 -7.7868977 -0.73029631
17.862913 -6.6476183 -1.1843812
17.640806 -5.5893464 -1.617214
17.416557 -8.5086718 -2.1784403
17.159952 -7.3572793 -2.5691683
17.133581 -6.3667564 -2.9778476
17.215107 -5.4511786 -3.4103029
18.16255 -7.9146423 -0.73181123
17.844442 -6.7656879 -1.1858867
17.637907 -5.7077508 -1.6201286
17.393486 -8.6299973 -2.1821373
17.166014 -7.4849005 -2.5769041
17.132086 -6.4861131 -2.9844484
17.238331 -5.575139 -3.4216158
18.17301 -8.0522413 -0.73420966
17.862295 -6.8981075 -1.1898637
17.656925 -5.8338323 -1.6251329
17.39924 -8.7663031 -2.1895661
17.176746 -7.6153507 -2.5854809
17.111065 -6.5984764 -2.9877832
17.250662 -5.696281 -3.4309363
18.162491 -8.1812677 -0.73579895
17.888533 -7.0346732 -1.1944643
17.666805 -5.9575782 -1.6293761
17.405308 -8.9036837 -2.1971633
17.171289 -7.7393489 -2.591759
17.149391 -6.7344203 -3.0016346
17.245453 -5.8121562 -3.436929
18.191645 -8.3290453 -0.73903662
17.865763 -7.1526027 -1.195852
17.645424 -6.0712028 -1.6308093
17.391167 -9.0315113 -2.2023325
17.151211 -7.8572688 -2.5959561
17.108826 -6.8399515 -3.0018241
17.242443 -5.9292016 -3.4435146
18.189232 -8.4684191 -0.74642652
17.868191 -7.2810998 -1.2001705
17.634903 -6.1888561 -1.6333158
17.415884 -9.1804657 -2.2125545
17.169022 -7.9932466 -2.6060264
17.137932 -6.9738545 -3.0143821
17.254969 -6.0556445 -3.4525669
18.156523 -8.5891361 -0.74723285
17.852995 -7.4029651 -1.2021784
17.677486 -6.3258915 -1.640824
17.446667 -9.3339338 -2.2236996
17.195873 -8.1344995 -2.6176291
17.133743 -7.0949974 -3.0212457
17.254885 -6.174788 -3.4600663
18.190107 -8.7420139 -0.7508086
17.864759 -7.5366364 -1.2060618
17.669308 -6.4455371 -1.6437049
17.424437 -9.4600134 -2.2282226
17.176695 -8.2547846 -2.622371
17.137016 -7.2198496 -3.0295775
17.254206 -6.2942381 -3.4676094
18.196785 -8.8830738 -0.75331974
17.870857 -7.668716 -1.2096274
17.666388 -6.5675726 -1.6471509
17.423315 -9.5982876 -2.2355685
17.179609 -8.3863287 -2.6306226
17.14398 -7.3469725 -3.0387208
17.259426 -6.4164081 -3.4765058
18.207087 -9.0268602 -0.75602502
17.874893 -7.8006678 -1.2105988
17.679218 -6.6960969 -1.6521471
17.398607 -9.7243061 -2.2400122
17.196579 -8.5256681 -2.6411817
17.142286 -7.471077 -3.046489
17.271227 -6.5416946 -3.4923174
18.221785 -9.1738644 -0.7589584
17.901508 -7.9433966 -1.2156795
17.666697 -6.8155971 -1.6548541
17.418921 -9.8764133 -2.2503872
17.197935 -8.658205 -2.6494994
17.099361 -7.5775547 -3.0470662
17.254189 -6.6565833 -3.4970655
18.203848 -9.3052788 -0.76057523
17.903574 -8.0761595 -1.2216988
17.697481 -6.9525232 -1.6617024
17.406954 -10.011266 -2.2567348
17.185623 -8.7845955 -2.6558573
17.132179 -7.7182078 -3.0612957
17.274174 -6.7863536 -3.5040481
18.197794 -9.4434662 -0.76272893
17.886177 -8.2007608 -1.2239224
17.676189 -7.0696616 -1.663745
17.433167 -10.169198 -2.2681801
17.19763 -8.9242477 -2.6661248
17.148447 -7.8524671 -3.0727544
17.285923 -6.9137006 -3.5149703
18.210112 -9.5921383 -0.76569766
17.877134 -8.3297424 -1.2267779
17.697529 -7.2044692 -1.6698829
17.416412 -10.303171 -2.274183
17.194155 -9.0567856 -2.6741507
17.148827 -7.980289 -3.0815389
17.287098 -7.0375166 -3.5239239
18.237076 -9.7497568 -0.76933247
17.891125 -8.4702587 -1.2312814
17.6782 -7.3233676 -1.6722678
17.415859 -10.447632 -2.2824388
17.19482 -9.1923532 -2.6829762
17.133104 -8.1012325 -3.0875878
17.294432 -7.164516 -3.5343137
18.233349 -9.8920946 -0.7717213
17.902 -8.6102657 -1.2356426
17.692659 -7.4568739 -1.6779321
17.442038 -10.609413 -2.294358
17.176958 -9.3187714 -2.6890607
17.164618 -8.2453785 -3.1023259
17.30969 -7.2955947 -3.5465133
17.893169 -8.7416105 -1.2387121
17.659855 -7.5709882 -1.6791952
17.413479 -10.738973 -2.2992258
17.222425 -9.4806747 -2.7052348
17.148228 -8.3673906 -3.1085849
17.321459 -7.426044 -3.5581934
17.91762 -8.8901472 -1.2441574
17.683624 -7.7099667 -1.6859219
17.422979 -10.892959 -2.3092618
17.202007 -9.6074381 -2.7112365
17.15501 -8.5014162 -3.1192119
17.294704 -7.5405307 -3.562135
17.887341 -9.0123186 -1.2458714
17.695967 -7.8449163 -1.6916559
17.418297 -11.039259 -2.3175759
17.217545 -9.7551928 -2.7230682
17.158577 -8.6347256 -3.1294351
17.354729 -7.6937733 -3.5841544
17.917398 -9.16574 -1.2518587
17.71114 -7.9820323 -1.6977565
17.40283 -11.179716 -2.3246012
17.197744 -9.8838615 -2.7294769
17.178848 -8.7774391 -3.1428959
17.335012 -7.8126521 -3.589915
17.897154 -9.2943764 -1.2544053
17.680353 -8.099041 -1.6995372
17.429918 -11.348804 -2.3374774
17.209614 -10.031658 -2.7410786
17.164753 -8.9034748 -3.1502531
17.342527 -7.9444232 -3.6014986
17.912981 -9.4425983 -1.2583048
17.678461 -8.2297812 -1.7041773
17.432411 -11.50335 -2.3472338
17.228054 -10.184546 -2.7539175
17.183889 -9.0476379 -3.1638942
17.328892 -8.0633869 -3.6057916
17.928316 -9.5917139 -1.2634925
17.693207 -8.3691168 -1.7105168
17.422316 -11.650764 -2.3554554
17.193264 -10.306863 -2.7584138
17.182991 -9.1822643 -3.1740429
17.361027 -8.2083035 -3.62289
17.921858 -9.7301702 -1.2672212
17.700191 -8.5057154 -1.7162054
17.40218 -11.792468 -2.3624716
17.230034 -10.473155 -2.7745709
17.163683 -9.3077822 -3.1809661
17.374058 -8.3452816 -3.6362267
17.899485 -9.8607054 -1.2698936
17.690098 -8.6348743 -1.7203318
17.430109 -11.96811 -2.376188
17.210421 -10.606395 -2.7818401
17.178099 -9.4524584 -3.1943271
17.352043 -8.4661322 -3.6424229
17.931627 -10.022317 -1.2765127
17.703239 -8.7762003 -1.7268142
17.409878 -12.112074 -2.3835166
17.251242 -10.778162 -2.7990756
17.194387 -9.5993376 -3.2082484
17.38261 -8.613492 -3.6637726
17.925959 -10.164001 -1.280525
17.693253 -8.9069099 -1.7311383
17.429211 -12.284914 -2.3964386
17.230961 -10.913057 -2.8065972
17.17811 -9.7289829 -3.2162895
17.370214 -8.74051 -3.6723948
17.918829 -10.305763 -1.2845086
17.715757 -9.0549116 -1.7387438
17.410917 -12.432623 -2.404367
17.210009 -11.048326 -2.8141737
17.186657 -9.8735933 -3.2291722
17.394436 -8.8868685 -3.6850405
17.926531 -10.457093 -1.2896361
17.700233 -9.184391 -1.7427185
17.410599 -12.594408 -2.4149492
17.22257 -11.206208 -2.8274181
17.208784 -10.027245 -3.2448287
17.386913 -9.0179815 -3.6950998
17.920347 -10.601391 -1.2938465
17.689859 -9.3172169 -1.7472928
17.424377 -12.767964 -2.4276817
17.230995 -11.362784 -2.8401937
17.203083 -10.165829 -3.2554545
17.387886 -9.1543121 -3.7071745
17.940443 -10.762429 -1.300041
17.693979 -9.4585247 -1.7533994
17.435343 -12.941171 -2.4402273
17.248537 -11.526833 -2.8546898
17.206335 -10.310714 -3.2679806
17.385628 -9.2898121 -3.7187762
17.929775 -10.906193 -1.3040928
17.716307 -9.610692 -1.7614225
17.410404 -13.089104 -2.4479313
17.2362 -11.672213 -2.8644478
17.219324 -10.462626 -3.2825789
17.405863 -9.4383736 -3.7354221
17.953754 -11.072268 -1.3107538
17.700434 -9.743124 -1.7657552
17.406628 -13.254211 -2.4587889
17.242216 -11.831245 -2.8774579
17.208029 -10.600874 -3.2927639
17.436296 -9.5937853 -3.7545156
17.968672 -11.234236 -1.3168505
17.708233 -9.8894749 -1.7725532
17.414282 -13.429641 -2.4714637
17.245338 -11.989687 -2.890202
17.251562 -10.774275 -3.3136821
17.417345 -9.7230568 -3.7632105
17.951687 -11.377416 -1.3206972
17.713688 -10.035603 -1.7792296
17.441095 -13.621797 -2.4870846
17.242409 -12.145261 -2.9021459
17.258404 -10.926316 -3.327811
17.450438 -9.8824577 -3.7833912
17.951336 -11.532188 -1.3258523
17.714693 -10.180259 -1.7855711
17.426369 -13.783276 -2.4969976
17.26738 -12.32206 -2.9190199
17.264826 -11.07936 -3.3420951
17.475136 -10.038555 -3.8020289
17.953066 -11.689538 -1.3312526
17.708216 -10.321589 -1.7912685
17.401531 -13.938052 -2.5056462
17.24991 -12.470042 -2.9289467
17.267317 -11.231135 -3.3558547
17.467178 -10.177034 -3.813812
17.96608 -11.855618 -1.3375866
17.71804 -10.473494 -1.7987291
17.407434 -14.118984 -2.5189233
17.230715 -12.617863 -2.9387782
17.27788 -11.389479 -3.3714263
17.52639 -10.3561 -3.8446431
17.958544 -12.009467 -1.3424867
17.716745 -10.619958 -1.8051791
17.412369 -14.301 -2.5322874
17.245472 -12.791965 -2.9546263
17.284672 -11.546718 -3.3865128
17.555393 -10.519095 -3.8650911
17.940617 -12.157448 -1.3466978
17.72921 -10.775851 -1.8131522
17.408958 -14.477984 -2.5446632
17.249538 -12.959809 -2.9688911
17.294792 -11.70759 -3.4025061
17.548748 -10.661995 -3.8738236
17.964338 -12.335042 -1.3541343
17.740417 -10.932288 -1.8211242
17.400381 -14.65239 -2.5565031
17.257189 -13.131987 -2.9840207
17.323992 -11.883016 -3.4225316
17.576088 -10.826814 -3.8944502
17.976278 -12.506236 -1.3607932
17.72032 -11.070497 -1.8259999
17.402178 -14.837349 -2.5700948
17.249949 -13.294398 -2.9968176
17.292814 -12.018322 -3.4308765
17.59523 -10.988102 -3.9135575
17.962822 -12.661139 -1.3656298
17.724365 -11.224811 -1.8334798
17.425724 -15.043048 -2.5871558
17.265516 -13.476065 -3.0138309
17.30932 -12.187978 -3.4489238
17.622227 -11.15584 -3.9347131
17.958508 -12.823755 -1.3712581
17.721222 -11.375761 -1.8403403
17.40049 -15.208593 -2.5972154
17.257328 -13.640896 -3.0269554
17.315189 -12.351724 -3.4651294
17.66436 -11.334929 -3.9595759
17.991358 -13.014633 -1.3798383
17.722031 -11.530441 -1.8477371
17.394167 -15.392346 -2.6103199
17.262705 -13.818089 -3.0427129
17.339981 -12.530654 -3.4854121
17.652582 -11.480893 -3.9726517
17.974674 -13.171321 -1.3847311
17.735086 -11.694445 -1.8565449
17.386623 -15.576935 -2.623482
17.287472 -14.012815 -3.062176
17.348442 -12.69953 -3.5027096
17.685493 -11.657338 -3.9960806
17.988573 -13.351916 -1.3920871
17.745859 -11.858416 -1.8652543
17.415232 -15.796264 -2.642374
17.25576 -14.163435 -3.0718949
17.370361 -12.880013 -3.5230255
17.699457 -11.822964 -4.015552
17.991259 -13.525907 -1.3986914
17.710953 -11.992939 -1.8692851
17.40188 -15.97987 -2.6551757
17.270271 -14.353608 -3.0900989
17.370287 -13.045899 -3.5391796
17.729652 -12.001112 -4.0390334
17.999174 -13.705527 -1.4058183
17.717018 -12.156266 -1.8777627
17.392471 -16.169056 -2.6688278
17.263933 -14.528363 -3.1048574
17.358049 -13.204065 -3.5531271
17.998863 -13.880585 -1.4124197
17.733875 -12.328554 -1.8875314
17.382704 -16.359959 -2.6826823
17.265223 -14.711352 -3.1212647
17.396976 -13.402986 -3.5778623
17.763004 -12.344232 -4.0808363
17.985188 -14.046865 -1.4180834
17.725653 -12.484858 -1.8947741
17.388275 -16.567574 -2.6991801
17.295784 -14.921535 -3.1432829
17.404942 -13.580115 -3.5965695
17.82025 -12.546858 -4.1115971
17.991106 -14.230077 -1.4254078
17.725527 -12.648198 -1.9030211
17.396215 -16.779985 -2.7163446
17.285629 -15.098767 -3.1582153
17.405642 -13.753308 -3.6140847
18.018244 -14.432144 -1.4345471
17.734657 -12.819663 -1.9124105
17.375219 -16.966766 -2.7292707
17.260923 -15.264915 -3.1707547
17.426638 -13.944437 -3.6361425
17.994364 -14.595161 -1.4411756
17.753397 -12.999803 -1.9217076
17.37661 -17.177671 -2.7538667
17.299767 -15.489471 -3.2003775
17.420311 -14.115571 -3.6528256
18.009928 -14.791913 -1.4496641
17.727987 -13.149054 -1.9276543
17.364815 -17.377974 -2.7688446
17.29974 -15.681753 -3.2181127
17.433773 -14.304576 -3.6739845
17.98773 -14.959445 -1.4552385
17.734068 -13.323018 -1.9371682
17.382463 -17.610435 -2.7888365
17.281216 -15.85921 -3.2327082
17.462242 -14.508126 -3.6986744
18.021093 -15.175207 -1.4654433
17.74873 -13.505196 -1.9477853
17.392208 -17.837914 -2.8079073
17.28092 -16.055382 -3.2510207
17.463182 -14.690955 -3.7178969
18.01708 -15.361754 -1.4727541
17.729883 -13.663436 -1.9548806
17.397943 -18.064234 -2.8266754
17.290182 -16.262793 -3.2714744
17.490816 -14.898431 -3.7431722
18.019272 -15.555572 -1.4807078
17.740852 -13.846222 -1.9654207
17.400372 -18.290049 -2.8452501
17.307228 -16.480139 -3.2937713
17.448387 -15.048001 -3.7537813
18.02492 -15.754501 -1.4890873
17.752207 -14.031208 -1.9761796
17.37993 -18.49449 -2.86041
17.312283 -16.688684 -3.3141584
17.516161 -15.294869 -3.788481
17.998241 -15.927039 -1.4949288
17.749063 -14.206532 -1.9854962
17.393606 -18.738119 -2.8815293
17.309139 -16.891777 -3.3333359
17.551706 -15.516743 -3.8166902
18.028522 -16.152163 -1.5025218
17.743063 -14.38123 -1.9946588
17.409601 -18.987692 -2.9020574
17.333252 -17.124208 -3.3581514
17.585644 -15.740035 -3.8449998
18.015417 -16.340796 -1.5097574
17.723164 -14.546194 -2.0024178
17.400429 -19.213036 -2.920125
17.344337 -17.346743 -3.380857
17.620277 -15.966841 -3.87392
18.041489 -16.567352 -1.5235962
17.751848 -14.752959 -2.0158484
17.417053 -19.470175 -2.9442968
17.352192 -17.568888 -3.4033375
17.663363 -16.204365 -3.9051795
18.023481 -16.755821 -1.5307292
17.752058 -14.938237 -2.026243
17.395367 -19.687714 -2.9609966
17.363342 -17.797289 -3.4268789
17.682711 -16.423065 -3.9316623
18.031742 -16.970955 -1.540246
17.744698 -15.11899 -2.0359535
17.427074 -19.969213 -2.9871945
17.379641 -18.034058 -3.4518697
17.70813 -16.650217 -3.9599562
18.042423 -17.19099 -1.5501393
17.747965 -15.31072 -2.0470688
17.429729 -20.22138 -3.0088613
17.389883 -18.2677 -3.4761016
17.729374 -16.876347 -3.9877884
18.052639 -17.413303 -1.5601677
17.758223 -15.510636 -2.0591905
17.426308 -20.470058 -3.0298963
17.424423 -18.530342 -3.5056682
17.778151 -17.131927 -4.0223289
18.073069 -17.648363 -1.5712626
17.730885 -15.679589 -2.067138
17.408888 -20.705662 -3.0489006
17.414629 -18.74913 -3.5267775
17.815149 -17.379663 -4.0547514
18.039677 -17.833302 -1.5762812
17.740576 -15.883201 -2.0809855
17.394356 -20.947989 -3.0600355
17.440174 -19.009222 -3.5498524
17.835279 -17.614174 -4.0838552
18.055483 -18.069319 -1.5873203
17.730133 -16.07093 -2.0912886
17.434795 -21.260773 -3.0900409
17.462889 -19.270012 -3.578476
18.039831 -18.276575 -1.5957731
17.745296 -16.284128 -2.1048229
17.405907 -21.493176 -3.108237
17.456261 -19.50186 -3.6015716
18.051895 -18.514662 -1.6068594
17.734961 -16.476238 -2.1155488
17.426859 -21.791084 -3.1357963
17.492054 -19.784801 -3.6339347
18.066475 -18.758526 -1.6183726
17.758923 -16.702682 -2.1305926
17.430737 -22.072239 -3.1608045
17.505447 -20.046494 -3.6622024
18.0289 -18.950872 -1.6253923
17.75037 -16.901093 -2.141968
17.450958 -22.378807 -3.189312
17.518856 -20.312071 -3.6910124
18.033998 -19.190664 -1.6364373
17.76013 -17.119379 -2.155781
17.439087 -22.648808 -3.2124805
17.519871 -20.56707 -3.7177451
18.069418 -19.466337 -1.6504591
17.749653 -17.320637 -2.1673691
17.437683 -22.936768 -3.2380869
17.551306 -20.861938 -3.7515082
18.051054 -19.687456 -1.6597846
17.747597 -17.532509 -2.1802132
17.456844 -23.25679 -3.2680829
17.585512 -21.164865 -3.7865069
18.05217 -19.932835 -1.6711017
17.76932 -17.77072 -2.1962354
17.441502 -23.535769 -3.2921844
18.073856 -20.204575 -1.6845541
17.767405 -17.988213 -2.2095995
17.444685 -23.84454 -3.3203397
17.671825 -21.807732 -3.8624277
18.089331 -20.473305 -1.6976731
17.764984 -18.20788 -2.223151
17.43738 -24.144045 -3.3470838
17.706974 -22.127308 -3.8997121
18.070799 -20.707012 -1.707826
17.767296 -18.435207 -2.2375538
17.446663 -24.471867 -3.3776252
17.754179 -22.467514 -3.9403961
18.071936 -20.966625 -1.7200595
17.757233 -18.652477 -2.2506576
17.427538 -24.765125 -3.4032776
17.816387 -22.832855 -3.9852226
18.082514 -21.241064 -1.7334388
17.756229 -18.882076 -2.2651727
17.866632 -23.18923 -4.028213
18.088451 -21.514099 -1.7466301
17.740173 -19.098478 -2.2780316
17.480574 -25.499722 -3.4744849
18.096554 -21.793829 -1.7602919
17.762562 -19.359453 -2.2961171
17.49514 -25.859789 -3.508853
18.071152 -22.036966 -1.7709408
17.741886 -19.576708 -2.3089287
17.521 -26.243544 -3.5462694
18.090012 -22.338114 -1.7861878
17.752558 -19.831682 -2.3261101
17.549168 -26.638239 -3.5849857
18.081766 -22.610195 -1.7990383
17.742195 -20.066523 -2.3408418
17.562227 -27.017462 -3.6214509
18.101616 -22.921963 -1.8149729
17.766487 -20.344196 -2.3604722
17.582531 -27.415371 -3.6602571
18.103209 -23.215445 -1.8293811
17.72806 -20.553389 -2.3720779
17.616335 -27.842558 -3.7027898
18.086889 -23.490335 -1.8422626
17.727579 -20.809645 -2.3890538
17.646318 -28.272409 -3.7454858
18.105253 -23.815065 -1.8589822
17.73579 -21.079943 -2.407546
17.663019 -28.689592 -3.7863235
18.13504 -24.160524 -1.8772271
17.74296 -21.353064 -2.4262595
17.740984 -29.216274 -3.8413939
18.108459 -24.435986 -1.889961
17.75782 -21.639709 -2.446403
17.797966 -29.719639 -3.8931446
18.089865 -24.726629 -1.9038193
17.739531 -21.889946 -2.4623406
17.893993 -30.300249 -3.9547443
18.119165 -25.08828 -1.9230682
17.733707 -22.159359 -2.4803593
18.105947 -25.396851 -1.9381683
17.754601 -22.466667 -2.5025158
18.122478 -25.752886 -1.9568162
17.72464 -22.713877 -2.5178902
18.097376 -26.05545 -1.9713316
17.738716 -23.021782 -2.5399089
18.107038 -26.413813 -1.9900014
17.737888 -23.315218 -2.5602264
18.108118 -26.766083 -2.0081322
17.724276 -23.596397 -2.5791113
18.130308 -27.156431 -2.0290339
17.742718 -23.925257 -2.6031077
18.117441 -27.501085 -2.0464404
17.748806 -24.242966 -2.6257761
18.126698 -27.886095 -2.0667748
17.713226 -24.82794 -2.6653893
18.152187 -28.689741 -2.1096673
17.723137 -25.167034 -2.6900671
18.149235 -29.078436 -2.1300204
17.719526 -25.492756 -2.7132103
18.127464 -29.444258 -2.148629
17.713829 -25.821194 -2.7365465
18.145235 -29.882288 -2.1724277
17.709066 -26.156866 -2.7605531
18.134832 -30.282434 -2.1933873
17.726233 -26.531445 -2.788554
18.162663 -30.755482 -2.2195365
17.718384 -26.875244 -2.8132086
18.138788 -31.150013 -2.2399344
17.709011 -27.223053 -2.8381884
18.151049 -31.615591 -2.2653618
17.702967 -27.582558 -2.8642905
18.14399 -32.05724 -2.2889869
17.704155 -27.960358 -2.8921874
18.15955 -32.54903 -2.3161023
17.710104 -28.353186 -2.9215252
18.157042 -33.019096 -2.3415794
17.709984 -28.744028 -2.9505451
18.163298 -33.515907 -2.3743553
17.700787 -29.127798 -2.9664459
18.160229 -34.006718 -2.401186
17.718695 -29.564497 -2.9997919
18.186247 -34.564182 -2.4326231
17.716103 -29.975779 -3.030436
18.160854 -35.035946 -2.4579368
17.70315 -30.377882 -3.0600476
18.187616 -35.620827 -2.4910927
17.694557 -30.795965 -3.0911672
17.677742 -31.208454 -3.1216245
18.184843 -36.721199 -2.5522463
17.680342 -31.664536 -3.1563332
18.174406 -37.273483 -2.5828323
17.689926 -32.143482 -3.1931949
18.182104 -37.877495 -2.6169066
17.701197 -32.63644 -3.2313156
18.17387 -38.463528 -2.6496406
17.686844 -33.092892 -3.2657018
18.197071 -39.132481 -2.6879804
17.708261 -33.627701 -3.3076932
18.197445 -39.769707 -2.7240303
17.698452 -34.115185 -3.3448985
18.167448 -40.356808 -2.7565563
17.686949 -34.610909 -3.3827982
17.668072 -35.646866 -3.4625974
17.681494 -36.230976 -3.5087306
17.672365 -36.783195 -3.5516412
17.675459 -37.375435 -3.5982854
17.69585 -38.020439 -3.6498606
17.732147 -38.71767 -3.7062781
17.787773 -39.47718 -3.7684639
11.846477 49.852127 -0.62522537
12.082949 49.495068 -0.62166536
17.066729 68.098053 28.499399
12.322141 49.163536 -0.61843932
17.352758 67.480713 28.285067
12.573572 48.892578 -0.6159898
17.703043 67.132378 28.184061
12.836676 48.675495 -0.61423558
13.080482 49.530113 -5.7705755
18.088554 66.926025 28.143496
16.929132 62.711586 19.132132
13.126881 48.565399 -0.61385119
10.825753 49.644337 -1.9087031
13.321639 49.217995 -5.7436271
18.552315 67.006813 28.22481
17.200737 62.198395 19.007406
16.461962 59.452629 11.656375
13.368563 48.281464 -0.61128765
11.052306 49.230179 -1.8953515
13.574833 48.960217 -5.7231574
16.410275 59.285358 -19.764082
17.493988 61.780663 18.912199
16.598324 58.545864 11.498344
13.641443 48.117004 -0.61025369
11.292315 48.893646 -1.8850271
13.844924 48.770081 -5.7107549
16.63695 58.700928 -19.602911
17.824352 61.505192 18.860998
16.835281 58.022572 11.415645
13.960482 48.115299 -0.61130697
11.54376 48.619804 -1.8771651
14.107165 48.557728 -5.6959181
16.875502 58.179489 -19.462992
16.748575 68.635948 26.653126
18.211576 61.42897 18.871536
17.091543 57.583157 11.349611
14.25198 48.01704 -0.61115819
11.809876 48.416897 -1.8720937
14.371356 48.357567 -5.6826758
16.574364 55.796604 -12.484146
17.092863 57.605373 -19.305655
16.846466 67.242874 26.151808
18.6663 61.573841 18.950872
17.389912 57.297207 11.314069
16.631268 54.788979 5.0037189
14.52444 47.856533 -0.61023808
12.082678 48.247452 -1.8683734
14.638256 48.171246 -5.6712289
16.703691 54.993515 -12.327161
17.363213 57.226574 -19.214048
17.073381 66.417152 25.87093
19.379694 62.542305 19.285173
17.696039 57.043991 11.285297
16.849825 54.307808 4.9691243
14.82176 47.779247 -0.61040074
12.339059 48.018951 -1.8624215
14.937287 48.092537 -5.672646
16.927402 54.524677 -12.24512
17.666328 56.96516 -19.162312
17.373171 65.903664 25.711956
16.557627 62.841877 17.34889
18.080402 57.043755 11.306986
17.102354 53.949841 4.945879
15.140688 47.769558 -0.61145234
12.634647 47.946812 -1.8625954
10.573408 49.808678 -3.1543152
15.225166 47.978153 -5.6700668
17.200884 54.228249 -12.202021
18.01849 56.865036 -19.165464
17.708851 65.542801 25.613077
16.738182 61.98101 17.139259
18.457659 57.016945 11.323907
17.398872 53.738281 4.9361782
12.89436 47.741589 -1.8576617
10.776009 49.272747 -3.1245039
15.572046 48.046673 -5.6893497
17.494122 54.000748 -12.174755
18.40584 56.873207 -19.205921
18.103741 65.407829 25.60326
16.959192 61.302452 16.980078
18.927177 57.265736 11.39617
17.689434 53.513004 4.9253631
15.775208 47.729801 -0.61337537
13.203982 47.722775 -1.8600471
11.027321 48.979984 -3.1101713
15.854456 47.913631 -5.685008
17.8207 53.878998 -12.171729
18.869028 57.105927 -19.323244
16.579279 59.79953 -21.66069
18.573341 65.537598 25.698185
17.230015 60.82655 16.877226
16.49053 58.176163 9.8723269
18.033875 53.452137 4.929853
16.069105 47.636047 -0.61342609
13.466834 47.535946 -1.855951
11.274916 48.683697 -3.0956919
16.146488 47.810528 -5.684423
18.152859 53.774261 -12.173003
16.836411 59.311001 -21.52075
17.53776 60.49493 16.814754
16.625114 57.308392 9.742197
18.37705 53.385612 4.9340248
16.354652 47.517838 -0.61318463
13.760318 47.459526 -1.8562289
11.534326 48.449379 -3.0852346
16.447605 47.733944 -5.6872096
18.56559 53.903191 -12.227747
16.535402 56.834835 -14.261175
17.059364 58.722408 -21.344761
17.877001 60.27956 16.785067
16.872341 56.854527 9.6824598
18.786482 53.506004 4.9557118
16.650101 47.428535 -0.61333901
14.033104 47.312969 -1.8538299
11.802638 48.260132 -3.0777373
16.763147 47.69746 -5.6950111
19.002733 54.092121 -12.296824
16.676003 56.033989 -14.085634
17.289331 58.179085 -21.185431
16.690662 66.694809 24.024168
18.248444 60.175056 16.786829
17.147264 56.507339 9.6410694
19.310862 53.938377 5.0066385
16.654209 54.786118 3.5417588
16.91128 47.242992 -0.61227006
14.326277 47.236286 -1.8542348
12.072924 48.084797 -3.0712221
17.026592 47.513039 -5.685358
19.749809 55.134521 -12.561108
16.92345 55.614967 -14.006142
17.516996 57.647408 -21.030571
16.867638 65.687874 23.698296
18.718208 60.387417 16.877792
17.454195 56.273811 9.6193171
16.691343 53.721474 3.4794884
17.212971 47.171589 -0.61270189
14.622195 47.16798 -1.8550406
12.348259 47.934212 -3.0663857
17.315735 47.402016 -5.68468
16.61101 53.461792 -7.7300138
17.185656 55.256954 -13.942273
17.836115 57.428513 -20.990246
17.10677 64.961861 23.473799
19.444193 61.394875 17.192392
16.512665 62.682209 15.635337
17.805626 56.186069 9.6228132
16.910969 53.272511 3.4570651
17.498112 47.054394 -0.61256278
14.925468 47.121986 -1.8567983
12.62162 47.779839 -3.0614069
17.586138 47.240814 -5.6781821
16.661213 52.48465 -7.6033678
17.483255 55.021034 -13.909553
18.134155 57.14782 -20.927927
16.538296 62.609283 -24.429239
17.403267 64.478569 23.337313
16.577837 61.397781 15.340036
18.148745 56.071747 9.6221247
17.161102 52.932018 3.4417379
17.796642 46.972919 -0.61291212
15.234141 47.090794 -1.8592176
12.880096 47.574215 -3.0532386
17.885118 47.156925 -5.6811829
16.868013 52.026978 -7.5519171
17.824234 54.924141 -13.912444
16.481293 60.878239 -23.792818
17.755224 64.213829 23.280485
16.769304 60.626251 15.172695
18.536766 56.093437 9.6451845
17.464319 52.761539 3.437556
18.093916 46.887161 -0.61323029
15.569386 47.137478 -1.8647975
13.175619 47.508186 -3.054132
11.134897 49.584351 -4.4441895
18.205462 47.127399 -5.6909766
17.098722 51.656021 -7.5131598
18.146376 54.769878 -13.901313
16.75292 60.409588 -23.649389
18.131197 64.041153 23.25778
17.012817 60.069672 15.059243
18.984901 56.28788 9.6984663
17.750635 52.543583 3.4303873
18.418734 46.870586 -0.61448008
15.862415 47.053196 -1.8652787
13.471924 47.444221 -3.0552764
11.355365 49.153358 -4.4117227
18.545958 47.146152 -5.7068758
17.220726 50.974014 -7.429194
18.575264 54.933029 -13.971388
16.445679 57.97073 -16.12145
17.005096 59.889458 -23.486174
18.599876 64.191231 23.353291
17.284838 59.632122 14.975859
19.614176 56.996342 9.8410864
16.535112 57.094749 8.1939726
18.102823 52.521065 3.4361048
18.742641 46.848328 -0.61568439
16.152771 46.960625 -1.8655028
13.72666 47.236362 -3.0472574
11.594481 48.820557 -4.388155
18.899929 47.193871 -5.7265816
17.496214 50.760166 -7.4135332
19.028515 55.155807 -14.05748
16.577223 57.097721 -15.906657
17.246387 59.350842 -23.316011
17.599146 59.352085 14.93237
16.692493 56.342007 8.1004896
18.476038 52.554916 3.4456713
19.130072 46.978821 -0.61893034
16.413206 46.782513 -1.862393
14.018946 47.160351 -3.0478458
11.863351 48.623634 -4.3769159
19.297701 47.343323 -5.7589765
17.789816 50.602001 -7.4062362
19.761715 56.160954 -14.344294
16.834543 56.682755 -15.819533
17.464838 58.754768 -23.123507
17.943604 59.179035 14.916251
16.934164 55.896156 8.0511761
18.894993 52.710682 3.4634202
19.493948 47.043915 -0.62135214
16.591089 46.376621 -1.8502526
14.324224 47.126667 -3.0512917
12.139678 48.462902 -4.3690701
19.718498 47.539059 -5.7973948
18.050009 50.352512 -7.3857923
17.082077 56.249275 -15.727511
17.694429 58.216831 -22.954096
16.703833 64.86837 21.528055
18.323019 59.121502 14.929808
17.205479 55.560822 8.01793
19.426039 53.16291 3.5009003
16.603714 53.528965 2.0959084
19.917616 47.244534 -0.62560433
16.894569 46.326675 -1.8523611
14.608438 47.022823 -3.0503144
12.397215 48.233437 -4.3551593
20.168653 47.793556 -5.8434124
18.399431 50.352478 -7.4022083
16.614782 53.556393 -9.1514807
17.392939 56.034027 -15.696871
17.959726 57.812359 -22.837639
16.90995 64.039085 21.286871
18.774845 59.290306 15.001245
17.522734 55.380447 8.007266
16.744621 52.835308 2.0727322
20.347076 47.447788 -0.62993717
16.989044 45.712372 -1.8319318
14.904916 46.958214 -3.0519986
12.671578 48.075428 -4.3478303
20.525898 47.818863 -5.8617949
18.829079 50.563686 -7.4501009
16.792377 52.97797 -9.0700788
17.72929 55.903736 -15.690552
18.264666 57.545284 -22.775978
16.509628 62.663372 -26.304682
17.185944 63.503178 21.143387
19.531519 60.389812 15.309468
16.483946 61.016869 13.572707
17.836163 55.191303 7.9955916
16.967688 52.420147 2.0604911
20.671217 47.398609 -0.63095629
15.218238 46.94445 -3.0571153
12.942021 47.906799 -4.3396802
20.86758 47.803478 -5.8754945
19.394682 51.121189 -7.5496364
17.019625 52.572769 -9.0184155
18.070364 55.788921 -15.689152
16.757816 62.05727 -26.092926
17.479902 63.052532 21.028662
16.575493 59.893661 13.34523
18.207466 55.180805 8.0101051
17.210293 52.076851 2.0511093
21.07303 47.52203 -0.63430858
16.98992 44.051567 -1.7735972
15.561232 47.017075 -3.0680053
13.218699 47.764954 -4.3340969
21.50485 48.450348 -5.9711065
17.284498 52.293724 -8.9885721
18.472364 55.858509 -15.740301
16.507998 59.640396 -18.193905
17.013449 61.502029 -25.902874
17.811619 62.750893 20.964117
16.782324 59.224918 13.218921
18.590315 55.2005 8.0293722
17.517361 51.934254 2.0496879
21.502781 47.699196 -0.63842237
15.831945 46.868942 -3.0646205
13.499596 47.640823 -4.3302684
21.692596 48.075615 -5.9412169
17.565573 52.069687 -8.968421
18.897209 55.988392 -15.809278
17.268425 60.965496 -25.721045
18.219086 62.7188 20.990349
17.035494 58.741829 13.13418
19.05514 55.453442 8.0830193
17.82267 51.787945 2.0481913
21.740044 47.446301 -0.63681102
17.003431 42.52478 -1.7203981
16.112247 46.750652 -3.0632925
13.785985 47.53754 -4.3284874
21.822741 47.583069 -5.8967848
17.925196 52.078476 -8.9887094
19.463123 56.518169 -15.992289
16.708696 57.606266 -17.6346
17.458532 60.224892 -25.453304
18.668762 62.825211 21.063902
17.335978 58.435196 13.089158
16.592836 55.929726 6.5873718
18.160723 51.736362 2.0505197
21.903759 47.039268 -0.63313997
17.015306 41.808483 -1.6956112
16.28639 46.331142 -3.0422955
14.064489 47.408504 -4.3245149
21.979403 47.158859 -5.860817
18.221249 51.901539 -8.9772987
16.980558 57.228691 -17.550581
17.627785 58.10878 13.040024
16.780663 55.315784 6.5270667
18.536888 51.788952 2.0570734
22.098879 46.707226 -0.63048393
17.03039 41.121082 -1.6719391
16.580334 46.258148 -3.0441253
14.362885 47.346909 -4.3268542
22.169828 46.815063 -5.8348866
18.644852 52.083424 -9.0283785
17.257025 56.878323 -17.475275
17.849407 58.862278 -24.968113
17.982275 57.993973 13.038776
17.027838 54.91534 6.492022
18.952951 51.944584 2.0678353
22.283262 46.35899 -0.62761712
17.048571 40.446156 -1.6317358
16.599461 45.4319 -2.9963987
14.638906 47.212017 -4.3226542
22.358767 46.474659 -5.8094497
19.108898 52.364891 -9.0973225
16.741964 53.988594 -10.665392
17.552279 56.599106 -17.422251
18.074776 58.314587 -24.782372
18.385609 58.033512 13.072783
17.29789 54.599667 6.4671297
19.511585 52.473484 2.0936165
22.505896 46.095631 -0.62590945
17.06131 39.792423 -1.6095552
16.577566 44.522545 -2.9430768
14.955804 47.208061 -4.3306127
22.551971 46.149281 -5.785965
21.968752 51.165665 -7.6885433
16.975784 53.578285 -10.604714
17.923162 56.565857 -17.445541
18.845118 58.240295 13.145164
17.60504 54.407383 6.4570279
16.117891 49.783894 0.65794325
22.706213 45.791107 -0.6236546
16.547443 43.62125 -2.8901558
15.262525 47.168991 -4.3355379
17.508377 35.277908 -4.4363527
21.943968 50.255104 -7.5718069
17.225336 53.229362 -10.556374
18.282423 56.493511 -17.457499
17.946499 54.322407 6.4598899
16.338688 49.428822 0.65456325
22.897268 45.473202 -0.62122667
17.107794 38.586411 -1.5763675
16.637035 43.058849 -2.8596034
15.573486 47.140514 -4.3416224
21.923771 49.380409 -7.4601469
17.558638 53.143917 -10.560596
18.716576 56.646168 -17.539831
18.305895 54.289608 6.4692254
16.596268 49.193062 0.65277749
23.12031 45.223202 -0.61973774
17.108007 37.956612 -1.5548977
16.547989 42.058914 -2.7998872
15.876369 47.085392 -4.3454356
17.261211 33.733883 -4.2685027
21.998901 48.741016 -7.3838043
17.903788 53.092693 -10.572048
18.706562 54.373619 6.4927921
16.868275 49.004551 0.65163714
23.400728 45.086975 -0.61982697
17.099358 37.324387 -1.5332677
16.543123 41.300945 -2.756134
16.180899 47.033356 -4.3497143
17.190113 33.092625 -4.2006292
22.134569 48.249825 -7.3298306
18.268478 53.095932 -10.594814
19.192545 54.69297 6.5448656
17.117128 48.753395 0.64968187
17.510223 33.237152 -0.45839161
17.094851 36.717869 -1.5126327
16.552927 40.601871 -2.7162097
16.466581 46.925762 -4.3490257
22.251144 47.729008 -7.2713156
18.59947 52.998638 -10.597974
17.407261 48.623177 0.64935762
17.30172 32.358341 -0.44772714
17.082922 36.111496 -1.4919426
16.554447 39.903446 -2.6762311
16.704222 46.684155 -4.3360519
17.128273 32.007175 -4.089222
22.414358 47.318783 -7.2296357
19.021111 53.154011 -10.652182
27.316839 51.062054 -12.420554
27.20355 50.886963 -18.539103
22.421028 53.186905 2.1585352
17.700039 48.501083 0.64916539
17.270884 31.829432 -0.44186687
16.551584 39.214973 -2.6368186
16.88195 46.283577 -4.3083863
17.090223 31.470364 -4.0339608
22.581108 46.924404 -7.1904149
27.280014 50.249477 -12.263386
27.210562 50.157406 -18.333794
18.001335 48.402409 0.64931083
17.243357 31.318731 -0.43623775
16.932819 34.68652 -1.4415469
16.580093 38.619347 -2.6035602
17.158293 46.159397 -4.3065462
17.067801 30.974365 -3.9837317
22.721231 46.483463 -7.1440763
27.401815 49.743477 -12.180701
27.320978 49.631947 -18.20266
22.019096 50.493221 2.0600269
18.293703 48.279732 0.64915878
17.221497 30.829765 -0.43089074
16.878334 34.043434 -1.4190981
17.043179 30.48563 -3.9342492
22.911999 46.15377 -7.1148791
22.24423 51.003418 -9.0810919
27.506273 49.216106 -12.092666
27.453379 49.156078 -18.089573
18.662779 48.35619 0.65171427
16.844931 33.458603 -1.3990018
16.569389 37.324123 -2.5297599
17.252453 44.724388 -4.192102
17.032648 30.032654 -3.8892059
23.113714 45.85154 -7.0900178
22.210506 50.085152 -8.9416924
27.654474 48.776077 -12.026014
27.638641 48.782249 -18.014074
22.098093 49.023518 2.0109785
19.029287 48.419273 0.65412581
17.202045 29.926348 -0.42118308
16.560019 36.694225 -2.4939067
17.075844 43.47031 -4.0842991
17.030785 29.604574 -3.8472304
23.284515 45.493732 -7.0566502
22.230999 49.312626 -8.82796
27.888552 48.492996 -11.998185
27.830431 48.425537 -17.94507
22.217918 48.492912 1.9947674
17.209225 29.518141 -0.41691625
16.804585 32.382862 -1.3625424
16.518143 36.010471 -2.454278
17.007006 42.526424 -4.0053444
17.032948 29.192448 -3.807183
23.452305 45.136528 -7.0234327
22.336586 48.746296 -8.750947
28.120405 48.209248 -11.970446
28.053877 48.128345 -17.898394
22.333651 47.966084 1.9786961
19.970734 49.038349 0.66575021
17.185055 29.065336 -0.41200235
16.958307 41.661373 -3.9335964
16.985857 28.705633 -3.7572162
23.76899 45.067963 -7.0353251
22.46052 48.233063 -8.6833887
28.339401 47.906845 -11.938312
28.276003 47.832397 -17.852522
22.472851 47.501179 1.9651692
20.440548 49.323395 0.67131019
17.172274 28.641117 -0.40747502
16.775612 31.379057 -1.3288687
16.466227 34.765079 -2.3829923
24.112471 45.04718 -7.0550447
22.603571 47.772091 -8.6252069
28.599968 47.677288 -11.924613
27.32703 51.074673 -13.961409
28.557798 47.639366 -17.845543
27.162609 50.759773 -20.095259
22.624392 47.072155 1.9531265
20.835861 49.399376 0.68474001
17.160013 28.2265 -0.40306672
16.759052 30.890699 -1.3125176
16.871639 40.034374 -3.7992418
24.488701 45.082989 -7.0840526
22.756992 47.342751 -8.5727396
28.869402 47.463795 -11.915298
27.261549 50.209213 -13.770297
28.830969 47.432648 -17.834038
27.161701 50.017879 -19.867157
22.817425 46.737095 1.9449968
21.49947 50.111778 0.69643039
17.190573 27.889791 -0.3997573
16.709957 30.354364 -1.2940613
16.827227 39.254196 -3.7349312
16.915054 27.421431 -3.6292744
24.842979 45.073612 -7.1063981
22.951923 47.007393 -8.5373545
29.126106 47.230652 -11.901411
27.375204 49.689026 -13.673443
29.100647 47.221066 -17.821289
27.302317 49.549419 -19.747253
22.97419 46.334869 1.9340882
21.644583 49.607727 0.69125795
17.201084 27.527262 -0.3960664
16.669432 29.845793 -1.2767164
16.396326 33.031742 -2.2844834
16.808508 38.555519 -3.6781981
16.888742 27.006506 -3.5880063
25.172804 45.016403 -7.1215973
23.115889 46.615543 -8.4917889
29.489082 47.168968 -11.931239
27.498653 49.196438 -13.584069
29.40028 47.058319 -17.827616
27.435808 49.076836 -19.625633
23.185202 46.048321 1.9280292
21.717308 48.952713 0.68397474
17.209106 27.16773 -0.39240536
16.674391 29.429052 -1.2632425
16.391201 32.518867 -2.2559259
16.728058 37.737194 -3.609854
16.881516 26.630077 -3.5516896
25.540733 45.023605 -7.1473951
23.363647 46.397694 -8.4780598
29.777464 46.986374 -11.931044
27.678349 48.812248 -13.524627
29.73069 46.943703 -17.852968
27.652519 48.759624 -19.566267
23.391754 45.757385 1.9218214
21.867104 48.48558 0.67930979
16.625385 28.927277 -1.2460591
16.395784 32.037354 -2.2294593
16.665682 36.982296 -3.5473576
16.86447 26.245661 -3.5141549
25.93854 45.078114 -7.181179
23.530638 46.024109 -8.4360209
30.132841 46.90807 -11.957885
27.889427 48.488659 -13.48213
30.067511 46.83725 -17.882311
27.847282 48.408417 -19.493534
23.546175 45.370399 1.9115999
21.959188 47.903275 0.6730265
17.228323 26.473724 -0.38540614
16.621078 28.513378 -1.2326002
16.410379 31.58646 -2.2050476
16.584124 36.206554 -3.4826434
16.864292 25.894636 -3.4809444
26.3151 45.090244 -7.2086978
23.747053 45.752583 -8.4128017
30.504623 46.852116 -11.991111
28.124407 48.210312 -13.452465
30.393757 46.712471 -17.905539
28.046045 48.069111 -19.425833
23.727859 45.042351 1.9038767
22.096474 47.43227 0.6683014
17.256485 26.164415 -0.38243747
16.612009 28.100098 -1.219118
16.408367 31.114431 -2.1790831
16.559151 35.573872 -3.4314954
16.860771 25.545095 -3.4477992
26.702147 45.115257 -7.2387547
24.098608 45.741299 -8.4377565
30.862005 46.77087 -12.018558
28.346777 47.913589 -13.417952
30.80496 46.71489 -17.97858
28.342354 47.899315 -19.42713
27.369389 51.900646 -22.134935
24.106609 45.088226 1.912032
22.291286 47.09338 0.66544122
17.279896 25.853354 -0.37943345
16.60376 27.696783 -1.2060177
16.559786 35.012096 -3.387044
16.852745 25.195297 -3.4144802
27.056614 45.080772 -7.2597227
24.464458 45.752731 -8.4673977
31.318371 46.834801 -12.084139
28.596706 47.66621 -13.397561
27.269718 50.980038 -15.46783
31.236032 46.741997 -18.062437
28.576479 47.625763 -19.386934
27.165318 50.756386 -21.717604
24.459377 45.080578 1.918036
22.508619 46.807636 0.66334265
17.299082 25.54143 -0.37640631
16.637815 27.371344 -1.1907908
16.420424 30.232214 -2.1312504
16.545074 34.432766 -3.3407578
16.842344 24.848459 -3.381418
27.44276 45.094738 -7.2889524
24.855864 45.806561 -8.5054255
31.76519 46.87793 -12.145328
28.849722 47.425865 -13.379511
27.248604 50.197544 -15.280855
31.666651 46.762695 -18.14518
28.835405 47.395676 -19.364931
27.191038 50.063633 -21.492174
24.814167 45.072491 1.9241339
22.662745 46.397072 0.65948254
17.28879 25.191925 -0.37281197
16.64323 27.005522 -1.1792964
16.447895 29.844707 -2.1110075
16.514767 33.836277 -3.2926548
16.849482 24.533503 -3.3525641
27.815155 45.081436 -7.3142514
25.188913 45.748459 -8.5231743
32.276245 47.0084 -12.230211
29.178114 47.309464 -13.396929
27.330166 49.619217 -15.155567
32.153149 46.85923 -18.258846
29.137949 47.237755 -19.373095
27.316902 49.567764 -21.350855
25.171263 45.064407 1.9303459
22.855164 46.072002 0.65684301
17.315231 24.901566 -0.37008032
16.662563 26.669128 -1.174428
16.44582 29.412567 -2.0875392
16.534382 33.355671 -3.2556975
28.195477 45.076557 -7.3413911
25.586077 45.802361 -8.5623055
32.924534 47.327621 -12.365591
29.446169 47.09486 -13.387071
27.473343 49.16291 -15.0674
32.74482 47.099407 -18.430376
29.411266 47.032524 -19.362576
27.400557 49.005798 -21.180815
25.552832 45.095348 1.9383513
23.042362 45.74218 0.65414423
17.318052 24.582434 -0.36690986
16.687847 26.348433 -1.1647929
16.46781 29.032249 -2.0676792
16.541128 32.861015 -3.2172625
16.837814 23.883102 -3.2916756
28.607988 45.11792 -7.3765783
25.949223 45.790237 -8.5896435
29.770952 46.970673 -13.403445
27.69726 48.857189 -15.025507
33.583488 47.678856 -18.737402
29.706146 46.861977 -19.367037
27.656837 48.759354 -21.147247
25.896883 45.055729 1.9434417
23.220448 45.400211 0.65127915
17.332003 24.28437 -0.36404154
16.710136 26.028917 -1.1551789
16.428463 28.553198 -2.0407021
16.540981 32.364704 -3.1785481
16.816633 23.544949 -3.2592299
28.984728 45.097805 -7.4022279
26.362036 45.860374 -8.6329803
30.128206 46.895466 -13.434484
27.85894 48.447063 -14.951668
30.071871 46.801373 -19.417883
27.788258 48.298077 -21.020742
26.274054 45.069588 1.9509567
23.415569 45.097 0.64897841
17.318207 23.95285 -0.36065796
16.747751 25.738737 -1.1468399
16.463394 28.212019 -2.0235
16.806101 23.22753 -3.2295053
29.40089 45.134022 -7.4376431
26.709934 45.812687 -8.6546926
30.492783 46.828587 -13.468672
28.073128 48.133667 -14.907828
30.436584 46.735912 -19.467844
28.050554 48.069195 -20.995642
26.652855 45.081322 1.9585072
23.75733 45.07674 0.65077239
17.336376 23.670715 -0.35800481
16.758423 25.412664 -1.1368713
16.445354 27.788013 -2.0002882
16.544107 31.413456 -3.1048324
16.781075 22.895807 -3.1976395
27.094093 45.823082 -8.6878996
30.882256 46.796242 -13.513616
28.331799 47.899399 -14.888834
30.82324 46.700489 -19.531506
28.265341 47.761612 -20.936655
27.379337 52.000229 -23.855341
27.007305 45.0476 1.9642045
24.122534 45.096622 0.65318406
17.330708 23.360918 -0.35492098
16.776955 25.104237 -1.1276575
16.421709 27.363585 -1.9769522
16.564617 30.9897 -3.0729375
16.786287 22.610626 -3.1721363
17.610165 26.321772 -4.3728547
27.482189 45.835159 -8.7219963
27.362045 51.186069 -10.95136
31.306778 46.812168 -13.573433
28.590725 47.667229 -14.870918
27.23732 50.951183 -16.986023
31.237505 46.702293 -19.612055
28.563482 47.596634 -20.940771
27.121235 50.752159 -23.358686
27.383656 45.04628 1.9714365
24.476051 45.090107 0.64507926
17.362293 23.105848 -0.35265771
16.765314 24.763599 -1.123376
16.45356 27.039236 -1.960776
16.582113 30.569767 -3.0413291
16.77903 22.313473 -3.1448324
27.863791 45.831596 -8.7536888
27.314373 50.337563 -10.807207
31.766804 46.828831 -13.633655
28.877598 47.482563 -14.868307
27.219713 50.175301 -16.782726
31.680424 46.741306 -19.709696
28.814739 47.354317 -20.911556
27.167675 50.09713 -23.133497
27.755419 45.032974 1.9782702
24.825289 45.071667 0.64698255
17.366934 22.819124 -0.34990138
16.790892 24.476513 -1.1150054
16.585955 30.134203 -3.0080638
16.769049 22.017643 -3.1175816
17.471006 25.432833 -4.2604742
28.269697 45.862907 -8.792634
27.384783 49.736862 -10.714114
32.304352 46.997929 -13.740335
29.137844 47.254936 -14.852734
27.307539 49.608524 -16.648882
32.199722 46.885441 -19.853416
29.127806 47.213982 -20.928118
27.259232 49.538181 -22.952196
18.142521 29.035721 1.2803873
25.192184 45.080997 0.64932317
17.389208 22.559805 -0.34755462
16.829504 24.212957 -1.1076826
16.483566 26.354733 -1.9256631
16.600233 29.726881 -2.9775159
16.766136 21.735828 -3.0921869
17.440319 25.057329 -4.2154174
28.612392 45.787502 -8.8116713
27.508286 49.243591 -10.644015
32.919399 47.268768 -13.878311
29.427378 47.075466 -14.852799
27.47234 49.191006 -16.565022
32.762379 47.083023 -20.02183
29.421564 47.041733 -20.931393
27.410618 49.09763 -22.825575
18.001272 28.420113 1.2580879
25.556736 45.081528 0.65157723
17.40675 22.298248 -0.34516406
16.828569 23.897385 -1.0979493
16.492481 26.012587 -1.9080218
16.753244 21.445719 -3.0654819
17.375769 24.640736 -4.1631918
29.028963 45.826031 -8.8531981
27.707163 48.892559 -10.604688
29.769318 46.978672 -14.879613
27.637989 48.782063 -16.484108
29.731911 46.895439 -20.947079
27.577473 48.69212 -22.715294
18.000509 28.036861 1.2459881
17.414711 22.02844 -0.34263524
16.850964 23.61998 -1.0899341
16.459652 25.61194 -1.8860071
16.615852 28.915461 -2.9164472
16.760273 21.185471 -3.0429246
17.372728 24.318224 -4.1266346
29.456829 45.876354 -8.8976707
27.86202 48.470043 -10.549928
30.101347 46.864147 -14.901559
27.817223 48.403503 -16.413557
30.033068 46.733868 -20.956827
27.777248 48.350582 -22.63505
18.003632 27.666834 1.2344298
17.756838 30.445656 0.44315678
17.4167 21.755234 -0.34004158
16.860626 23.329414 -1.0812798
16.474861 25.293024 -1.8699315
16.604609 28.489788 -2.8837357
16.734818 20.888597 -3.0149758
17.341322 23.96204 -4.0841722
29.855566 45.875759 -8.9329166
28.106855 48.208897 -10.530426
30.470903 46.805397 -14.942048
28.064148 48.146912 -16.38463
30.407921 46.684826 -21.018112
28.012976 48.075531 -22.58633
17.998152 27.290642 1.2225494
17.64587 29.833248 0.43581057
17.432878 21.503658 -0.33777496
16.901262 23.08593 -1.0747809
16.507729 25.006624 -1.8562114
16.57617 28.044039 -2.8488586
16.752819 20.650112 -2.9953346
17.271116 23.559305 -4.0335155
30.23703 45.844131 -8.962718
28.368532 47.978706 -10.51797
30.849987 46.757698 -14.986969
28.304689 47.881859 -16.353228
30.801229 46.660107 -21.091675
28.234396 47.779144 -22.528053
18.033735 26.982891 1.2136973
17.557566 29.272556 0.42918557
17.420542 21.220928 -0.33500665
16.918434 22.814362 -1.0669508
16.493113 24.654116 -1.8375225
16.563356 27.633862 -2.8174615
16.714394 20.346298 -2.9660864
17.254738 23.236595 -3.9963167
30.642021 45.843647 -8.9992123
28.613024 47.721401 -10.499854
31.267391 46.763577 -15.050065
28.581738 47.680225 -16.343952
31.21594 46.663055 -21.179192
28.484003 47.533195 -22.494072
18.043541 26.642246 1.2033323
17.537556 28.836582 0.4243632
17.438797 20.979351 -0.33287591
16.932764 22.543255 -1.0591111
16.494282 24.331484 -1.8209852
16.581274 27.282715 -2.7919807
16.732487 20.115402 -2.9473383
17.2318 22.910658 -3.9583707
31.076626 45.881973 -9.0439978
28.87756 47.499313 -10.489779
31.727802 46.827744 -15.133087
28.83572 47.441368 -16.32242
31.688492 46.746239 -21.304794
28.777332 47.361156 -22.495798
18.049398 26.301847 1.1929375
17.515266 28.405867 0.4195984
17.438814 20.719421 -0.33044326
16.943213 22.271265 -1.0511973
16.49894 24.019699 -1.8051937
16.573956 26.897415 -2.7629063
16.743675 19.879475 -2.9277682
17.202471 22.581882 -3.9197299
31.487722 45.880077 -9.0815372
29.193199 47.361351 -10.498672
32.239246 46.959492 -15.239305
29.148668 47.299885 -16.33497
32.171127 46.836861 -21.435659
29.074949 47.195969 -22.501648
18.051596 25.962145 1.1825316
17.533707 28.049059 0.4159092
17.437397 20.461571 -0.32803115
16.942499 21.989014 -1.0427623
16.508265 23.720093 -1.7902559
16.578285 26.538446 -2.7364306
16.712605 19.597267 -2.9012539
17.191202 22.282125 -3.8859353
31.858862 45.81575 -9.1073275
29.490446 47.192852 -10.501236
32.808544 47.165871 -15.371318
29.3883 47.040035 -16.307201
29.367214 47.021835 -22.504118
18.03264 25.598331 1.1709784
17.532251 27.66757 0.41183999
17.455778 20.230371 -0.32603565
16.970865 21.748499 -1.0362753
16.508474 23.41268 -1.774666
16.568214 26.163668 -2.7082181
16.718155 19.361883 -2.8815396
17.142447 21.93926 -3.8444126
32.315742 45.869736 -9.1573029
29.771433 46.998337 -10.498404
33.734821 47.86824 -15.667386
29.756062 46.984646 -16.350986
33.565842 47.604877 -21.974031
29.705179 46.919727 -22.542059
18.059565 25.305319 1.1626219
17.539421 27.306849 0.40806475
17.471512 19.999178 -0.32403135
16.99127 21.501316 -1.0294459
16.500135 23.098597 -1.7585
16.563084 25.803905 -2.6814485
16.733564 19.141026 -2.8638976
17.110098 21.623068 -3.8073316
30.117304 46.905197 -10.51868
30.070269 46.84243 -16.365398
30.025906 46.788605 -22.567154
18.050295 24.966913 1.1521412
17.57196 26.991831 0.4049609
17.469038 19.750435 -0.32173181
17.00577 21.250315 -1.0224051
16.516361 22.823917 -1.745271
16.574203 25.475996 -2.6578915
16.699654 18.867346 -2.838227
17.075535 21.30937 -3.7704742
30.484552 46.842457 -10.54636
30.440294 46.78487 -16.410234
30.373693 46.697681 -22.612764
18.056622 24.655609 1.1428668
17.562654 26.618877 0.40097472
17.505209 19.548302 -0.32018283
17.013298 20.994356 -1.0150938
16.521564 22.538614 -1.7311743
16.571995 25.133862 -2.632756
16.686371 18.620861 -2.8164976
17.057287 21.020969 -3.7378929
30.909769 46.864319 -10.593784
30.799694 46.707767 -16.449169
30.77688 46.688271 -22.699224
18.064562 24.351576 1.1338906
17.594975 26.315172 0.39801863
17.490414 19.292269 -0.31774104
17.047438 20.774578 -1.0095061
16.510201 22.23568 -1.715655
16.564474 24.790119 -2.6073465
16.683813 18.389713 -2.796967
17.032248 20.728851 -3.7044635
31.285662 46.806812 -10.62398
31.202713 46.692997 -16.511086
31.145281 46.622044 -22.759514
18.068596 24.047241 1.1248609
17.582115 25.949909 0.39411834
17.502516 19.069159 -0.31506133
17.037106 20.504126 -0.99751478
16.512712 21.956299 -1.7156237
16.591993 24.504469 -2.5804765
16.674587 18.154442 -2.7712057
17.017069 20.453222 -3.6642413
31.722897 46.8479 -10.670466
31.683552 46.788513 -16.613293
31.631758 46.726978 -22.907175
18.087671 23.767548 1.1169484
17.603176 25.64077 0.39105636
17.482397 18.814188 -0.31261519
17.04355 20.257706 -0.99059582
16.514591 21.680573 -1.701965
16.582747 24.170031 -2.5559247
16.679363 17.937466 -2.7536557
17.005402 20.185982 -3.6349897
32.298313 47.072929 -10.766658
32.213852 46.948555 -16.73999
32.082172 46.771542 -23.025091
18.093365 23.474737 1.1083843
17.59482 25.294563 0.3874155
17.534435 18.639517 -0.31149474
17.080597 20.050701 -0.98557967
16.537291 21.436224 -1.690717
16.559536 23.821541 -2.5297701
16.685226 17.724432 -2.7366171
16.999445 19.929445 -3.6075094
32.829914 47.22266 -16.909233
18.093626 23.179522 1.0996667
17.595343 24.96711 0.38404652
17.518532 18.395132 -0.30920124
17.099295 19.82493 -0.97962093
16.537043 21.16608 -1.6773819
16.567945 23.524332 -2.5089562
16.693552 17.516665 -2.7203023
16.983362 19.664919 -3.5784225
18.111176 22.910776 1.0921687
17.613972 24.670662 0.38114187
17.51058 18.162315 -0.30708814
17.120831 19.60537 -0.97394443
16.550026 20.916876 -1.6656494
16.583923 23.242764 -2.489732
16.702204 17.311798 -2.7043517
16.992153 19.432766 -3.5550838
18.095333 22.604248 1.0828289
17.628212 24.372972 0.37820679
17.508007 17.938055 -0.305107
17.132393 19.377335 -0.96782029
16.567698 20.677197 -1.6546273
16.581108 22.939796 -2.4681308
16.709801 17.108332 -2.6885335
16.989603 19.190935 -3.5298474
18.115711 22.347252 1.0758226
17.637222 24.072983 0.37522396
17.554232 17.766012 -0.30400708
17.128624 19.135174 -0.96095657
16.587795 20.443939 -1.6440756
16.591038 22.659374 -2.4488666
16.71084 16.900681 -2.6719651
16.968233 18.931463 -3.5012066
18.111225 22.063587 1.0674963
17.628695 23.75423 0.37193462
17.553844 17.548927 -0.30212981
17.149443 18.923481 -0.95559216
16.599751 20.204025 -1.6329426
16.580708 22.356173 -2.4270482
16.709064 16.692768 -2.6552539
16.967606 18.698637 -3.4773371
53.791569 53.115551 6.606329
18.131311 21.813744 1.060771
17.656807 23.489553 0.36947984
17.539783 17.320993 -0.30005291
17.158834 18.701931 -0.94970322
16.612925 19.968988 -1.6221544
16.570299 22.057972 -2.4056678
16.702978 16.483158 -2.6381648
16.938951 18.438444 -3.4482136
18.109468 21.517494 1.0517488
17.643679 23.174652 0.36622262
17.548563 17.118261 -0.29840061
17.161318 18.475777 -0.94354844
16.618385 19.728075 -1.6108373
16.583912 21.796299 -2.3881824
16.7104 16.289309 -2.6235003
16.951124 18.225948 -3.4278612
55.368866 53.347031 6.71913
18.128677 21.273983 1.0452635
17.66264 22.906565 0.36369193
17.55847 16.918919 -0.29679817
17.171635 18.260885 -0.93793732
16.654446 19.526459 -1.6026888
16.587494 21.525633 -2.3696332
16.714603 16.094578 -2.6086068
16.922485 17.972744 -3.3997052
18.128464 21.005634 1.0233357
17.669523 22.630663 0.35091829
17.580788 16.723919 -0.29895937
17.211599 18.068022 -0.93096995
16.672916 19.316956 -1.5803026
16.604074 21.26742 -2.3571272
16.70042 15.882903 -2.5960493
16.924578 17.761734 -3.3790512
18.133705 20.752892 1.0164242
17.654142 22.327173 0.34788549
17.573179 16.512468 -0.29710144
17.214266 17.850216 -0.92517239
16.696463 19.105959 -1.5713929
16.593401 20.986986 -2.3372869
16.714291 15.701902 -2.5831792
16.929495 17.550001 -3.35847
18.154306 20.520971 1.0105022
17.665787 22.062296 0.34544083
17.570383 16.308006 -0.29535687
17.23065 17.649181 -0.92021537
16.737009 18.916834 -1.5642551
16.609901 20.744944 -2.3216379
16.724953 15.519835 -2.5700614
16.913561 17.319534 -3.3341637
17.850601 20.19496 -4.4011331
18.153694 20.268307 1.0035266
17.680838 21.805504 0.34311229
17.596479 16.132378 -0.294126
17.229818 17.433041 -0.91444093
16.703707 18.647379 -1.5504197
16.603422 20.478037 -2.3031256
16.745497 15.348754 -2.5586977
16.92576 17.120598 -3.3157973
17.585907 19.651178 -4.3060613
18.160917 20.027731 0.99711382
17.683796 21.537657 0.3405987
17.57188 15.912491 -0.2920773
17.253481 17.244057 -0.91006398
16.763102 18.484209 -1.5453762
16.608778 20.229637 -2.2866073
16.701973 15.121331 -2.5378222
16.879013 16.865068 -3.286305
17.571018 19.393751 -4.2731972
53.738277 48.079124 6.3006468
18.167839 19.789974 0.99080813
17.700048 21.289743 0.33838931
17.592632 15.735897 -0.29081184
17.256897 17.0371 -0.90471298
16.740126 18.232794 -1.5329152
16.616886 19.988165 -2.2707953
16.718117 14.950311 -2.5262887
16.901379 16.681433 -3.270669
18.167009 19.546947 0.99417353
17.707216 21.03447 0.33942792
17.595055 15.544785 -0.28926975
17.275843 16.847736 -0.90026957
16.762459 18.033741 -1.5247989
16.61006 19.732393 -2.253274
16.707376 14.757215 -2.5109353
16.905031 16.481495 -3.2517445
18.186798 19.329033 0.9887473
17.715435 20.784037 0.33713451
17.604153 15.361528 -0.28786427
17.27504 16.641373 -0.89488965
16.790169 17.842745 -1.5173318
16.619928 19.499992 -2.2383389
16.733824 14.598775 -2.5014005
16.871109 16.247704 -3.2259817
17.484032 18.597958 -4.1680694
18.167305 19.072462 0.97146553
17.707071 20.51787 0.33124599
17.613819 15.180602 -0.28649372
17.28879 16.451294 -0.890356
16.807253 17.642725 -1.5090642
16.608887 19.246565 -2.2209051
16.725864 14.412051 -2.4869447
16.884619 16.062195 -3.2096591
17.444452 18.329184 -4.1317444
18.173061 18.8456 0.96557176
17.72842 20.289566 0.32931024
17.630304 15.00727 -0.28525874
17.309032 16.269356 -0.88624084
16.819788 17.440344 -1.5005529
16.637144 19.041824 -2.2090182
16.734674 14.241661 -2.4752147
16.880928 15.862511 -3.1903949
17.412798 18.072565 -4.0979052
18.18668 18.629585 0.96020359
17.721903 20.032686 0.32689971
17.61688 14.810389 -0.28356582
17.310141 16.071487 -0.88123167
16.835947 17.244081 -1.492527
16.638626 18.809328 -2.1938493
16.741154 14.070975 -2.4633565
16.873566 15.661754 -3.1707816
17.397898 17.836752 -4.0685644
18.188475 18.40414 0.95431817
17.737185 19.803766 0.32493401
17.601381 14.61397 -0.28186765
17.360069 15.920626 -0.87878382
16.845749 17.04364 -1.4840966
16.634811 18.574106 -2.178278
16.737919 13.893896 -2.4502897
16.852942 15.451202 -3.1490309
17.37936 17.600388 -4.038898
18.191492 18.182678 0.9486047
17.772118 19.599445 0.3233647
17.660471 14.480892 -0.28138569
17.353758 15.719895 -0.87356508
16.855124 16.845127 -1.475789
16.610989 18.320066 -2.160398
16.744265 13.726504 -2.4388428
16.866459 15.274175 -3.133985
17.33983 17.346169 -4.0049009
53.673454 48.016655 4.4503036
18.204313 17.973557 0.94350463
17.761326 19.347637 0.32100224
17.64143 14.285158 -0.27968046
17.339117 15.514007 -0.86801976
16.882524 16.666714 -1.4692062
16.635187 18.122044 -2.1490426
16.737665 13.550234 -2.4257257
16.841148 15.064208 -3.1120481
17.316282 17.111326 -3.9751372
18.218712 17.768343 0.93858254
17.771797 19.122181 0.31906492
17.671879 14.131167 -0.27878329
17.341261 15.325384 -0.86340326
16.890411 16.471087 -1.4610697
16.654993 17.921629 -2.1373549
16.754864 13.39481 -2.4162612
16.835098 14.873861 -3.0940073
17.29887 16.885588 -3.9472806
18.219921 17.552683 0.93307865
17.774319 18.891111 0.31702319
17.644272 13.932466 -0.2769939
17.363863 15.156622 -0.859882
16.946514 16.324135 -1.4572308
16.646582 17.693611 -2.122303
16.743217 13.217921 -2.4028399
16.853943 14.707363 -3.0808272
17.249556 16.631994 -3.9126678
18.218964 17.337481 0.92756408
17.805239 18.692814 0.31552294
17.653568 13.764791 -0.27580875
17.383978 14.98724 -0.85630786
16.921604 16.101139 -1.446566
16.650898 17.48201 -2.1091375
16.761728 13.066393 -2.3939455
16.857182 14.528957 -3.0650651
17.246103 16.425663 -3.8889501
18.20273 17.11043 0.92137498
17.786207 18.444876 0.31317413
17.648207 13.587315 -0.27441725
17.387033 14.804868 -0.85196763
16.924202 15.906892 -1.4384171
16.657656 17.275599 -2.0965264
16.767698 12.906425 -2.3834426
16.82629 14.323337 -3.0434108
17.215998 16.196699 -3.8596783
18.229942 16.926521 0.91747797
17.80195 18.235929 0.31147528
17.674843 13.435896 -0.27354434
17.388916 14.623371 -0.84764713
16.951704 15.737963 -1.4325202
16.659752 17.066942 -2.0835707
16.769413 12.744654 -2.3725255
16.814999 14.13671 -3.0256221
17.207748 15.99104 -3.8357589
17.822834 18.034605 0.30989867
17.682173 13.271069 -0.27239239
17.400198 14.451519 -0.84385866
16.944361 15.538655 -1.4238155
16.654737 16.85367 -2.0699711
16.747957 12.566978 -2.3585362
16.820446 13.966031 -3.0111256
17.194265 15.783007 -3.8110936
49.733059 45.053471 2.4749556
17.817699 17.809504 0.3079035
17.658998 13.08506 -0.27079344
17.401331 14.272946 -0.83965039
16.961771 15.364091 -1.41733
16.654062 16.647429 -2.0571527
16.753529 12.411217 -2.348552
16.85169 13.818172 -3.0014842
17.150759 15.550253 -3.780231
50.309166 45.016445 2.4898326
17.832773 17.607159 0.30629119
17.686634 12.938187 -0.26999474
17.420801 14.111007 -0.8363964
16.979803 15.191801 -1.411021
16.668152 16.45829 -2.0463805
16.76475 12.260927 -2.3395345
16.817577 13.618487 -2.9804688
17.125977 15.337368 -3.7539544
50.98423 45.060249 2.5095112
17.809361 17.369534 0.30405277
17.66478 12.756547 -0.26846117
17.43804 13.948641 -0.83309901
16.982887 15.00796 -1.4035983
16.648176 16.238031 -2.0316572
16.762365 12.102021 -2.3287954
16.822983 13.452795 -2.9667416
17.125467 15.148586 -3.733398
51.623848 45.064396 2.5273359
17.841879 17.188906 0.30280158
17.672989 12.598212 -0.26740608
17.44129 13.776602 -0.82920009
17.011835 14.84864 -1.3984343
16.65099 16.042591 -2.0199497
16.774302 11.954751 -2.3202188
16.799871 13.266136 -2.9482555
17.105568 14.944908 -3.7089989
52.247452 45.046883 2.5442855
17.832411 16.970047 0.30086803
17.673225 12.435544 -0.2662501
17.420462 13.587403 -0.82423061
17.00992 14.664061 -1.3908542
16.689913 15.883781 -2.0128102
16.774641 11.80046 -2.3102069
16.814253 13.110795 -2.9366057
17.076277 14.735541 -3.6829731
52.95369 45.092316 2.565155
17.863207 16.791693 0.29964358
17.693607 12.28826 -0.26541623
17.447905 13.437438 -0.82161254
17.026661 14.49733 -1.3849233
16.68568 15.685772 -2.0006545
16.756605 11.634733 -2.2978477
16.812193 12.944097 -2.9223194
17.095545 14.570122 -3.6677778
53.603588 45.081264 2.5831888
17.845606 16.570072 0.29763722
17.690084 12.125597 -0.26424232
17.469402 13.284027 -0.81877112
17.033983 14.324207 -1.3783438
16.679726 15.488484 -1.9885079
16.781633 11.500142 -2.2915599
16.793266 12.766171 -2.9053593
17.06706 14.365993 -3.6426859
54.286316 45.089661 2.6027076
17.855957 16.376814 0.2961283
17.721643 11.988069 -0.26361001
17.467453 13.114176 -0.81489295
17.032024 14.145064 -1.3711364
16.688343 15.30687 -1.9783008
16.796124 11.359247 -2.283978
16.785379 12.598412 -2.8905656
17.067522 14.188375 -3.6241348
54.931374 45.058746 2.6203296
17.880606 16.198545 0.29488319
17.719267 11.828636 -0.26249006
17.493832 12.966904 -0.81239653
17.05859 13.991157 -1.366338
16.684391 15.115799 -1.9668005
16.7752 11.195704 -2.2717483
16.808023 12.454916 -2.8812506
17.056589 14.003197 -3.6034999
55.682335 45.106041 2.6428998
17.882969 16.002005 0.29329732
17.696432 11.657059 -0.2610873
17.466536 12.781363 -0.80747157
17.062088 13.819783 -1.3598006
16.683908 14.929991 -1.9559072
16.768385 11.043042 -2.2616067
16.79357 12.2853 -2.8657968
17.071253 13.840762 -3.588588
17.880251 15.80309 0.29165685
17.712179 11.512219 -0.26027253
17.484335 12.630393 -0.80469644
17.091702 13.67095 -1.3554498
16.686056 14.748544 -1.9455132
16.7827 10.905422 -2.2544696
16.798765 12.131567 -2.8539264
17.047659 13.649129 -3.5659561
17.896923 15.623283 0.29035965
17.712912 11.358707 -0.25925425
17.48439 12.467883 -0.80116296
17.097841 13.504668 -1.3493397
16.683804 14.565186 -1.9347937
16.781923 10.759046 -2.2454548
16.807856 11.981905 -2.842927
17.061316 13.489104 -3.5514324
17.904261 15.437138 0.28893647
17.74346 11.225253 -0.25868836
17.495861 12.314827 -0.79821116
17.095293 13.333139 -1.3426567
16.696854 14.397007 -1.9260263
16.778311 10.612032 -2.236217
16.788538 11.813446 -2.8273456
17.057243 13.316619 -3.5335095
17.918646 15.258866 0.28765228
17.76362 11.085977 -0.25798571
17.499588 12.157563 -0.7949627
17.093338 13.163733 -1.3361342
16.721127 14.239995 -1.9187111
16.782576 10.471112 -2.2281799
16.802383 11.669703 -2.8175654
17.046106 13.140382 -3.5144336
17.904255 15.05807 0.2859326
17.748253 10.925644 -0.25678405
17.495657 11.99634 -0.79142547
17.110094 13.01017 -1.3311788
16.696573 14.043249 -1.90597
16.777716 10.325603 -2.2190812
16.823315 11.531867 -2.8091569
17.043066 12.972104 -3.4973302
17.932907 14.895261 0.28492516
17.742794 10.772722 -0.25574389
17.488905 11.834608 -0.78782028
17.123085 12.855004 -1.3260278
16.680899 13.856201 -1.8944393
16.782637 10.187183 -2.2114227
16.805166 11.368494 -2.7944257
17.039671 12.805161 -3.4804447
17.936583 14.713267 0.2835438
17.762184 10.63588 -0.25507787
17.504145 11.688978 -0.78526098
17.153662 12.714136 -1.3223293
16.700729 13.700369 -1.887109
16.822371 10.07057 -2.2084746
16.792871 11.210602 -2.7808907
17.023674 12.630439 -3.461282
17.908611 14.691392 -4.37181
17.955189 14.545147 0.28242177
17.742537 10.476755 -0.25386778
17.491022 11.525663 -0.78148496
17.170929 12.564431 -1.3176925
16.68795 13.519436 -1.876256
16.795317 9.9149008 -2.1968949
16.822367 11.081676 -2.7744625
17.011751 12.460484 -3.4432476
17.694481 14.334998 -4.2979832
17.959558 14.367073 0.2810986
17.742941 10.330693 -0.25296181
17.529068 11.397093 -0.78004551
17.194323 12.42028 -1.3136146
16.731161 13.385242 -1.8718449
16.792578 9.7748356 -2.1886499
16.822058 10.934057 -2.7632945
17.021841 12.308109 -3.4299388
17.630106 14.104553 -4.2612448
17.934559 14.167484 0.2793414
17.760584 10.195561 -0.25231668
17.530731 11.245743 -0.77703434
17.159428 12.235552 -1.3051884
16.76545 13.244784 -1.8665535
16.795904 9.6392832 -2.1813333
16.816378 10.78417 -2.75144
16.99431 12.130107 -3.4093294
17.591967 13.897872 -4.2313347
17.956291 14.006582 0.27833605
17.76996 10.056485 -0.2515685
17.513952 11.083884 -0.77326155
17.194115 12.101833 -1.3021542
16.740221 13.058833 -1.8547888
16.799343 9.5047054 -2.1741648
16.818317 10.640347 -2.7410231
17.019457 11.991106 -3.3995492
17.569742 13.706067 -4.2056818
17.954756 13.829023 0.2769917
17.787682 9.9229107 -0.25095266
17.552986 10.958327 -0.77200162
17.185673 11.938879 -1.2959424
16.774757 12.920996 -1.8497959
16.806774 9.3732433 -2.1676424
16.820805 10.497953 -2.7308788
17.018555 11.834882 -3.3848004
17.551661 13.51955 -4.1814175
17.985008 13.677327 0.27615848
17.778736 9.7753687 -0.24997552
17.548624 10.806532 -0.768879
17.186203 11.783564 -1.2905058
16.765186 12.750489 -1.8400786
16.788149 9.2282629 -2.1578963
16.814219 10.351033 -2.7194469
17.016802 11.679411 -3.3701348
17.52306 13.32701 -4.1550441
17.969927 13.492635 0.27465051
17.793814 9.6419468 -0.24935098
17.538172 10.65223 -0.76554292
17.220814 11.652604 -1.2877116
16.761003 12.585732 -1.8311092
16.799185 9.1005554 -2.1520967
16.810719 10.20717 -2.7087002
16.997551 11.513412 -3.3522675
17.512772 13.150359 -4.1333938
17.976757 13.326063 0.27350003
17.760275 9.4832659 -0.24806091
17.5431 10.508414 -0.76292908
17.231344 11.506223 -1.2831954
16.810577 12.462385 -1.8281363
16.816591 8.9769583 -2.1472299
16.83811 10.082917 -2.703094
16.988598 11.355909 -3.3366969
17.480585 12.959219 -4.1069517
17.980661 13.158774 0.27232587
17.798544 9.3638077 -0.24778824
17.555712 10.370131 -0.76069599
17.233879 11.355641 -1.2781712
16.833103 12.319755 -1.8223308
16.828386 8.8510046 -2.1417608
16.820763 9.9328213 -2.690474
17.013111 11.221875 -3.3279247
17.446066 12.768495 -4.0803571
17.959154 12.974574 0.27078927
17.814444 9.233057 -0.24721619
17.560337 10.228044 -0.75816268
17.240902 11.20916 -1.2735672
16.833088 12.161839 -1.8142161
16.816359 8.7133732 -2.1333852
16.803806 9.7842484 -2.6781087
16.997875 11.062752 -3.311604
17.41363 12.581406 -4.0546393
17.901165 9.27913 -4.3252697
17.992819 12.831609 0.27010462
17.796463 9.0856447 -0.2461884
17.560556 10.084378 -0.75548643
17.240311 11.05887 -1.2684869
16.814322 11.991945 -1.8042291
16.823427 8.5865078 -2.1275582
16.831774 9.6627293 -2.6730664
16.966761 10.894885 -3.2924557
17.431395 12.432166 -4.0409374
17.765676 9.0710363 -4.2790041
17.994551 12.667001 0.26895878
17.811604 8.9560261 -0.24563301
17.559566 9.9410343 -0.75280541
17.259243 10.922123 -1.2649252
16.845156 11.858678 -1.7996961
16.840618 8.465436 -2.1231229
16.838774 9.5298557 -2.6648414
16.974184 10.753129 -3.2810307
17.410458 12.256765 -4.0185738
17.657692 8.8797331 -4.2397914
17.991119 12.500197 0.26775599
17.82383 8.8255768 -0.24505018
17.56674 9.8032522 -0.75051999
17.265306 10.77817 -1.260499
16.835947 11.698358 -1.7910095
16.841324 8.3367376 -2.1167231
16.833559 9.3910036 -2.6548469
16.954094 10.595187 -3.2645197
17.381666 12.07767 -3.9947474
18.002356 12.344912 0.26679087
17.852112 8.7035971 -0.24470019
17.600079 9.6807137 -0.74939239
17.267639 10.632942 -1.2558824
16.858269 11.561134 -1.7858042
16.8248 8.2004137 -2.1082823
16.824188 9.2508755 -2.644367
16.978077 10.465864 -3.2567108
17.373106 11.914323 -3.9759035
18.011137 12.189131 0.2658076
17.841606 8.5633812 -0.24383134
17.575605 9.5272532 -0.74584717
17.302414 10.508482 -1.2536981
16.875486 11.421332 -1.7801706
16.832186 8.0765762 -2.1029584
16.839825 9.1253557 -2.6379743
16.967409 10.316157 -3.2424614
17.376043 11.760231 -3.9599874
17.632294 8.4639931 -4.1955681
18.035366 12.044845 0.26506945
17.824562 8.4210291 -0.24288768
17.575436 9.388092 -0.74338138
17.295351 10.359461 -1.248557
16.869024 11.266662 -1.7721629
16.812908 7.9407835 -2.0944228
16.821209 8.9821873 -2.6263747
16.954779 10.166514 -3.228066
17.334618 11.577747 -3.9342821
17.606956 8.3192902 -4.1773138
18.029428 11.88156 0.2639057
17.849033 8.2990112 -0.24252269
17.584002 9.2544394 -0.74132788
17.287859 10.211367 -1.2434695
16.889744 11.131248 -1.7671309
16.838276 7.8267622 -2.0915608
16.829458 8.8543148 -2.6191306
16.968153 10.033501 -3.2188299
17.323027 11.416923 -3.9156778
17.605585 8.1868782 -4.1649919
18.032324 11.72541 0.26289001
17.857828 8.1702147 -0.24195644
17.584982 9.1176109 -0.73899674
17.287161 10.068389 -1.2389524
16.912184 10.997789 -1.7623852
16.83942 7.7020006 -2.0857935
16.856407 8.7368574 -2.6149325
16.956406 9.8866396 -3.2050333
17.320127 11.263186 -3.8993273
17.591509 8.0494232 -4.149899
18.03406 11.569719 0.26187542
17.885075 8.0503378 -0.24165176
17.600464 8.9890432 -0.73731554
17.312561 9.9414244 -1.2363776
16.913656 10.851665 -1.7555668
16.848566 7.5815234 -2.081125
16.853434 8.604538 -2.6062315
16.949341 9.743659 -3.192337
17.278891 11.086112 -3.8746564
17.566504 7.90799 -4.1324754
18.0436 11.420167 0.26099148
17.8575 7.9065146 -0.24061918
17.610939 8.8585711 -0.73546344
17.326363 9.8084755 -1.2330419
16.908072 10.702202 -1.7481382
16.857101 7.4613271 -2.0764849
16.822121 8.4588318 -2.5933142
16.974874 9.620245 -3.1859684
17.287785 10.942661 -3.8615217
17.569757 7.7801561 -4.121933
18.05372 11.27202 0.26013255
17.871309 7.7818303 -0.24015735
17.629715 8.7328863 -0.73399597
17.324911 9.6677666 -1.228694
16.91539 10.562019 -1.7421615
16.837471 7.3294168 -2.0684881
16.852909 8.3451557 -2.5901177
16.940037 9.4636478 -3.1684713
17.252256 10.772473 -3.8387487
17.571136 7.6521583 -4.1111636
18.065828 11.126102 0.25931844
17.882856 7.656671 -0.23967667
17.621859 8.5947418 -0.73145932
17.354696 9.5452147 -1.2266294
16.960936 10.446361 -1.7402177
16.850681 7.2125063 -2.0646353
16.856697 8.218627 -2.5829008
16.928543 9.3214006 -3.1555641
17.266479 10.634662 -3.8273222
17.540459 7.5110989 -4.0931253
18.059027 10.96965 0.25824976
17.88147 7.5265832 -0.23903461
17.630596 8.4654884 -0.72965223
17.327999 9.3925085 -1.220646
16.929932 10.284517 -1.7305295
16.840694 7.086287 -2.0580454
16.856337 8.0908155 -2.5751901
16.960854 9.2040224 -3.1510003
17.212931 10.456545 -3.8011582
17.507725 7.3702888 -4.0748572
18.043825 10.809409 0.25707904
17.874653 7.3949351 -0.23833244
17.601379 8.3189478 -0.72631687
17.369555 9.2775965 -1.2195401
16.957882 10.159573 -1.7269816
16.854301 6.9705973 -2.0544426
16.843803 7.9580088 -2.565767
16.925772 9.0509901 -3.1341059
17.217829 10.315419 -3.7881908
17.516056 7.2475958 -4.0663686
18.066406 10.672851 0.2564629
17.869698 7.2647948 -0.2376675
17.651501 8.210516 -0.72629255
17.369961 9.1412716 -1.2156076
16.964922 10.022848 -1.7214031
16.861713 6.852808 -2.0501819
16.861048 7.8399677 -2.561018
16.952793 8.9321098 -3.1289022
17.216358 10.171507 -3.774065
17.474987 7.1053371 -4.0466375
18.093876 10.539848 0.25592998
17.885498 7.143652 -0.23729019
17.627834 8.0683155 -0.72326809
17.357708 8.9992561 -1.2108629
16.976816 9.8898535 -1.7164201
16.861015 6.7322774 -2.0450361
16.870605 7.7188716 -2.5552275
16.928093 8.7868176 -3.1143336
17.198675 10.019207 -3.7566409
17.521416 6.9992409 -4.0473676
18.061886 10.373309 0.25457239
17.901278 7.0229015 -0.23692338
17.658039 7.9514589 -0.72249198
17.387762 8.8798981 -1.2091358
16.97884 9.7519922 -1.7105428
16.883972 6.6216197 -2.0428536
16.868898 7.5932655 -2.5478642
16.921589 8.6520529 -3.1033115
17.187571 9.8719873 -3.7409139
17.503952 6.8680258 -4.0335226
18.080683 10.237086 0.2539472
17.904795 6.8978133 -0.23640531
17.65169 7.8186855 -0.72025561
17.391935 8.7478991 -1.2056706
16.993324 9.6221294 -1.7060215
16.89744 6.5075598 -2.0396137
16.89151 7.4791398 -2.5443001
16.937508 8.5295038 -3.0965743
17.165428 9.7196875 -3.7230437
18.061291 10.080261 0.25280133
17.89238 6.7672453 -0.23568869
17.634249 7.6818786 -0.71760714
17.399248 8.6182175 -1.202489
17.014067 9.4964809 -1.7022221
16.897465 6.3887887 -2.0348465
16.869883 7.3460922 -2.5342052
16.910082 8.3860188 -3.0820947
17.168674 9.5828829 -3.7109246
17.475084 6.6104054 -4.0078745
18.095448 9.9542027 0.25241977
17.930241 6.6560974 -0.23564498
17.662577 7.565618 -0.71685731
17.408457 8.4901552 -1.1995023
17.02483 9.3659468 -1.6975172
16.912369 6.2760897 -2.0319657
16.860996 7.2194724 -2.5261679
16.895761 8.2501402 -3.0702002
17.178122 9.4503851 -3.7003629
17.453362 6.4800529 -3.9936976
18.083223 9.8034296 0.25140539
17.918627 6.5269704 -0.23496158
17.659208 7.4362736 -0.71485525
17.405437 8.3568764 -1.1957387
17.046406 9.2420225 -1.6939822
16.929152 6.1644039 -2.0293992
16.847345 7.0916209 -2.517556
16.935709 8.1413374 -3.0683239
17.151505 9.2991095 -3.6822691
17.436954 6.3524976 -3.9809499
18.09779 9.6681175 0.25077841
17.947136 6.4128985 -0.23481503
17.646526 7.3037825 -0.71251434
17.410284 8.2281313 -1.1925807
17.028696 9.0976667 -1.686643
16.911991 6.040885 -2.0228605
16.879326 6.9834733 -2.5158842
16.905474 7.9994736 -3.0538955
17.155792 9.1656742 -3.671046
17.412628 6.2228799 -3.9666038
18.090582 9.5220509 0.24986424
17.937477 6.2856011 -0.23417962
17.665871 7.185143 -0.71150178
17.421358 8.1029701 -1.1899111
17.039303 8.9693785 -1.6822109
16.93948 5.9337587 -2.0217555
16.856054 6.8530197 -2.5061007
16.906792 7.8734975 -3.0453491
17.160814 9.0334444 -3.6601908
17.414616 6.1033502 -3.9584508
18.101748 9.3865385 0.24921824
17.94166 6.1637239 -0.23373608
17.686441 7.0673475 -0.71057034
17.429335 7.9769683 -1.1870904
17.032806 8.8329144 -1.6761873
16.935577 5.8159738 -2.0169923
16.881172 6.7428274 -2.5036368
16.911852 7.7499366 -3.0376377
17.162172 8.9001045 -3.6487641
17.427601 5.9880877 -3.9529755
18.114153 9.2523842 0.24860275
17.915258 6.0320106 -0.23290555
17.669672 6.9352212 -0.70817363
17.436878 7.8513794 -1.1843007
17.06942 8.7194185 -1.6744937
16.938599 5.7010627 -2.0131483
16.824865 6.6009216 -2.4892323
16.897892 7.6184325 -3.0266771
17.163498 8.7675791 -3.6375396
17.418629 5.8657575 -3.9427028
18.119385 9.1153069 0.24790224
17.941328 5.9184728 -0.23276798
17.671606 6.8111439 -0.70656282
17.447168 7.7276058 -1.1817567
17.070633 8.5883741 -1.6694117
16.955231 5.5910769 -2.0110097
16.886492 6.5058222 -2.4923968
16.887518 7.4894152 -3.016531
17.132238 8.6194696 -3.6196375
17.404341 5.7422872 -3.9314194
18.100126 8.966877 0.24688135
17.965357 5.8044152 -0.23261327
17.690729 6.6941323 -0.70567179
17.462011 7.6063614 -1.1795787
17.095695 8.4699364 -1.6667488
16.960709 5.4777288 -2.0076351
16.888517 6.3878736 -2.4868639
16.891331 7.3674111 -3.0090802
17.147884 8.4958944 -3.6118612
17.397335 5.6218452 -3.9219708
18.1416 8.8492069 0.24670178
17.950912 5.6783438 -0.23197073
17.689087 6.5697174 -0.7039851
17.462145 7.4792809 -1.1764655
17.089842 8.3368282 -1.6611594
16.966318 5.3648038 -2.0043647
16.893705 6.2716208 -2.4819143
16.910877 7.2527604 -3.0045774
17.097101 8.3404713 -3.5903177
17.388287 5.5013185 -3.9122477
18.113432 8.698288 0.24558832
17.940519 5.554193 -0.23139167
17.691048 6.4472003 -0.70247543
17.468628 7.3555393 -1.1738394
17.103422 8.2139206 -1.6575491
16.97455 5.2530589 -2.0014918
16.884388 6.1505485 -2.4749544
16.922911 7.1353059 -2.9988806
17.129097 8.2263508 -3.586369
17.386505 5.3836198 -3.9043405
18.123909 8.5668688 0.24501304
17.959696 5.4395957 -0.23120417
17.691286 6.3245912 -0.70093083
17.469545 7.230051 -1.1708977
17.08967 8.0786476 -1.6513813
16.996729 5.1458588 -2.0003459
16.908657 6.0421319 -2.4730306
16.911154 7.00845 -2.9891202
17.131943 8.0987301 -3.5764933
17.38736 5.2671876 -3.8972013
18.143116 8.4401407 0.24456796
17.986635 5.3274884 -0.23112579
17.704082 6.2069178 -0.69991565
17.493973 7.1147509 -1.1695871
17.108679 7.9595666 -1.6484677
16.984287 5.0285344 -1.9952129
16.884762 5.9170151 -2.4641793
16.8946 6.8804278 -2.9786758
17.106855 7.958817 -3.5609939
17.371145 5.146121 -3.8864164
18.160723 8.3131685 0.2441131
17.961502 5.2003803 -0.23038845
17.684719 6.0785398 -0.69766247
17.461752 6.9770894 -1.1645486
17.116404 7.8357649 -1.6445482
16.984186 4.9153605 -1.9916204
16.89839 5.8056183 -2.460923
16.89126 6.758533 -2.9707193
17.106058 7.8311272 -3.5507584
17.384487 5.0342512 -3.8824174
18.143299 8.1709146 0.24320038
18.011511 5.0952892 -0.23062454
17.698412 5.9620743 -0.69674629
17.492804 6.8653293 -1.1637883
17.123465 7.7122631 -1.640649
16.996799 4.8061833 -1.989604
16.895678 5.6890221 -2.4553981
16.897867 6.6411867 -2.964659
17.107269 7.7050681 -3.5411296
17.353796 4.9101562 -3.868762
18.148451 8.0396595 0.24260361
18.003084 4.9738054 -0.23012154
17.715508 5.8470445 -0.69599384
17.497868 6.7437091 -1.1613503
17.140493 7.5937734 -1.6377853
17.001471 4.6950369 -1.9867412
16.883995 5.5699797 -2.4486873
16.886557 6.5174079 -2.9556024
17.140453 7.5938535 -3.5382867
17.364283 4.7982454 -3.8644631
18.18663 7.9234419 0.24245951
17.988995 4.8513074 -0.22955662
17.70915 5.7246895 -0.69435102
17.511959 6.6260171 -1.1595653
17.150764 7.4727731 -1.6343547
17.026648 4.5897369 -1.9863546
16.889561 5.4571347 -2.4445922
16.896343 6.4023471 -2.9503839
17.131193 7.4643421 -3.526854
17.355486 4.6813836 -3.85604
18.181379 7.7887716 0.24174783
17.988892 4.7330685 -0.22918038
17.696745 5.6009822 -0.69250405
17.501974 6.4997573 -1.1562415
17.138546 7.3426561 -1.6288664
17.018114 4.4756103 -1.9821181
16.89152 5.3435278 -2.440084
16.880421 6.2781386 -2.9408214
17.125601 7.3372064 -3.5163679
17.353018 4.5666819 -3.8491936
18.175898 7.6547742 0.24104585
18.005064 4.6193857 -0.229021
17.71743 5.4881568 -0.69198263
17.518293 6.3837781 -1.1547102
17.158314 7.2268434 -1.6265
17.016033 4.3636112 -1.9787199
16.878922 5.2258291 -2.4335861
16.909416 6.1710839 -2.9392209
17.121447 7.2114115 -3.5063634
17.350431 4.4523492 -3.8424876
18.179136 7.5251455 0.24047191
18.015314 4.5043826 -0.22879551
17.705198 5.365531 -0.69020611
17.49926 6.2554798 -1.1509038
17.157419 7.1028314 -1.6222533
17.041609 4.2589011 -1.9786179
16.898182 5.118382 -2.4317894
16.898035 6.0496964 -2.9307349
17.117163 7.0862632 -3.496516
17.340036 4.3364553 -3.8342202
18.188469 7.398612 0.23999035
18.009958 4.3858061 -0.2283814
17.718096 5.250957 -0.68943989
17.50555 6.1368532 -1.1488193
17.171316 6.9854774 -1.6194839
17.062551 4.1530704 -1.9780535
16.898378 5.0054493 -2.4273517
16.927526 5.9433312 -2.9294701
17.114229 6.9623494 -3.4871242
17.317068 4.2179813 -3.8233469
18.184477 7.2672687 0.23934478
17.998699 4.2662497 -0.22790241
17.727535 5.1356392 -0.688568
17.540096 6.0283709 -1.1486373
17.135538 6.8486834 -1.612116
17.072727 4.0447483 -1.9763188
16.89119 4.8907866 -2.421963
16.914984 5.8225932 -2.921061
17.101259 6.8350778 -3.4758704
17.330893 4.1088653 -3.8207607
18.201784 7.144978 0.23899105
18.035568 4.1582742 -0.22804184
17.742142 5.0220776 -0.68792546
17.532427 5.9057007 -1.1457404
17.166145 6.7390575 -1.6110748
17.036684 3.9259648 -1.9693207
16.898329 4.7806721 -2.4187348
16.909435 5.7048774 -2.9140031
17.098465 6.7125821 -3.4668655
17.309828 3.9918511 -3.8106456
18.189768 7.0117602 0.23826385
18.033754 4.0414834 -0.22770108
17.741976 4.9046478 -0.68673921
17.535923 5.7873168 -1.1436267
17.193623 6.6283779 -1.6098063
17.069344 3.8233478 -1.970347
16.915104 4.6735139 -2.416986
16.920347 5.5931563 -2.9099145
17.075697 6.5830097 -3.453994
17.30127 3.8782289 -3.8034511
18.217266 6.8942714 0.23806545
18.033466 3.9253678 -0.22738904
17.737988 4.7865853 -0.68543506
17.508169 5.6592674 -1.1395308
17.213846 6.5151377 -1.6079264
17.075745 3.7148988 -1.9684175
16.916222 4.5622907 -2.4131002
16.925917 5.4800253 -2.9050345
17.092854 6.4694381 -3.4493699
17.317917 3.7705116 -3.8019528
18.220163 6.7678533 0.23755614
18.011908 3.8050718 -0.22681853
17.763388 4.6766992 -0.68529481
17.534569 5.549202 -1.1390113
17.193277 6.387022 -1.6023142
17.077778 3.6057384 -1.9660646
16.922443 4.4527631 -2.4100447
16.940809 5.3702292 -2.9018807
17.118382 6.359293 -3.4465821
17.298546 3.655267 -3.7927048
18.181643 6.6268787 0.23651931
18.023939 3.6922326 -0.2266805
17.730724 4.5519509 -0.68294436
17.532862 5.4305348 -1.1367145
17.207596 6.2724586 -1.6000317
17.046265 3.4899676 -1.9599345
16.921003 4.341548 -2.4060006
16.924429 5.2509742 -2.893501
17.114719 6.2386966 -3.4380729
17.324942 3.5499361 -3.7936447
18.199501 6.5071621 0.23622777
18.029251 3.5781958 -0.22646691
17.757076 4.44276 -0.68289649
17.559305 5.3208685 -1.1362908
17.236116 6.1633077 -1.5991369
17.067459 3.3853283 -1.959946
16.905607 4.2272096 -2.4000781
16.930639 5.1392307 -2.8891172
17.109852 6.1182508 -3.4294891
17.295902 3.4335415 -3.7826016
18.238909 6.395308 0.23622549
18.07585 3.4723017 -0.22678033
17.7351 4.3218036 -0.68101853
17.530876 5.1950254 -1.132367
17.243801 6.0469804 -1.5963774
17.050959 3.2734466 -1.9557078
16.913147 4.1189957 -2.3975148
16.906738 5.0188885 -2.8797293
17.102833 5.9976387 -3.4206412
17.281893 3.3206737 -3.7750106
18.213408 6.2611375 0.23539317
18.055704 3.3536892 -0.22626518
17.746721 4.2094483 -0.68046027
17.529234 5.0777459 -1.1302272
17.229553 5.9235177 -1.5916637
17.08172 3.1708035 -1.9569676
16.939453 4.0154614 -2.3977063
16.924301 4.9113088 -2.8775337
17.09791 5.8783498 -3.4123778
17.305677 3.2152653 -3.7758255
18.206724 6.1341844 0.23481591
18.038576 3.2361345 -0.22579741
17.753929 4.0962577 -0.67976004
17.551756 4.9677429 -1.1296927
17.210508 5.7991323 -1.5865871
17.093035 3.0645304 -1.9560728
16.935802 3.9049978 -2.3937528
16.926394 4.7995095 -2.8728282
17.061817 5.7491221 -3.3980706
17.286623 3.1021178 -3.7674441
18.222034 6.0150967 0.23453294
18.046017 3.1233013 -0.22564644
17.766985 3.9846106 -0.6793111
17.551247 4.8514791 -1.1277226
17.256802 5.6970639 -1.5876024
17.088202 2.9555595 -1.9534078
16.941227 3.7969253 -2.3911817
16.913349 4.6838813 -2.8656824
17.085274 5.6405282 -3.3957853
17.274439 2.9906421 -3.7607183
18.077789 3.0146732 -0.22580816
17.781393 3.8734047 -0.67894036
17.571381 4.7411847 -1.1271257
17.261608 5.5814281 -1.5848641
17.075613 2.8455863 -1.9499359
16.923323 3.6840043 -2.3854187
16.911974 4.571959 -2.8606422
17.084684 5.5243111 -3.3888667
17.286478 2.8835936 -3.7594166
18.079971 2.90113 -0.2256088
17.761999 3.7551734 -0.67730737
17.560987 4.622972 -1.1246184
17.263554 5.4652848 -1.581934
17.114378 2.7442262 -1.9524031
16.916924 3.5740354 -2.3813808
16.927731 4.4649434 -2.8586195
17.08342 5.4083486 -3.3819697
17.282707 2.7740786 -3.7548242
18.072918 2.7863593 -0.22530322
17.783342 3.6458373 -0.67725539
17.580891 4.5130453 -1.1240984
17.255505 5.3464708 -1.5781605
17.124113 2.6381183 -1.9516302
16.956169 3.4737809 -2.3838601
16.930603 4.3547673 -2.8545384
17.085962 5.2940297 -3.3759789
17.285997 2.6659141 -3.7519145
18.06703 2.6720643 -0.2250212
17.739038 3.5234756 -0.67473215
17.571039 4.3957763 -1.1217228
17.268255 5.2345114 -1.5763593
17.120541 2.5301244 -1.9494171
16.941929 3.3626802 -2.3789127
16.926762 4.2432199 -2.8494473
17.079952 5.1775212 -3.3684506
17.278549 2.5563252 -3.7468226
18.106405 2.5644596 -0.22531138
17.815271 3.4251289 -0.67681962
17.5686 4.2807941 -1.1198692
17.303221 5.1293974 -1.5766482
17.104725 2.4206374 -1.9458883
16.936787 3.2537727 -2.3753421
16.927378 4.1331501 -2.845228
17.072224 5.0610089 -3.3607388
17.274487 2.4475057 -3.7426145
18.080526 2.4477253 -0.22479822
17.781147 3.3055632 -0.6747399
17.582458 4.1700506 -1.1191005
17.297249 5.0123739 -1.5732721
17.122667 2.3161008 -1.9462762
16.965443 3.151463 -2.3766046
16.940582 4.0263944 -2.8432415
17.06348 4.9447217 -3.3529816
17.255112 2.3368516 -3.73524
18.095102 2.336726 -0.22479694
17.773876 3.1915107 -0.6737082
17.571527 4.0537395 -1.1168005
17.286354 4.8944445 -1.5695199
17.135626 2.2108746 -1.9461704
16.938253 3.0390158 -2.3701389
16.948359 3.9185328 -2.8404574
17.081087 4.8364139 -3.3505468
17.267521 2.230725 -3.7348931
18.134987 2.2288339 -0.22511829
17.798246 3.0832791 -0.67390215
17.59717 3.9460931 -1.1168704
17.296904 4.7829885 -1.5677838
17.125269 2.1027927 -1.9434922
16.926556 2.9298298 -2.365942
16.938871 3.8070014 -2.8348992
17.081448 4.7234983 -3.3448696
17.270912 2.1235058 -3.732738
18.106237 2.1126075 -0.22459626
17.785583 2.9687977 -0.67272031
17.594118 3.8321784 -1.1151632
17.304991 4.6711164 -1.5658895
17.136452 1.9975116 -1.9433337
16.944761 2.8260067 -2.3660183
16.941471 3.6985326 -2.8314831
17.069878 4.6077399 -3.3370049
17.273746 2.0163412 -3.7306063
18.126894 2.0023575 -0.22469586
17.779356 2.8557389 -0.67180926
17.595135 3.719465 -1.1137602
17.305788 4.5575943 -1.5634015
17.15185 1.892709 -1.9437264
16.947195 2.7196412 -2.3639834
16.953421 3.5923028 -2.8297427
17.070534 4.4957256 -3.3316777
17.260132 1.9074777 -3.7250679
18.105 1.8875673 -0.22427666
17.814528 2.7493689 -0.67248821
17.589649 3.6056983 -1.1119915
17.307722 4.4447207 -1.5610832
17.178928 1.789076 -1.9455142
16.957504 2.6146698 -2.3631392
16.959948 3.4850883 -2.8272097
17.079128 4.3861036 -3.3280394
17.270195 1.8013982 -3.7247844
18.125591 1.7773583 -0.22439243
17.816277 2.6378205 -0.67193055
17.592812 3.4940021 -1.1108152
17.314524 4.3333969 -1.5592688
17.155281 1.6802744 -1.941632
16.9464 2.506603 -2.3594041
16.965969 3.3779633 -2.8247051
17.070467 4.2724028 -3.3211811
17.278467 1.6951554 -3.7242551
18.102907 1.663054 -0.22398105
17.814165 2.5259049 -0.67125374
17.613571 3.3859222 -1.1107932
17.297899 4.2166209 -1.5554124
17.168377 1.5752652 -1.9419836
16.967709 2.4034593 -2.3602729
16.932178 3.2633529 -2.8156924
17.040504 4.153964 -3.3103304
17.272142 1.5875974 -3.7207222
18.118795 1.5524615 -0.22405554
17.80509 2.4132667 -0.67034119
17.603863 3.2721791 -1.108894
17.307602 4.1066442 -1.5539899
17.185251 1.4705371 -1.9428352
16.970905 2.2977819 -2.358712
16.939983 3.1571796 -2.8137157
17.050241 4.0456657 -3.307337
17.278557 1.4813302 -3.7200756
18.124962 1.4410175 -0.22401825
17.805901 2.3022046 -0.66982728
17.609858 3.161633 -1.1080287
17.33392 4.0007033 -1.5541195
17.174994 1.3635576 -1.940693
16.960466 2.190479 -2.3553486
16.93886 3.0495462 -2.8103683
17.05806 3.9371204 -3.3041053
17.276791 1.3744451 -3.7178094
18.1332 1.3297585 -0.224015
17.808926 2.1915815 -0.66942263
17.646019 3.0564823 -1.109103
17.333717 3.8887892 -1.5519327
17.202332 1.2595607 -1.9428722
16.948397 2.0832739 -2.3518529
16.95261 2.9447472 -2.8095987
17.067131 3.8290672 -3.3012493
17.283875 1.2683358 -3.7175894
18.132902 1.2179252 -0.22391479
17.821592 2.0822148 -0.66940588
17.619749 2.9406919 -1.1062969
17.327551 3.7758863 -1.5492773
17.165527 1.1510212 -1.9378815
16.974592 1.9808435 -2.3537571
16.959883 2.8389189 -2.8078642
17.071205 3.7201109 -3.2975597
17.283598 1.1617403 -3.7159264
18.132341 1.1061716 -0.22381985
17.797785 1.9688144 -0.66804522
17.623127 2.8302217 -1.1053978
17.347797 3.668946 -1.5490452
17.176855 1.0459532 -1.9383992
16.947906 1.8723967 -2.3484194
16.957254 2.7316234 -2.8046012
17.080143 3.6124251 -3.2949429
17.282619 1.0551932 -3.7142541
18.128834 0.99434686 -0.22369702
17.825874 1.8612789 -0.66865832
17.628365 2.7202146 -1.1046586
17.354073 3.5591705 -1.5476266
17.206966 0.94185299 -1.9411087
16.958067 1.7682657 -2.3482797
16.954645 2.6245754 -2.8014536
17.077066 3.502444 -3.2901418
17.274361 0.94833815 -3.711159
18.145987 0.88364643 -0.22383754
17.834421 1.7516171 -0.66856319
17.624178 2.6089563 -1.1033722
17.377331 3.4529679 -1.5477819
17.171972 0.83429003 -1.9365468
16.964928 1.6638199 -2.3477721
16.974287 2.5210671 -2.8020904
17.062235 3.3904412 -3.2832139
17.288078 0.84272766 -3.7129247
18.179796 0.77351052 -0.22419183
17.860695 1.6436137 -0.66915745
17.64653 2.5017138 -1.1037898
17.352499 3.3374891 -1.5437173
17.180561 0.72907013 -1.9369746
16.96586 1.5588707 -2.3465331
16.953514 2.4117568 -2.7961655
17.061899 3.2816815 -3.279213
17.292665 0.73662317 -3.7128696
18.154995 0.66088367 -0.22383179
17.827003 1.5302627 -0.66753083
17.643545 2.39095 -1.1026647
17.377771 3.2319059 -1.5441722
17.229717 0.62527174 -1.9420475
16.971157 1.4544026 -2.3459873
16.981451 2.3095171 -2.798383
17.038994 3.1689844 -3.2710116
17.282558 0.62998217 -3.7097995
18.149693 0.54920149 -0.22372064
17.832472 1.4205639 -0.66739672
17.657452 2.2825902 -1.1026378
17.378988 3.121932 -1.5425491
17.225075 0.5192945 -1.9411284
16.990768 1.3511173 -2.347508
16.969963 2.2019894 -2.7942109
17.07188 3.066848 -3.2736511
17.251638 0.5228821 -3.7024043
18.180412 0.43849456 -0.22406194
17.875065 1.3136334 -0.6686765
17.634457 2.1696916 -1.1003497
17.372066 3.0107746 -1.540266
17.199238 0.41290468 -1.9378948
16.994083 1.2464969 -2.3468652
16.965107 2.0955932 -2.7912419
17.065123 2.9576626 -3.2688138
17.279917 0.41763198 -3.7078533
18.159006 0.32650629 -0.22376922
17.871658 1.2031801 -0.66826034
17.663876 2.0633678 -1.1013747
17.389204 2.9039569 -1.5401765
17.222109 0.30773357 -1.9402227
16.975761 1.1404766 -2.3433242
16.975939 1.9912572 -2.790961
17.048889 2.8472087 -3.2622962
17.298288 0.31188741 -3.7113149
18.17708 0.21527295 -0.22397141
17.863377 1.0925615 -0.66768742
17.621763 1.9489245 -1.0979825
17.381655 2.79318 -1.537961
17.222647 0.20204283 -1.9401067
16.989529 1.0367262 -2.3443022
16.986588 1.8869188 -2.7907555
17.057333 2.7411461 -3.2606318
17.278149 0.20548278 -3.7066531
18.188974 0.10379872 -0.22410592
17.868917 0.9828878 -0.66765654
17.692646 1.8469487 -1.1016724
17.412306 2.6886125 -1.5391843
17.226622 0.09637998 -1.9404516
16.988476 0.93207163 -2.3433237
16.976748 1.7804427 -2.7872918
17.073761 2.6364219 -3.2606187
17.281425 0.099475689 -3.7071557
18.197502 -0.0078122178 -0.22420736
17.867517 0.872881 -0.66739148
17.65856 1.7339269 -1.0988667
17.413626 2.5795226 -1.537873
17.251469 -0.0093357088 -1.9432201
16.995396 0.82788891 -2.3435335
16.978069 1.6753258 -2.7857685
17.047098 2.5253112 -3.2525065
17.287451 -0.0065652002 -3.7083874
18.185112 -0.11939108 -0.22405951
17.866934 0.76299226 -0.66718233
17.665295 1.6252146 -1.0986445
17.394133 2.4676616 -1.5347853
17.22714 -0.11502866 -1.9405227
16.989969 0.723158 -2.3421292
16.991415 1.571432 -2.7863235
17.056999 2.4199164 -3.2515013
17.268286 -0.11251639 -3.7043545
18.200979 -0.23118578 -0.22426827
17.877331 0.6535697 -0.66740817
17.655272 1.5151047 -1.0974225
17.392317 2.3586314 -1.5333192
17.237854 -0.22088073 -1.9418457
17.005381 0.61930716 -2.3436861
16.971247 1.4646001 -2.7814903
17.072701 2.3153706 -3.251725
17.286386 -0.21871236 -3.7084558
18.177711 -0.34245536 -0.22400323
17.886108 0.54401946 -0.66759872
17.642698 1.4050301 -1.0960844
17.441038 2.2563426 -1.5363652
17.249481 -0.32689822 -1.9433448
16.992449 0.51445556 -2.3414245
16.982185 1.360621 -2.7818625
17.055136 2.2065017 -3.2457395
17.269707 -0.32449344 -3.7052345
18.200254 -0.45460936 -0.22431117
17.879938 0.43403944 -0.66725647
17.663557 1.2976736 -1.0968649
17.433916 2.1467428 -1.5345484
17.246929 -0.4327274 -1.9433202
16.986002 0.40995809 -2.3401453
16.980545 1.2556794 -2.7802789
17.044504 2.098875 -3.2412045
17.281446 -0.43080267 -3.7108068
18.20978 -0.5666694 -0.22446723
17.895102 0.3245548 -0.6677354
17.671589 1.1892947 -1.0968897
17.40737 2.0351248 -1.5310838
17.273403 -0.53946429 -1.9466393
17.006731 0.30605978 -2.3426983
16.968124 1.1501226 -2.7770381
17.059614 1.9945511 -3.2416894
17.292067 -0.53725374 -3.7137256
18.195139 -0.67798859 -0.22433378
17.893988 0.21471325 -0.66763216
17.665648 1.0800524 -1.096089
17.4135 1.9276096 -1.5305539
17.243925 -0.64447588 -1.9437264
17.008768 0.20170835 -2.3427644
16.994711 1.0472097 -2.7802851
17.064236 1.8890299 -3.2403038
17.278765 -0.64298546 -3.7116458
18.225485 -0.79113185 -0.22476356
17.904997 0.10497252 -0.66800624
17.680885 0.9721294 -1.0966437
17.405724 1.8187119 -1.5288608
17.248083 -0.75063765 -1.9446775
17.004417 0.097310551 -2.3420389
16.973009 0.94137007 -2.7757373
17.071754 1.7838982 -3.2395921
17.279072 -0.74919236 -3.7126296
18.20575 -0.90222597 -0.22458422
17.92778 -0.0048985928 -0.66884482
17.681726 0.86338913 -1.0963466
17.436293 1.7138181 -1.5305934
17.262676 -0.85742551 -1.9468793
17.014082 -0.007032305 -2.3433318
17.015789 0.83904839 -2.7818394
17.049643 1.6758966 -3.2333839
17.293169 -0.85614228 -3.716717
18.2393 -1.016114 -0.22507077
17.930384 -0.11492033 -0.66895562
17.696066 0.75527996 -1.0969278
17.456589 1.6077297 -1.5314802
17.252071 -0.96305102 -1.9463133
17.00955 -0.11140132 -2.3427575
16.992054 0.73339283 -2.7771709
17.075464 1.5727111 -3.2363896
17.302145 -0.96304518 -3.7198462
18.205658 -1.1263348 -0.22473671
17.927029 -0.22490795 -0.66886938
17.702366 0.64675778 -1.0970516
17.452515 1.4994184 -1.5302868
17.25399 -1.0693948 -1.9472332
16.997154 -0.21562335 -2.3411884
16.993351 0.62901098 -2.7767
17.060066 1.465784 -3.2317061
17.284508 -1.0684862 -3.7173944
18.215445 -1.2391806 -0.22494711
17.913166 -0.33467498 -0.6684162
17.691917 0.53769791 -1.096179
17.46603 1.3926739 -1.5306937
17.280964 -1.1775506 -1.9510561
17.023146 -0.32043201 -2.3449953
16.982012 0.52427059 -2.7742691
17.05356 1.3598675 -3.228832
17.334038 -1.1783568 -3.7295315
